wavelength,intensity
341.572,15.39762863
341.764021,15.39762863
341.956042,15.39762863
342.148063,3.24481945
342.3400839,6.561007903
342.5321049,32.69235292
342.7241259,49.77170665
342.9161469,13.35462393
343.1081679,-47.32541331
343.3001889,-39.81128208
343.4922099,-15.81175827
343.6842309,-14.81608409
343.8762518,-16.06874898
344.0682728,20.48640548
344.2602938,-27.08510087
344.4523148,48.27521892
344.6443358,45.9150439
344.8363568,-4.968223314
345.0283778,-25.56206928
345.2203987,-12.7423144
345.4124197,-37.30302558
345.6044407,1.943688474
345.7964617,32.6774893
345.9884827,25.25835836
346.1805037,41.13400105
346.3725247,62.24457932
346.5645457,73.14314294
346.7565666,95.0977211
346.9485876,83.95770218
347.1406086,23.88932882
347.3326296,37.86994946
347.5246506,19.1916768
347.7166716,26.63874633
347.9086926,57.68194985
348.1007135,3.20073588
348.2927345,134.6643721
348.4847555,65.47223404
348.6767765,42.388224
348.8687975,45.48974182
349.0608185,43.17935796
349.2528395,32.71766692
349.4448605,39.13405152
349.6368814,52.01659678
349.8289024,45.60836183
350.0209234,58.58518563
350.2129444,99.65691839
350.4049654,116.8657583
350.5969864,85.07568972
350.7890074,48.35639475
350.9810283,71.56319578
351.1730493,86.31840466
351.3650703,5.984587124
351.5570913,-14.64171164
351.7491123,41.52861919
351.9411333,91.2935196
352.1331543,55.31873815
352.3251753,50.54774518
352.5171962,79.17159743
352.7092172,99.40843514
352.9012382,102.608425
353.0932592,99.06342831
353.2852802,90.57053007
353.4773012,79.32148953
353.6693222,128.7333928
353.8613431,75.3148079
354.0533641,95.87542473
354.2453851,43.20884212
354.4374061,24.6006438
354.6294271,80.27260948
354.8214481,113.9784546
355.0134691,110.4847291
355.2054901,44.14368531
355.397511,70.18021654
355.589532,125.4537284
355.781553,134.4862997
355.973574,137.3369574
356.165595,197.2053038
356.357616,164.3110473
356.549637,169.2432532
356.7416579,262.3521287
356.9336789,321.5482765
357.1256999,350.9828263
357.3177209,361.7770948
357.5097419,368.7605771
357.7017629,427.1696091
357.8937839,468.1732488
358.0858049,525.0563962
358.2778258,612.4920357
358.4698468,661.3607531
358.6618678,654.197181
358.8538888,640.9582968
359.0459098,694.044592
359.2379308,721.5674283
359.4299518,717.0195367
359.6219727,767.0169733
359.8139937,834.6581584
360.0060147,864.8974385
360.1980357,882.5695337
360.3900567,989.3371012
360.5820777,1041.065013
360.7740987,1026.515376
360.9661197,1088.650485
361.1581406,1171.350707
361.3501616,1215.266689
361.5421826,1227.324449
361.7342036,1258.760671
361.9262246,1257.14387
362.1182456,1380.738913
362.3102666,1439.952174
362.5022875,1476.964583
362.6943085,1550.465406
362.8863295,1607.552268
363.0783505,1586.306573
363.2703715,1685.397693
363.4623925,1708.214787
363.6544135,1748.821852
363.8464345,1842.027562
364.0384554,1956.067431
364.2304764,2009.453761
364.4224974,1992.315557
364.6145184,2051.608104
364.8065394,1983.683357
364.9985604,1883.3309
365.1905814,1895.98624
365.3826023,1860.668931
365.5746233,1767.592325
365.7666443,1672.843688
365.9586653,1567.332052
366.1506863,1457.717168
366.3427073,1255.549787
366.5347283,1014.038966
366.7267493,746.3301055
366.9187702,529.3825386
367.1107912,401.2200203
367.3028122,321.7950512
367.4948332,240.8504847
367.6868542,288.8908969
367.8788752,286.1869143
368.0708962,181.5266561
368.2629171,136.6689914
368.4549381,174.563842
368.6469591,187.8771295
368.8389801,147.7971961
369.0310011,166.7152908
369.2230221,151.7216092
369.4150431,161.4326773
369.6070641,142.2515493
369.799085,116.5391084
369.991106,124.216719
370.183127,153.8529167
370.375148,191.5333962
370.567169,148.4530204
370.75919,96.50641217
370.951211,139.0420015
371.1432319,203.0937427
371.3352529,180.0708333
371.5272739,99.3224976
371.7192949,246.8120271
371.9113159,151.9443894
372.1033369,89.37535171
372.2953579,175.9182344
372.4873788,224.4931109
372.6793998,206.3655238
372.8714208,185.50472
373.0634418,130.0058886
373.2554628,105.2454992
373.4474838,235.7702242
373.6395048,180.3671727
373.8315258,180.5307227
374.0235467,218.4646023
374.2155677,195.9733952
374.4075887,121.7082818
374.5996097,131.0487385
374.7916307,216.6109145
374.9836517,170.3486896
375.1756727,151.9939772
375.3676936,159.1624719
375.5597146,166.2688833
375.7517356,177.3540588
375.9437566,212.9888888
376.1357776,188.2755015
376.3277986,187.5381448
376.5198196,168.3875666
376.7118406,139.9067965
376.9038615,193.9595829
377.0958825,257.8763298
377.2879035,170.2510469
377.4799245,234.297022
377.6719455,210.9351087
377.8639665,183.6086157
378.0559875,188.9408133
378.2480084,219.001136
378.4400294,222.674405
378.6320504,186.596053
378.8240714,193.7695915
379.0160924,245.2018586
379.2081134,224.2448201
379.4001344,192.5601432
379.5921554,177.7960272
379.7841763,192.1086755
379.9761973,211.4681481
380.1682183,205.4526053
380.3602393,215.0015788
380.5522603,208.8296976
380.7442813,272.7078645
380.9363023,242.8546272
381.1283232,195.0842536
381.3203442,209.8520922
381.5123652,250.1732944
381.7043862,202.3240396
381.8964072,276.511633
382.0884282,234.157831
382.2804492,144.5637488
382.4724702,183.3942172
382.6644911,253.7377414
382.8565121,226.8215393
383.0485331,164.2856391
383.2405541,350.1372887
383.4325751,248.5032006
383.6245961,270.5394501
383.8166171,300.6372618
384.008638,253.6725996
384.200659,211.9634576
384.39268,237.1810186
384.584701,264.7837401
384.776722,247.1647758
384.968743,282.4330395
385.160764,275.4578217
385.352785,244.0338977
385.5448059,234.5735528
385.7368269,238.5242274
385.9288479,234.0879126
386.1208689,246.9320127
386.3128899,285.4488653
386.5049109,251.9769504
386.6969319,234.4647708
386.8889528,247.9418903
387.0809738,227.470328
387.2729948,195.1407265
387.4650158,230.5431647
387.6570368,301.8011048
387.8490578,269.8039521
388.0410788,326.7843979
388.2330998,274.7699539
388.4251207,243.7796506
388.6171417,290.8941672
388.8091627,332.3204847
389.0011837,262.3735733
389.1932047,200.8583328
389.3852257,194.0287073
389.5772467,326.7127761
389.7692676,306.1162344
389.9612886,278.3550882
390.1533096,290.764812
390.3453306,297.593724
390.5373516,288.1471482
390.7293726,304.4034213
390.9213936,270.3416511
391.1134146,341.047189
391.3054355,294.2494315
391.4974565,277.6482071
391.6894775,304.366675
391.8814985,300.5150538
392.0735195,307.843684
392.2655405,296.9436216
392.4575615,270.0034918
392.6495824,283.0348713
392.8416034,309.1709252
393.0336244,322.2119077
393.2256454,300.4826079
393.4176664,259.3878647
393.6096874,268.3431906
393.8017084,324.8368447
393.9937294,382.5124573
394.1857503,393.4158849
394.3777713,348.161142
394.5697923,313.6102387
394.7618133,307.1129825
394.9538343,305.7366733
395.1458553,339.9981409
395.3378763,313.1404104
395.5298972,327.7237428
395.7219182,309.7513186
395.9139392,297.5388696
396.1059602,353.866261
396.2979812,384.6275978
396.4900022,309.4239137
396.6820232,413.9851425
396.8740442,364.4646393
397.0660651,425.6993048
397.2580861,454.4276465
397.4501071,483.5827754
397.6421281,528.2121992
397.8341491,557.5074587
398.0261701,568.20778
398.2181911,680.9527484
398.410212,683.422116
398.602233,779.4577546
398.794254,804.9893591
398.986275,842.2636365
399.178296,860.8371819
399.370317,865.9542172
399.562338,926.5231982
399.754359,967.6623434
399.9463799,944.4790017
400.1384009,983.5560848
400.3304219,1040.028483
400.5224429,1031.265589
400.7144639,1060.404088
400.9064849,1181.388156
401.0985059,1281.277388
401.2905268,1250.143942
401.4825478,1323.495977
401.6745688,1364.838681
401.8665898,1368.021425
402.0586108,1334.253206
402.2506318,1385.169906
402.4426528,1513.113711
402.6346738,1577.416628
402.8266947,1618.806034
403.0187157,1594.079028
403.2107367,1637.431603
403.4027577,1747.07524
403.5947787,1758.540129
403.7867997,1775.826657
403.9788207,1849.862749
404.1708416,1879.320561
404.3628626,1872.766501
404.5548836,1999.671623
404.7469046,2165.648265
404.9389256,2166.490477
405.1309466,2062.079436
405.3229676,2059.279548
405.5149886,2194.179456
405.7070095,2292.758106
405.8990305,2225.546314
406.0910515,2123.649221
406.2830725,2051.186972
406.4750935,2051.420025
406.6671145,1949.002085
406.8591355,1789.65602
407.0511564,1631.094488
407.2431774,1475.324886
407.4351984,1326.215968
407.6272194,1082.124454
407.8192404,851.8895099
408.0112614,737.370823
408.2032824,612.0461602
408.3953034,543.4982834
408.5873243,507.7499132
408.7793453,449.8395231
408.9713663,440.6750275
409.1633873,458.579382
409.3554083,444.293865
409.5474293,487.9595687
409.7394503,527.411165
409.9314712,489.4533007
410.1234922,408.8730616
410.3155132,388.8980067
410.5075342,474.4237821
410.6995552,530.85512
410.8915762,482.4810943
411.0835972,393.6518054
411.2756182,423.9368684
411.4676391,449.3722047
411.6596601,428.62043
411.8516811,413.4784536
412.0437021,435.1531834
412.2357231,414.9599372
412.4277441,436.217001
412.6197651,390.3826887
412.811786,455.3371741
413.003807,504.5360493
413.195828,491.3462042
413.387849,456.1467353
413.57987,449.8427298
413.771891,457.1720604
413.963912,401.8815884
414.155933,438.5670217
414.3479539,450.8838999
414.5399749,492.2948897
414.7319959,500.030181
414.9240169,467.0532482
415.1160379,465.3842139
415.3080589,539.5149582
415.5000799,554.5066865
415.6921008,503.9915908
415.8841218,466.0946754
416.0761428,485.9517812
416.2681638,500.3030359
416.4601848,494.2805311
416.6522058,485.2434531
416.8442268,487.050437
417.0362478,521.0588528
417.2282687,558.0074696
417.4202897,539.0330637
417.6123107,511.4385879
417.8043317,538.1196933
417.9963527,556.7433272
418.1883737,546.0607751
418.3803947,547.8100111
418.5724156,561.7680058
418.7644366,544.0867113
418.9564576,616.169498
419.1484786,467.5485714
419.3404996,493.1563482
419.5325206,493.2616689
419.7245416,475.4959169
419.9165626,536.6432185
420.1085835,586.3202878
420.3006045,562.2648655
420.4926255,577.5756214
420.6846465,596.2862915
420.8766675,513.129319
421.0686885,562.2017832
421.2607095,586.2131372
421.4527304,504.527968
421.6447514,466.1341743
421.8367724,533.6296457
422.0287934,489.7627625
422.2208144,490.0473216
422.4128354,554.9581933
422.6048564,556.908847
422.7968774,538.3488897
422.9888983,490.6949877
423.1809193,453.5480285
423.3729403,524.4584862
423.5649613,551.7571868
423.7569823,570.5229703
423.9490033,504.6252999
424.1410243,512.8828004
424.3330452,459.27946
424.5250662,470.2329185
424.7170872,541.9120974
424.9091082,558.9455777
425.1011292,572.67215
425.2931502,511.0455939
425.4851712,483.3446457
425.6771922,524.1381613
425.8692131,605.6558621
426.0612341,616.3226637
426.2532551,569.4432829
426.4452761,546.5547051
426.6372971,583.9291521
426.8293181,639.4576715
427.0213391,654.6576313
427.21336,558.2223326
427.405381,574.621149
427.597402,607.4779245
427.789423,608.2194475
427.981444,629.7631322
428.173465,658.6979015
428.365486,595.4349237
428.557507,646.1846462
428.7495279,691.1250138
428.9415489,819.3087029
429.1335699,965.6120472
429.3255909,1081.059377
429.5176119,1151.642619
429.7096329,1250.832035
429.9016539,1465.429072
430.0936748,1762.582424
430.2856958,2009.149936
430.4777168,2229.434898
430.6697378,2407.198198
430.8617588,2498.444186
431.0537798,2580.348434
431.2458008,2721.22159
431.4378217,2844.560345
431.6298427,2876.088038
431.8218637,2992.918549
432.0138847,3017.592683
432.2059057,3008.632358
432.3979267,3145.713016
432.5899477,3277.146614
432.7819687,3395.219223
432.9739896,3604.135931
433.1660106,3868.938924
433.3580316,4012.358298
433.5500526,4088.337133
433.7420736,4183.52117
433.9340946,4362.550594
434.1261156,4264.503041
434.3181365,4391.011884
434.5101575,4700.230847
434.7021785,4935.30007
434.8941995,4993.6736
435.0862205,5004.241327
435.2782415,5074.346658
435.4702625,5357.684911
435.6622835,5666.797732
435.8543044,5683.677834
436.0463254,5887.646263
436.2383464,6069.15906
436.4303674,6160.054606
436.6223884,6440.212248
436.8144094,6888.9693
437.0064304,6461.809158
437.1984513,6696.649054
437.3904723,6862.520008
437.5824933,7084.673745
437.7745143,7050.664958
437.9665353,7055.355332
438.1585563,7037.604656
438.3505773,6849.411657
438.5425983,6706.490966
438.7346192,6059.699048
438.9266402,5217.780304
439.1186612,4741.637377
439.3106822,4416.895901
439.5027032,4005.540295
439.6947242,3541.456247
439.8867452,2924.388329
440.0787661,2069.304244
440.2707871,1255.297018
440.4628081,846.1997724
440.6548291,832.8989593
440.8468501,713.1245133
441.0388711,687.2182842
441.2308921,670.5614262
441.4229131,645.076471
441.614934,610.2353912
441.806955,619.5778601
441.998976,714.2973942
442.190997,586.454244
442.383018,680.3456653
442.575039,673.209348
442.76706,625.800435
442.9590809,620.9893594
443.1511019,625.3376817
443.3431229,639.6326151
443.5351439,655.3512321
443.7271649,620.273325
443.9191859,631.9888424
444.1112069,692.1315787
444.3032279,614.7679423
444.4952488,592.8130177
444.6872698,617.3432089
444.8792908,688.4049467
445.0713118,708.9686469
445.2633328,654.0294188
445.4553538,648.3272841
445.6473748,696.957339
445.8393957,604.8543878
446.0314167,580.6543717
446.2234377,660.3890615
446.4154587,564.4144044
446.6074797,559.8675683
446.7995007,620.9871714
446.9915217,615.3748389
447.1835427,592.1200348
447.3755636,591.9707689
447.5675846,595.4001937
447.7596056,618.5034046
447.9516266,632.131088
448.1436476,614.5983359
448.3356686,597.4899439
448.5276896,593.5707144
448.7197105,608.6666596
448.9117315,636.6261112
449.1037525,649.338848
449.2957735,682.1129058
449.4877945,617.958045
449.6798155,630.8318006
449.8718365,612.4512827
450.0638575,626.2517527
450.2558784,668.5075104
450.4478994,643.7055422
450.6399204,588.5107099
450.8319414,666.9196635
451.0239624,633.3706847
451.2159834,668.9044421
451.4080044,653.5566414
451.6000253,648.3158022
451.7920463,631.5817689
451.9840673,629.6779731
452.1760883,662.5267085
452.3681093,712.0538655
452.5601303,729.7235247
452.7521513,681.9932102
452.9441723,663.1197214
453.1361932,716.8027426
453.3282142,659.3114841
453.5202352,678.8551204
453.7122562,688.3856499
453.9042772,716.571018
454.0962982,722.9518301
454.2883192,658.8020338
454.4803401,672.7128182
454.6723611,733.233021
454.8643821,666.2207593
455.0564031,674.9883245
455.2484241,650.0304411
455.4404451,644.1094226
455.6324661,661.2832436
455.8244871,681.7266332
456.016508,687.3509305
456.208529,659.9241212
456.40055,594.4358682
456.592571,639.5256108
456.784592,643.8826951
456.976613,702.9852603
457.168634,759.7989284
457.3606549,718.6195877
457.5526759,663.005577
457.7446969,647.5355821
457.9367179,654.4280872
458.1287389,705.3175276
458.3207599,708.7501417
458.5127809,717.2116437
458.7048019,632.9866749
458.8968228,636.2393092
459.0888438,700.6746539
459.2808648,672.3289841
459.4728858,637.4812539
459.6649068,681.3644629
459.8569278,706.8015925
460.0489488,693.3132523
460.2409697,676.4946254
460.4329907,680.2998844
460.6250117,718.9787548
460.8170327,725.1455994
461.0090537,728.2793722
461.2010747,683.5634259
461.3930957,644.2501445
461.5851167,664.2844059
461.7771376,670.5661181
461.9691586,681.7922644
462.1611796,704.567569
462.3532006,715.2401002
462.5452216,779.6281351
462.7372426,790.3617215
462.9292636,704.811498
463.1212845,705.1976763
463.3133055,750.1218797
463.5053265,692.1510571
463.6973475,688.5882503
463.8893685,726.5573915
464.0813895,726.7394193
464.2734105,676.6061581
464.4654315,703.8331599
464.6574524,771.5312624
464.8494734,848.0801935
465.0414944,812.7902775
465.2335154,756.948292
465.4255364,813.5401465
465.6175574,740.9223838
465.8095784,767.6002357
466.0015993,762.1567243
466.1936203,661.5942011
466.3856413,746.2719371
466.5776623,800.2193815
466.7696833,791.57934
466.9617043,766.380002
467.1537253,780.4071187
467.3457463,826.6632888
467.5377672,788.45019
467.7297882,804.7563516
467.9218092,828.0867265
468.1138302,817.7488785
468.3058512,744.6692284
468.4978722,795.2169674
468.6898932,819.5959878
468.8819141,818.6711309
469.0739351,844.2247917
469.2659561,837.9707697
469.4579771,854.0375242
469.6499981,830.8571597
469.8420191,870.570368
470.0340401,817.0202145
470.2260611,809.9209456
470.418082,830.418434
470.610103,864.8249076
470.802124,892.3074166
470.994145,894.0433291
471.186166,862.501433
471.378187,813.9370151
471.570208,932.656797
471.7622289,886.4212912
471.9542499,806.5637998
472.1462709,840.4560825
472.3382919,846.6821167
472.5303129,839.7690521
472.7223339,883.3653705
472.9143549,949.5947944
473.1063759,962.9016136
473.2983968,948.4031386
473.4904178,912.9567971
473.6824388,872.2918905
473.8744598,840.4991173
474.0664808,846.7847828
474.2585018,905.9650972
474.4505228,899.3188853
474.6425437,866.6420148
474.8345647,887.1832287
475.0265857,949.1118801
475.2186067,1013.20846
475.4106277,932.5002161
475.6026487,1002.658015
475.7946697,1043.626771
475.9866907,979.7642683
476.1787116,993.1621003
476.3707326,1027.693079
476.5627536,1029.37722
476.7547746,1028.515111
476.9467956,1041.282229
477.1388166,1018.769128
477.3308376,1009.794978
477.5228585,1006.1508
477.7148795,1049.784664
477.9069005,1069.935284
478.0989215,1091.419326
478.2909425,1034.288922
478.4829635,990.7212989
478.6749845,1016.254103
478.8670055,1046.819531
479.0590264,1043.129429
479.2510474,1066.332463
479.4430684,1035.968335
479.6350894,999.4267066
479.8271104,1030.099662
480.0191314,1072.600679
480.2111524,1101.157698
480.4031733,1071.285305
480.5951943,1051.449257
480.7872153,1087.889166
480.9792363,1104.833887
481.1712573,1065.900435
481.3632783,1083.799152
481.5552993,1090.903877
481.7473203,1024.742165
481.9393412,1054.922467
482.1313622,1112.663124
482.3233832,1090.378019
482.5154042,1107.655391
482.7074252,1159.567863
482.8994462,1129.71275
483.0914672,1077.796562
483.2834881,1028.877824
483.4755091,1135.941146
483.6675301,1159.196698
483.8595511,1152.645463
484.0515721,1155.201083
484.2435931,1104.023444
484.4356141,1096.846466
484.6276351,1121.023912
484.819656,1133.150563
485.011677,1159.752538
485.203698,1153.96768
485.395719,1124.739138
485.58774,1211.466437
485.779761,1176.316587
485.971782,1125.628121
486.1638029,1190.468917
486.3558239,1199.727473
486.5478449,1141.627561
486.7398659,1117.697764
486.9318869,1162.322049
487.1239079,1208.415716
487.3159289,1189.163577
487.5079499,1145.7653
487.6999708,1189.942362
487.8919918,1224.025889
488.0840128,1223.177105
488.2760338,1258.172529
488.4680548,1307.889731
488.6600758,1310.604989
488.8520968,1278.786218
489.0441177,1285.898588
489.2361387,1326.476807
489.4281597,1275.762055
489.6201807,1218.705118
489.8122017,1297.286409
490.0042227,1247.211509
490.1962437,1253.169573
490.3882646,1285.821958
490.5802856,1265.327118
490.7723066,1264.782255
490.9643276,1310.905529
491.1563486,1292.692088
491.3483696,1219.79221
491.5403906,1253.268186
491.7324116,1305.356001
491.9244325,1365.972599
492.1164535,1316.134904
492.3084745,1263.704596
492.5004955,1288.18457
492.6925165,1298.916472
492.8845375,1298.951156
493.0765585,1283.962962
493.2685794,1228.439024
493.4606004,1283.397702
493.6526214,1276.551157
493.8446424,1272.995885
494.0366634,1318.542748
494.2286844,1293.216389
494.4207054,1316.406173
494.6127264,1336.301577
494.8047473,1369.665041
494.9967683,1386.800701
495.1887893,1349.455148
495.3808103,1308.501733
495.5728313,1318.991007
495.7648523,1329.10973
495.9568733,1261.526614
496.1488942,1217.095176
496.3409152,1273.567936
496.5329362,1257.715062
496.7249572,1190.330833
496.9169782,1187.748136
497.1089992,1209.774501
497.3010202,1215.004008
497.4930412,1209.786355
497.6850621,1120.126351
497.8770831,1231.646164
498.0691041,1215.620116
498.2611251,1176.213222
498.4531461,1165.186354
498.6451671,1236.283052
498.8371881,1249.076391
499.029209,1146.730353
499.22123,1140.475747
499.413251,1248.271678
499.605272,1268.862566
499.797293,1251.510368
499.989314,1162.364397
500.181335,1197.159621
500.373356,1194.183474
500.5653769,1141.340301
500.7573979,1173.040139
500.9494189,1180.393329
501.1414399,1175.675013
501.3334609,1175.898063
501.5254819,1170.227934
501.7175029,1152.634051
501.9095238,1158.847968
502.1015448,1247.063225
502.2935658,1095.166041
502.4855868,1226.840871
502.6776078,1227.470278
502.8696288,1241.611855
503.0616498,1240.618211
503.2536708,1155.231522
503.4456917,1140.77372
503.6377127,1113.354321
503.8297337,1032.72555
504.0217547,1095.404117
504.2137757,1130.987221
504.4057967,1120.131451
504.5978177,1110.928125
504.7898386,1134.002959
504.9818596,1089.750006
505.1738806,1162.981227
505.3659016,1098.882901
505.5579226,1090.118108
505.7499436,1130.499951
505.9419646,1140.807581
506.1339856,1147.621207
506.3260065,1097.878914
506.5180275,1098.984991
506.7100485,1131.143128
506.9020695,1082.180659
507.0940905,1130.15095
507.2861115,1091.098725
507.4781325,1122.846596
507.6701534,1124.014939
507.8621744,1080.386942
508.0541954,1075.162319
508.2462164,1133.34532
508.4382374,1168.365261
508.6302584,1102.142855
508.8222794,1052.132785
509.0143004,1150.509688
509.2063213,1085.05866
509.3983423,1058.368045
509.5903633,1033.017727
509.7823843,1061.968167
509.9744053,1055.501675
510.1664263,1091.795741
510.3584473,1116.38426
510.5504682,1050.730885
510.7424892,1045.78954
510.9345102,1061.725808
511.1265312,1058.228539
511.3185522,1076.652885
511.5105732,1029.991163
511.7025942,1074.010372
511.8946152,992.3714653
512.0866361,1037.48222
512.2786571,1081.073987
512.4706781,1061.226542
512.6626991,1049.229779
512.8547201,1081.407966
513.0467411,1111.17065
513.2387621,1021.990123
513.430783,1106.871858
513.622804,1056.123734
513.814825,1035.772658
514.006846,1030.326789
514.198867,1019.864662
514.390888,1047.693198
514.582909,1067.723727
514.77493,1062.559764
514.9669509,1039.836103
515.1589719,1040.505478
515.3509929,1101.802393
515.5430139,1069.403994
515.7350349,997.8246515
515.9270559,1062.131003
516.1190769,980.8753022
516.3110978,1081.29324
516.5031188,1112.30352
516.6951398,1049.180466
516.8871608,1001.353652
517.0791818,1018.501712
517.2712028,1067.406648
517.4632238,1074.686976
517.6552448,1015.620855
517.8472657,1014.641964
518.0392867,1081.147251
518.2313077,1031.624371
518.4233287,1023.715628
518.6153497,1045.794332
518.8073707,1069.662739
518.9993917,1077.517741
519.1914126,1053.553051
519.3834336,1048.412286
519.5754546,1059.523656
519.7674756,1052.324895
519.9594966,1032.701614
520.1515176,974.648246
520.3435386,999.1670025
520.5355596,995.4216638
520.7275805,942.0960865
520.9196015,973.7518365
521.1116225,1038.407756
521.3036435,1009.31913
521.4956645,969.3772469
521.6876855,977.8529525
521.8797065,988.9110707
522.0717274,973.7317431
522.2637484,973.7566942
522.4557694,985.9042604
522.6477904,936.74749
522.8398114,957.8403606
523.0318324,954.4354136
523.2238534,946.9401838
523.4158744,923.0392835
523.6078953,875.3743555
523.7999163,884.2481161
523.9919373,906.4914146
524.1839583,943.0195553
524.3759793,936.0819187
524.5680003,889.3709285
524.7600213,922.8400723
524.9520422,861.4672489
525.1440632,915.5129978
525.3360842,921.8822121
525.5281052,882.5543979
525.7201262,907.3411123
525.9121472,875.1146558
526.1041682,874.8833051
526.2961892,893.4874721
526.4882101,899.8598789
526.6802311,846.9639835
526.8722521,818.1865911
527.0642731,874.739891
527.2562941,846.0878418
527.4483151,871.6022786
527.6403361,859.4310783
527.832357,942.5353414
528.024378,814.6235725
528.216399,808.5533304
528.40842,837.5910652
528.600441,876.198971
528.792462,874.651419
528.984483,868.9024058
529.176504,864.7118182
529.3685249,840.0705014
529.5605459,833.5491779
529.7525669,847.4017399
529.9445879,785.9599026
530.1366089,803.5800864
530.3286299,832.4814124
530.5206509,851.5686942
530.7126718,811.9208371
530.9046928,766.8263896
531.0967138,778.2577977
531.2887348,788.2341651
531.4807558,791.8795085
531.6727768,800.9511416
531.8647978,798.4676194
532.0568188,796.6262119
532.2488397,805.3657944
532.4408607,736.8944275
532.6328817,754.503316
532.8249027,749.0390223
533.0169237,746.344841
533.2089447,768.6919311
533.4009657,732.1527132
533.5929866,785.3531075
533.7850076,794.5534037
533.9770286,760.3359522
534.1690496,744.4887805
534.3610706,733.5935869
534.5530916,729.5019042
534.7451126,741.9440509
534.9371336,704.8695166
535.1291545,701.8228038
535.3211755,719.3382014
535.5131965,663.8956082
535.7052175,739.0319459
535.8972385,730.69968
536.0892595,713.452688
536.2812805,696.6249155
536.4733014,711.6490777
536.6653224,713.9165284
536.8573434,735.420302
537.0493644,793.3830998
537.2413854,727.1412518
537.4334064,744.4164391
537.6254274,709.526081
537.8174484,777.5747294
538.0094693,729.6189944
538.2014903,697.7276063
538.3935113,726.2190449
538.5855323,755.1293107
538.7775533,768.8918573
538.9695743,760.0275612
539.1615953,713.1434816
539.3536162,689.963075
539.5456372,726.7614285
539.7376582,755.4296066
539.9296792,798.2327297
540.1217002,840.937678
540.3137212,850.0749952
540.5057422,785.8996966
540.6977632,838.4209058
540.8897841,971.9211836
541.0818051,1135.732955
541.2738261,1296.143745
541.4658471,1562.786936
541.6578681,1893.213468
541.8498891,2434.959897
542.0419101,3286.965871
542.233931,4311.359378
542.425952,5439.545057
542.617973,6479.455931
542.809994,7433.088721
543.002015,8447.307809
543.194036,9677.36063
543.386057,10801.91822
543.578078,11820.33946
543.7700989,12642.87503
543.9621199,13361.58079
544.1541409,13873.26111
544.3461619,14114.39063
544.5381829,14326.75618
544.7302039,14603.40812
544.9222249,14759.62734
545.1142458,14848.91485
545.3062668,14908.07144
545.4982878,15006.92308
545.6903088,14968.26641
545.8823298,14760.80391
546.0743508,14708.67019
546.2663718,14469.98855
546.4583928,14272.09231
546.6504137,14021.34828
546.8424347,13990.18155
547.0344557,14021.69219
547.2264767,13936.24758
547.4184977,13951.43345
547.6105187,14131.38165
547.8025397,14183.13371
547.9945606,14245.02646
548.1865816,14367.83766
548.3786026,14588.86302
548.5706236,14859.92884
548.7626446,14782.94042
548.9546656,14992.32292
549.1466866,15051.70942
549.3387075,15256.55629
549.5307285,15372.9085
549.7227495,15357.871
549.9147705,15332.0441
550.1067915,15235.97767
550.2988125,14995.84255
550.4908335,14556.54363
550.6828545,13588.96469
550.8748754,12328.18738
551.0668964,11339.83675
551.2589174,10568.56366
551.4509384,9950.967045
551.6429594,9431.484958
551.8349804,8896.874886
552.0270014,8282.712886
552.2190223,7678.227586
552.4110433,6863.886506
552.6030643,5828.729565
552.7950853,4670.52457
552.9871063,3409.548206
553.1791273,2246.042289
553.3711483,1460.243517
553.5631693,1022.67381
553.7551902,782.8098155
553.9472112,633.7873954
554.1392322,677.5712305
554.3312532,699.8711075
554.5232742,635.2557683
554.7152952,606.6907747
554.9073162,592.4548653
555.0993371,626.5705566
555.2913581,653.3209491
555.4833791,597.0936396
555.6754001,530.0034903
555.8674211,549.2785439
556.0594421,564.5665826
556.2514631,503.3693306
556.4434841,580.9530977
556.635505,545.937192
556.827526,488.9692052
557.019547,558.827919
557.211568,512.9645967
557.403589,482.9200431
557.59561,514.9505369
557.787631,513.7023091
557.9796519,481.9619976
558.1716729,498.9271911
558.3636939,529.5354302
558.5557149,540.4301848
558.7477359,549.3319273
558.9397569,519.2724763
559.1317779,516.5050883
559.3237989,511.8841042
559.5158198,557.0417333
559.7078408,484.2291208
559.8998618,472.514972
560.0918828,550.4742563
560.2839038,502.4574664
560.4759248,533.2546909
560.6679458,465.8204855
560.8599667,416.9227023
561.0519877,443.581199
561.2440087,476.0776351
561.4360297,496.7183543
561.6280507,549.4994949
561.8200717,578.2833259
562.0120927,463.2617622
562.2041137,467.780772
562.3961346,465.5414585
562.5881556,488.5444172
562.7801766,475.1819504
562.9721976,477.6540376
563.1642186,410.379859
563.3562396,398.3482088
563.5482606,462.4158309
563.7402815,467.4912801
563.9323025,461.8440265
564.1243235,461.050664
564.3163445,413.8553998
564.5083655,391.9653788
564.7003865,447.3979531
564.8924075,453.1124151
565.0844285,463.1206842
565.2764494,435.0792608
565.4684704,480.3520138
565.6604914,411.511209
565.8525124,313.5760625
566.0445334,425.4768505
566.2365544,404.7354491
566.4285754,404.4453545
566.6205963,426.5250632
566.8126173,447.7504787
567.0046383,418.0385057
567.1966593,382.9246992
567.3886803,384.0929857
567.5807013,382.1468883
567.7727223,376.1869102
567.9647433,381.8387698
568.1567642,400.7237919
568.3487852,429.7156732
568.5408062,369.6597052
568.7328272,337.2690784
568.9248482,388.562409
569.1168692,417.6945212
569.3088902,396.4303551
569.5009111,417.8716545
569.6929321,423.2452321
569.8849531,408.450533
570.0769741,381.8168138
570.2689951,366.5612097
570.4610161,371.4592591
570.6530371,354.9201771
570.8450581,305.7400188
571.037079,296.6729277
571.2291,348.9225859
571.421121,351.3441524
571.613142,360.9239041
571.805163,390.3468701
571.997184,375.7145273
572.189205,339.7092977
572.3812259,324.8897162
572.5732469,383.7388517
572.7652679,417.6769661
572.9572889,462.2899228
573.1493099,550.1100223
573.3413309,630.5196592
573.5333519,709.3044686
573.7253729,798.7792814
573.9173938,863.0053787
574.1094148,963.2860148
574.3014358,1117.230218
574.4934568,1225.903933
574.6854778,1300.078346
574.8774988,1512.653122
575.0695198,1597.402542
575.2615407,1730.3704
575.4535617,1812.1496
575.6455827,1890.039552
575.8376037,2075.759075
576.0296247,2192.859541
576.2216457,2312.561971
576.4136667,2406.623577
576.6056877,2464.558942
576.7977086,2544.903382
576.9897296,2650.379521
577.1817506,2729.386729
577.3737716,2718.436192
577.5657926,2778.349124
577.7578136,2757.59233
577.9498346,2739.948369
578.1418555,2814.528552
578.3338765,2759.148539
578.5258975,2813.803875
578.7179185,2758.445247
578.9099395,2769.400751
579.1019605,2843.367214
579.2939815,2796.241626
579.4860025,2780.017777
579.6780234,2802.609294
579.8700444,2804.131175
580.0620654,2797.589805
580.2540864,2783.278438
580.4461074,2795.559132
580.6381284,2842.882343
580.8301494,2824.84469
581.0221703,2825.683193
581.2141913,2773.046323
581.4062123,2912.319193
581.5982333,2831.879569
581.7902543,2750.980721
581.9822753,2574.000147
582.1742963,2540.817256
582.3663173,2501.450071
582.5583382,2448.912365
582.7503592,2391.196363
582.9423802,2337.849318
583.1344012,2287.820703
583.3264222,2241.632303
583.5184432,2185.464312
583.7104642,2088.617579
583.9024851,1950.776411
584.0945061,1769.675582
584.2865271,1558.84074
584.4785481,1351.399365
584.6705691,1182.499938
584.8625901,1158.429136
585.0546111,1089.601718
585.2466321,1006.524266
585.438653,978.8988118
585.630674,900.5031375
585.822695,860.1841165
586.014716,784.2216939
586.206737,653.4116784
586.398758,545.5929715
586.590779,425.7696731
586.7827999,315.4646876
586.9748209,283.8667978
587.1668419,297.7548356
587.3588629,312.1613491
587.5508839,194.9150446
587.7429049,204.443685
587.9349259,284.792263
588.1269469,205.732782
588.3189678,199.2179043
588.5109888,250.1889571
588.7030098,170.9017559
588.8950308,187.8564345
589.0870518,190.8359446
589.2790728,167.5196728
589.4710938,203.2699795
589.6631147,227.9141695
589.8551357,280.0766191
590.0471567,311.6559516
590.2391777,263.4793417
590.4311987,212.7438591
590.6232197,198.7923365
590.8152407,187.8111348
591.0072617,199.1621027
591.1992826,208.2116378
591.3913036,177.2051063
591.5833246,216.4490619
591.7753456,222.0018761
591.9673666,143.8006923
592.1593876,219.37613
592.3514086,143.2506169
592.5434295,233.3503421
592.7354505,215.4159206
592.9274715,204.9863711
593.1194925,213.0093916
593.3115135,164.17821
593.5035345,154.0566133
593.6955555,200.1064117
593.8875765,209.9000939
594.0795974,220.1944795
594.2716184,243.3959141
594.4636394,187.8707795
594.6556604,193.3306661
594.8476814,183.6906889
595.0397024,174.011082
595.2317234,187.3887977
595.4237443,196.3629715
595.6157653,163.867066
595.8077863,197.2150715
595.9998073,222.6133905
596.1918283,233.5661608
596.3838493,210.8526034
596.5758703,199.0419994
596.7678913,169.216431
596.9599122,189.244279
597.1519332,187.2574786
597.3439542,163.1786543
597.5359752,150.3582146
597.7279962,148.9454544
597.9200172,196.3116715
598.1120382,243.9684703
598.3040591,232.5410263
598.4960801,210.4058677
598.6881011,154.5690893
598.8801221,207.6655596
599.0721431,140.2211473
599.2641641,212.7360967
599.4561851,137.30513
599.6482061,139.4398755
599.840227,111.8548321
600.032248,188.3612401
600.224269,175.342261
600.41629,157.8115064
600.608311,164.7608924
600.800332,169.3959495
600.992353,158.2899203
601.1843739,115.1100534
601.3763949,115.5035254
601.5684159,174.1377448
601.7604369,201.3608963
601.9524579,198.6036674
602.1444789,167.2956154
602.3364999,241.1623536
602.5285209,179.8920679
602.7205418,158.5619194
602.9125628,176.912219
603.1045838,169.6587788
603.2966048,138.5500951
603.4886258,222.3253831
603.6806468,163.6432933
603.8726678,226.730665
604.0646887,196.765214
604.2567097,172.2267281
604.4487307,204.4228875
604.6407517,179.1608157
604.8327727,173.335032
605.0247937,217.4344006
605.2168147,205.5599315
605.4088357,165.0228573
605.6008566,176.0025002
605.7928776,197.0736876
605.9848986,219.0968981
606.1769196,212.843516
606.3689406,159.6005375
606.5609616,209.8695977
606.7529826,216.6316196
606.9450035,187.468643
607.1370245,180.4765063
607.3290455,123.0988645
607.5210665,157.5920161
607.7130875,202.532735
607.9051085,184.9852548
608.0971295,209.1459713
608.2891504,165.0222915
608.4811714,141.3906975
608.6731924,155.304972
608.8652134,170.1087025
609.0572344,193.0600513
609.2492554,216.5533437
609.4412764,190.1547946
609.6332974,162.855743
609.8253183,197.5486532
610.0173393,196.6891618
610.2093603,163.2773067
610.4013813,112.3803925
610.5934023,87.80387491
610.7854233,136.1298717
610.9774443,98.15367283
611.1694652,183.5509508
611.3614862,130.3109246
611.5535072,137.7682744
611.7455282,152.3323405
611.9375492,137.2070259
612.1295702,155.5645459
612.3215912,86.75355465
612.5136122,70.67187227
612.7056331,122.1812794
612.8976541,119.457917
613.0896751,94.6961778
613.2816961,103.3540107
613.4737171,143.9181
613.6657381,135.8043644
613.8577591,118.8871354
614.04978,179.0860093
614.241801,145.6674411
614.433822,123.4445921
614.625843,168.568592
614.817864,81.5802356
615.009885,111.9320316
615.201906,134.9552355
615.393927,146.0395645
615.5859479,136.5646869
615.7779689,88.22788148
615.9699899,98.71177538
616.1620109,142.6904454
616.3540319,136.6175981
616.5460529,71.58595305
616.7380739,126.6643001
616.9300948,176.7254366
617.1221158,119.8073411
617.3141368,126.8531093
617.5061578,115.6339556
617.6981788,112.8861617
617.8901998,108.0876947
618.0822208,92.91914455
618.2742418,114.8505494
618.4662627,84.76124307
618.6582837,83.62114349
618.8503047,58.26535145
619.0423257,120.0750245
619.2343467,60.86607723
619.4263677,134.1933784
619.6183887,156.1048384
619.8104096,177.2530289
620.0024306,60.18822094
620.1944516,114.6983141
620.3864726,151.6175333
620.5784936,107.1001965
620.7705146,71.40991604
620.9625356,141.5931176
621.1545566,77.01073171
621.3465775,75.38333575
621.5385985,80.79715179
621.7306195,68.7112556
621.9226405,107.0577165
622.1146615,123.4032531
622.3066825,98.496006
622.4987035,124.2088601
622.6907244,147.8231832
622.8827454,163.410923
623.0747664,240.3769322
623.2667874,234.4095069
623.4588084,257.2693804
623.6508294,300.7086158
623.8428504,239.5906163
624.0348714,232.0065163
624.2268923,295.2605882
624.4189133,330.3116756
624.6109343,245.7292439
624.8029553,243.3010157
624.9949763,254.6687804
625.1869973,319.4964475
625.3790183,336.8432227
625.5710392,315.8509752
625.7630602,281.3628262
625.9550812,317.9541996
626.1471022,325.9413154
626.3391232,346.1458354
626.5311442,360.2253204
626.7231652,333.3217638
626.9151862,338.0187044
627.1072071,341.6476459
627.2992281,338.0780622
627.4912491,317.7992588
627.6832701,259.4269845
627.8752911,269.7851245
628.0673121,292.7675948
628.2593331,301.8606708
628.451354,303.2259912
628.643375,323.6337858
628.835396,321.0775114
629.027417,391.9615314
629.219438,226.6821079
629.411459,229.8501425
629.60348,262.5814439
629.795501,175.6737157
629.9875219,261.9258847
630.1795429,322.3746623
630.3715639,334.1239624
630.5635849,299.0583812
630.7556059,303.7503326
630.9476269,357.7991536
631.1396479,355.2881757
631.3316688,293.4206097
631.5236898,283.8776166
631.7157108,327.4239996
631.9077318,297.5180228
632.0997528,261.4591649
632.2917738,279.6253802
632.4837948,269.002542
632.6758158,241.8668332
632.8678367,230.8350238
633.0598577,215.8208622
633.2518787,222.672507
633.4438997,202.7831135
633.6359207,142.6152334
633.8279417,200.652164
634.0199627,155.574853
634.2119836,132.5793009
634.4040046,124.1394423
634.5960256,152.8438035
634.7880466,88.09424818
634.9800676,135.9269539
635.1720886,79.38224916
635.3641096,90.67739433
635.5561306,34.47830484
635.7481515,124.6619925
635.9401725,80.91181977
636.1321935,63.48131251
636.3242145,69.20143316
636.5162355,63.6062239
636.7082565,27.28043127
636.9002775,51.05122254
637.0922984,117.2926488
637.2843194,131.6376057
637.4763404,55.91009853
637.6683614,37.40754689
637.8603824,79.46843471
638.0524034,55.62427721
638.2444244,60.54466143
638.4364454,80.95010473
638.6284663,61.8499417
638.8204873,35.21456392
639.0125083,59.20916495
639.2045293,65.96996401
639.3965503,128.7502537
639.5885713,32.69826444
639.7805923,32.22268991
639.9726132,58.72662397
640.1646342,50.93822394
640.3566552,84.85780297
640.5486762,-7.762757956
640.7406972,69.94918877
640.9327182,101.2476601
641.1247392,71.00048901
641.3167602,79.44347622
641.5087811,114.4468222
641.7008021,110.0565388
641.8928231,124.698708
642.0848441,101.0478636
642.2768651,142.1954785
642.4688861,162.0080519
642.6609071,113.0985301
642.852928,58.30561062
643.044949,25.82772163
643.23697,62.7275179
643.428991,109.6974358
643.621012,122.8223939
643.813033,134.241401
644.005054,99.67583802
644.197075,91.92948185
644.3890959,109.924193
644.5811169,118.7470678
644.7731379,109.6730247
644.9651589,135.2884284
645.1571799,121.819748
645.3492009,71.7197373
645.5412219,137.8893118
645.7332428,80.26342677
645.9252638,136.0498627
646.1172848,87.63745202
646.3093058,24.04135987
646.5013268,59.35580462
646.6933478,63.96487155
646.8853688,30.78727005
647.0773898,45.21809201
647.2694107,116.6208122
647.4614317,134.9350825
647.6534527,111.9087778
647.8454737,79.14442997
648.0374947,81.21366923
648.2295157,62.2199927
648.4215367,74.79596005
648.6135576,37.77135309
648.8055786,19.0301271
648.9975996,42.3001823
649.1896206,82.22521609
649.3816416,56.25285358
649.5736626,8.812461348
649.7656836,44.83969358
649.9577046,74.30695472
650.1497255,73.44090646
650.3417465,65.36830007
650.5337675,53.98373799
650.7257885,54.42983492
650.9178095,110.1368904
651.1098305,109.9767132
651.3018515,31.13144308
651.4938724,73.91082286
651.6858934,71.8060937
651.8779144,-0.653810473
652.0699354,46.33027528
652.2619564,41.38717883
652.4539774,64.53269186
652.6459984,131.9894661
652.8380194,63.29684406
653.0300403,75.40639475
653.2220613,56.36026772
653.4140823,83.47892326
653.6061033,13.15393489
653.7981243,54.07944988
653.9901453,72.05417443
654.1821663,92.02458424
654.3741872,68.33103696
654.5662082,85.16367439
654.7582292,61.03480782
654.9502502,49.98547257
655.1422712,79.94250521
655.3342922,59.02206635
655.5263132,58.2174217
655.7183342,79.84388866
655.9103551,25.50627041
656.1023761,17.62836783
656.2943971,65.14445406
656.4864181,85.81114314
656.6784391,91.16519391
656.8704601,55.29555608
657.0624811,86.89457701
657.254502,117.1038472
657.446523,88.03718239
657.638544,67.08370904
657.830565,112.9280489
658.022586,95.55852588
658.214607,75.66329071
658.406628,80.93220708
658.598649,66.65532865
658.7906699,60.37281138
658.9826909,21.66190066
659.1747119,42.26834066
659.3667329,49.64513778
659.5587539,-2.383569624
659.7507749,53.60773362
659.9427959,94.2898088
660.1348168,114.4611328
660.3268378,71.33963559
660.5188588,26.21777397
660.7108798,109.4686333
660.9029008,19.12963838
661.0949218,79.23645155
661.2869428,102.1544432
661.4789638,98.32801969
661.6709847,123.5006935
661.8630057,80.67683232
662.0550267,88.81399013
662.2470477,54.68161078
662.4390687,28.08641573
662.6310897,36.58924329
662.8231107,49.19760026
663.0151316,60.12683135
663.2071526,63.27739647
663.3991736,86.23914824
663.5911946,114.8260322
663.7832156,89.03440908
663.9752366,60.26167473
664.1672576,75.86403979
664.3592786,102.8626268
664.5512995,135.6015152
664.7433205,118.7975829
664.9353415,80.52009929
665.1273625,78.2949581
665.3193835,71.96594487
665.5114045,60.32939123
665.7034255,97.91116996
665.8954464,127.8415735
666.0874674,129.189494
666.2794884,200.1117117
666.4715094,130.3159415
666.6635304,115.4612713
666.8555514,147.9602826
667.0475724,141.4522229
667.2395933,76.08507444
667.4316143,188.5129739
667.6236353,81.69748148
667.8156563,149.4399576
668.0076773,71.00623332
668.1996983,171.5066815
668.3917193,171.9105386
668.5837403,183.4657334
668.7757612,177.7612228
668.9677822,129.9991962
669.1598032,137.8738952
669.3518242,132.9903803
669.5438452,127.7310132
669.7358662,137.0100644
669.9278872,156.6141542
670.1199081,187.2314571
670.3119291,235.8421436
670.5039501,191.546007
670.6959711,154.7122053
670.8879921,136.0865312
671.0800131,133.5535906
671.2720341,126.2111628
671.4640551,91.91327675
671.656076,100.8478768
671.848097,168.5339961
672.040118,136.5060413
672.232139,100.1040323
672.42416,159.0999233
672.616181,194.0385338
672.808202,194.7626582
673.0002229,152.9412011
673.1922439,122.0517704
673.3842649,141.8709817
673.5762859,193.3067664
673.7683069,185.977263
673.9603279,146.5592618
674.1523489,171.6476988
674.3443699,174.2575461
674.5363908,202.0698231
674.7284118,208.2914136
674.9204328,163.4739796
675.1124538,120.7918124
675.3044748,179.945756
675.4964958,190.6339248
675.6885168,129.2159249
675.8805377,208.5403331
676.0725587,140.2165314
676.2645797,114.9118328
676.4566007,162.835579
676.6486217,108.2843925
676.8406427,135.5449297
677.0326637,67.15786365
677.2246847,118.7373202
677.4167056,80.25340489
677.6087266,99.90781977
677.8007476,106.9499962
677.9927686,101.002442
678.1847896,128.9612156
678.3768106,100.1304524
678.5688316,68.68528756
678.7608525,78.24483999
678.9528735,119.809886
679.1448945,89.40275384
679.3369155,105.3288758
679.5289365,13.65404254
679.7209575,19.03080352
679.9129785,131.0326299
680.1049995,128.2922945
680.2970204,174.7976988
680.4890414,165.7131738
680.6810624,89.17833863
680.8730834,107.5535038
681.0651044,85.0627562
681.2571254,92.29323898
681.4491464,119.7706329
681.6411673,115.255807
681.8331883,-31.54081469
682.0252093,-27.27346105
682.2172303,93.5920094
682.4092513,120.476562
682.6012723,95.30481185
682.7932933,76.12988298
682.9853143,110.5625844
683.1773352,128.1641322
683.3693562,143.6681662
683.5613772,159.6316099
683.7533982,134.1095615
683.9454192,108.262696
684.1374402,68.3093512
684.3294612,53.45438164
684.5214821,66.57367971
684.7135031,-11.32725108
684.9055241,93.02940128
685.0975451,90.25308163
685.2895661,49.81546
685.4815871,62.36106021
685.6736081,81.22030195
685.8656291,107.8784141
686.05765,120.0854907
686.249671,136.6162861
686.441692,67.48578755
686.633713,60.27150216
686.825734,84.83258066
687.017755,95.97451926
687.209776,46.8355978
687.4017969,147.921625
687.5938179,147.3184988
687.7858389,157.7225903
687.9778599,193.4689958
688.1698809,143.908939
688.3619019,138.4003164
688.5539229,146.9918835
688.7459439,164.2636196
688.9379648,191.3408642
689.1299858,210.1687216
689.3220068,157.6036513
689.5140278,197.1635354
689.7060488,122.1324848
689.8980698,103.8641675
690.0900908,240.0215505
690.2821117,178.7255708
690.4741327,218.3540774
690.6661537,183.5683639
690.8581747,205.1957303
691.0501957,163.6797378
691.2422167,170.4084335
691.4342377,223.7303882
691.6262587,217.5849885
691.8182796,213.0879635
692.0103006,192.5607828
692.2023216,220.2879559
692.3943426,260.5682662
692.5863636,268.7837372
692.7783846,316.3935062
692.9704056,431.8334995
693.1624265,611.6230216
693.3544475,825.9532156
693.5464685,935.159354
693.7384895,1047.750647
693.9305105,1211.423233
694.1225315,1354.840077
694.3145525,1477.627212
694.5065735,1686.244105
694.6985944,1879.80377
694.8906154,2027.47444
695.0826364,2208.173522
695.2746574,2411.465014
695.4666784,2500.054251
695.6586994,2608.428481
695.8507204,2739.257548
696.0427413,2859.336464
696.2347623,2974.081957
696.4267833,3028.774537
696.6188043,3055.357597
696.8108253,3119.962084
697.0028463,3174.463999
697.1948673,3102.042747
697.3868883,3068.681111
697.5789092,3080.329022
697.7709302,3036.080434
697.9629512,3008.640101
698.1549722,2985.440794
698.3469932,2964.080406
698.5390142,2971.896804
698.7310352,2968.268539
698.9230561,2924.237497
699.1150771,2937.519262
699.3070981,2928.862344
699.4991191,2973.10228
699.6911401,2987.78005
699.8831611,3011.650114
700.0751821,3073.827966
700.2672031,3091.306945
700.459224,3086.917005
700.651245,3113.78452
700.843266,3156.910675
701.035287,3176.969974
701.227308,3160.033006
701.419329,3109.496029
701.61135,3042.514284
701.8033709,2950.32578
701.9953919,2721.982522
702.1874129,2565.470808
702.3794339,2479.494595
702.5714549,2381.607342
702.7634759,2365.591557
702.9554969,2329.8968
703.1475179,2290.067796
703.3395388,2255.385829
703.5315598,2258.614717
703.7235808,2350.32826
703.9156018,2271.829566
704.1076228,2239.56026
704.2996438,2186.020668
704.4916648,2118.306572
704.6836857,1973.875936
704.8757067,1872.938032
705.0677277,1797.652993
705.2597487,1741.892105
705.4517697,1801.391196
705.6437907,1847.0579
705.8358117,1858.559218
706.0278327,1909.998851
706.2198536,2001.093773
706.4118746,2063.864814
706.6038956,2169.563819
706.7959166,2169.733035
706.9879376,2197.912169
707.1799586,2222.786872
707.3719796,2245.516759
707.5640005,2190.045666
707.7560215,2206.429456
707.9480425,2085.8326
708.1400635,2107.062694
708.3320845,2127.325346
708.5241055,2085.010685
708.7161265,2002.196027
708.9081475,2009.621177
709.1001684,1994.103148
709.2921894,2173.610323
709.4842104,2109.846055
709.6762314,2115.646386
709.8682524,2136.859741
710.0602734,2162.64823
710.2522944,2164.55894
710.4443153,2198.532406
710.6363363,2174.156697
710.8283573,2294.125723
711.0203783,2259.374419
711.2123993,2296.138675
711.4044203,2294.747299
711.5964413,2341.257536
711.7884623,2330.28982
711.9804832,2215.488846
712.1725042,2001.136541
712.3645252,1969.374602
712.5565462,1954.606625
712.7485672,1826.119372
712.9405882,1675.851173
713.1326092,1699.253483
713.3246301,1670.139286
713.5166511,1641.61955
713.7086721,1517.160255
713.9006931,1565.831314
714.0927141,1508.058058
714.2847351,1400.569308
714.4767561,1343.229878
714.6687771,1141.35106
714.860798,969.376336
715.052819,888.004558
715.24484,782.9122465
715.436861,587.8221787
715.628882,532.5969368
715.820903,541.2920427
716.012924,423.2443882
716.2049449,494.4198455
716.3969659,486.5825397
716.5889869,471.8686429
716.7810079,363.2841364
716.9730289,451.3123302
717.1650499,262.9781328
717.3570709,400.8425046
717.5490919,375.8003946
717.7411128,401.7502145
717.9331338,410.1019619
718.1251548,419.6103023
718.3171758,434.9867163
718.5091968,367.9416807
718.7012178,415.7632013
718.8932388,419.4512825
719.0852597,446.9717134
719.2772807,455.5968268
719.4693017,448.3369647
719.6613227,408.4311154
719.8533437,417.9588634
720.0453647,421.0195176
720.2373857,396.426054
720.4294067,420.7560025
720.6214276,371.3137165
720.8134486,385.0115136
721.0054696,338.6010791
721.1974906,315.5789539
721.3895116,288.7356136
721.5815326,324.1962571
721.7735536,289.4651097
721.9655745,275.4572782
722.1575955,259.0726958
722.3496165,340.8157294
722.5416375,260.6537353
722.7336585,272.0051076
722.9256795,236.4081816
723.1177005,299.5748844
723.3097214,196.2889601
723.5017424,204.4464651
723.6937634,250.2442027
723.8857844,231.5003141
724.0778054,278.7410041
724.2698264,331.3222987
724.4618474,248.1220434
724.6538684,388.1947845
724.8458893,470.3679275
725.0379103,436.1309429
725.2299313,412.4263667
725.4219523,476.1620236
725.6139733,517.7646754
725.8059943,601.6318082
725.9980153,677.3261139
726.1900362,693.9424978
726.3820572,762.9765388
726.5740782,784.1115636
726.7660992,853.9005337
726.9581202,890.2385984
727.1501412,943.8737139
727.3421622,970.8782319
727.5341832,1021.735212
727.7262041,996.1779847
727.9182251,995.6805216
728.1102461,1104.796768
728.3022671,1036.074458
728.4942881,1113.803503
728.6863091,1187.334899
728.8783301,1244.293149
729.070351,1223.908987
729.262372,1218.25347
729.454393,1218.090848
729.646414,1261.77391
729.838435,1199.268837
730.030456,1293.229673
730.222477,1333.111066
730.414498,1350.578815
730.6065189,1336.460006
730.7985399,1348.911851
730.9905609,1376.279826
731.1825819,1366.654973
731.3746029,1444.56559
731.5666239,1406.752053
731.7586449,1344.406801
731.9506658,1397.715062
732.1426868,1406.756683
732.3347078,1354.451958
732.5267288,1357.329181
732.7187498,1341.215717
732.9107708,1314.596367
733.1027918,1220.288879
733.2948128,1211.398215
733.4868337,1269.773561
733.6788547,1224.747429
733.8708757,1195.69045
734.0628967,1159.549538
734.2549177,1187.37881
734.4469387,1203.922501
734.6389597,1313.676336
734.8309806,1368.02673
735.0230016,1466.441408
735.2150226,1562.505464
735.4070436,1627.24438
735.5990646,1669.759059
735.7910856,1676.496883
735.9831066,1866.939465
736.1751276,2013.912935
736.3671485,2134.461677
736.5591695,2226.232855
736.7511905,2397.441797
736.9432115,2569.137385
737.1352325,2695.220084
737.3272535,2895.285975
737.5192745,3093.151079
737.7112954,3243.220595
737.9033164,3402.667114
738.0953374,3442.60953
738.2873584,3473.679993
738.4793794,3477.745015
738.6714004,3484.928509
738.8634214,3460.534789
739.0554424,3456.743496
739.2474633,3517.617
739.4394843,3486.331955
739.6315053,3442.510569
739.8235263,3371.915283
740.0155473,3344.78019
740.2075683,3330.752836
740.3995893,3267.269281
740.5916102,3304.908036
740.7836312,3309.619104
740.9756522,3336.422059
741.1676732,3333.79219
741.3596942,3343.347003
741.5517152,3396.455942
741.7437362,3434.182265
741.9357572,3452.162598
742.1277781,3447.652028
742.3197991,3424.593284
742.5118201,3435.170952
742.7038411,3437.935734
742.8958621,3457.143003
743.0878831,3495.411953
743.2799041,3520.532814
743.471925,3430.518041
743.663946,3233.850206
743.855967,3078.90614
744.047988,2841.017544
744.240009,2630.977707
744.43203,2479.415963
744.624051,2457.060218
744.816072,2376.658299
745.0080929,2284.650034
745.2001139,2142.228657
745.3921349,2085.590166
745.5841559,2046.452532
745.7761769,1889.548317
745.9681979,1785.192006
746.1602189,1664.53962
746.3522398,1546.460117
746.5442608,1411.626896
746.7362818,1283.819579
746.9283028,1173.201132
747.1203238,1154.764433
747.3123448,1154.554233
747.5043658,1243.59576
747.6963868,1475.671049
747.8884077,1701.486024
748.0804287,1985.949076
748.2724497,2312.614946
748.4644707,2567.441908
748.6564917,2760.852899
748.8485127,3212.636068
749.0405337,3575.757831
749.2325546,3869.271268
749.4245756,4198.222431
749.6165966,4573.991527
749.8086176,4773.312417
750.0006386,5069.438337
750.1926596,5394.907686
750.3846806,5613.017385
750.5767016,5865.812194
750.7687225,6129.867792
750.9607435,6295.529958
751.1527645,6436.775787
751.3447855,6461.183189
751.5368065,6656.253053
751.7288275,6596.092051
751.9208485,6558.872695
752.1128694,6692.371559
752.3048904,6664.88757
752.4969114,6540.00415
752.6889324,6636.554542
752.8809534,6547.035727
753.0729744,6488.301054
753.2649954,6465.065192
753.4570164,6494.182188
753.6490373,6550.500097
753.8410583,6501.363813
754.0330793,6532.125242
754.2251003,6629.510917
754.4171213,6618.688679
754.6091423,6646.774549
754.8011633,6681.00124
754.9931842,6734.339879
755.1852052,6739.442459
755.3772262,6725.683182
755.5692472,6635.703899
755.7612682,6358.734997
755.9532892,6135.488245
756.1453102,6019.679039
756.3373312,5924.609373
756.5293521,5794.71774
756.7213731,5520.753225
756.9133941,5218.339935
757.1054151,4978.566806
757.2974361,4717.181632
757.4894571,4479.233001
757.6814781,4251.414018
757.873499,3993.250949
758.06552,3806.992985
758.257541,3561.832711
758.449562,3251.88301
758.641583,2928.072929
758.833604,2605.099259
759.025625,2244.653678
759.217646,1917.067047
759.4096669,1741.688826
759.6016879,1656.307718
759.7937089,1752.053128
759.9857299,1957.822207
760.1777509,2181.628156
760.3697719,2498.676122
760.5617929,2879.709281
760.7538138,3258.324855
760.9458348,3619.066282
761.1378558,4122.165511
761.3298768,4550.035316
761.5218978,4998.741545
761.7139188,5544.362708
761.9059398,6005.384517
762.0979608,6657.014901
762.2899817,7290.409258
762.4820027,7991.555167
762.6740237,8537.782924
762.8660447,9151.677108
763.0580657,9585.130363
763.2500867,9952.495213
763.4421077,10325.40703
763.6341286,10496.48541
763.8261496,10662.6053
764.0181706,10848.75187
764.2101916,10870.2285
764.4022126,10966.99512
764.5942336,11016.12628
764.7862546,10899.17743
764.9782756,10764.88569
765.1702965,10759.0233
765.3623175,10703.4584
765.5543385,10604.74523
765.7463595,10544.97697
765.9383805,10484.41233
766.1304015,10501.79406
766.3224225,10601.9132
766.5144434,10695.29155
766.7064644,10773.9128
766.8984854,10848.70355
767.0905064,11021.21167
767.2825274,11089.05112
767.4745484,11062.95372
767.6665694,11052.09092
767.8585904,11162.56088
768.0506113,11273.14894
768.2426323,11243.69924
768.4346533,11140.06066
768.6266743,10938.86526
768.8186953,10575.86233
769.0107163,10014.26442
769.2027373,9450.892221
769.3947582,9074.451726
769.5867792,8810.671414
769.7788002,8574.819454
769.9708212,8522.885712
770.1628422,8326.175709
770.3548632,8246.720389
770.5468842,8032.969542
770.7389052,7874.162041
770.9309261,7587.11714
771.1229471,7391.105055
771.3149681,7148.700699
771.5069891,6776.034999
771.6990101,6425.378733
771.8910311,5843.722591
772.0830521,5348.156375
772.275073,4863.996927
772.467094,4657.232071
772.659115,4535.717764
772.851136,4421.596727
773.043157,4413.437987
773.235178,4414.969229
773.427199,4369.829709
773.61922,4316.320763
773.8112409,4311.688764
774.0032619,4240.849079
774.1952829,4233.847741
774.3873039,4168.333211
774.5793249,4124.997061
774.7713459,4154.440592
774.9633669,4210.880404
775.1553878,4190.462009
775.3474088,4160.496736
775.5394298,4200.974683
775.7314508,4252.727289
775.9234718,4252.418322
776.1154928,4291.870707
776.3075138,4327.028915
776.4995348,4386.261233
776.6915557,4399.745084
776.8835767,4437.743297
777.0755977,4461.613433
777.2676187,4397.495567
777.4596397,4306.537623
777.6516607,4049.39395
777.8436817,3773.123121
778.0357026,3556.417182
778.2277236,3327.457325
778.4197446,3181.086545
778.6117656,3018.35744
778.8037866,2838.482343
778.9958076,2757.29748
779.1878286,2527.506668
779.3798496,2488.966788
779.5718705,2374.68111
779.7638915,2233.359836
779.9559125,2058.337255
780.1479335,1860.948668
780.3399545,1662.943391
780.5319755,1394.413229
780.7239965,1134.378827
780.9160174,876.1384837
781.1080384,642.9279257
781.3000594,450.4109346
781.4920804,390.5154132
781.6841014,294.3328523
781.8761224,254.1230313
782.0681434,257.3012436
782.2601643,256.1118911
782.4521853,289.9779743
782.6442063,280.7086349
782.8362273,258.1543033
783.0282483,199.4759529
783.2202693,182.9097106
783.4122903,232.65967
783.6043113,261.8331448
783.7963322,235.6728698
783.9883532,202.165826
784.1803742,220.5508246
784.3723952,256.5915624
784.5644162,258.2816685
784.7564372,282.7512701
784.9484582,212.7141337
785.1404791,262.3539737
785.3325001,257.1450436
785.5245211,267.6052361
785.7165421,267.3354119
785.9085631,217.0206228
786.1005841,237.8095077
786.2926051,246.8241821
786.4846261,326.2392403
786.676647,312.4958438
786.868668,168.8856745
787.060689,211.4076823
787.25271,217.1994111
787.444731,228.424716
787.636752,240.2349503
787.828773,263.3679364
788.0207939,309.6730971
788.2128149,271.0519203
788.4048359,223.5551614
788.5968569,289.4506124
788.7888779,302.1028827
788.9808989,231.8029382
789.1729199,204.8125895
789.3649409,269.4255329
789.5569618,248.983642
789.7489828,244.9102223
789.9410038,277.2690416
790.1330248,279.5872682
790.3250458,316.7403993
790.5170668,348.4307578
790.7090878,355.0677345
790.9011087,355.8552732
791.0931297,423.0964756
791.2851507,558.6918066
791.4771717,701.0290281
791.6691927,786.1901987
791.8612137,950.5398559
792.0532347,1036.241928
792.2452557,1230.120705
792.4372766,1362.24972
792.6292976,1403.382586
792.8213186,1620.654536
793.0133396,1693.542557
793.2053606,1879.348049
793.3973816,2019.282843
793.5894026,2234.174748
793.7814235,2377.284147
793.9734445,2548.381367
794.1654655,2736.678482
794.3574865,3016.932867
794.5495075,3092.856121
794.7415285,3196.848484
794.9335495,3291.720135
795.1255705,3386.496993
795.3175914,3388.574576
795.5096124,3489.648573
795.7016334,3562.312123
795.8936544,3549.696605
796.0856754,3551.474203
796.2776964,3547.609586
796.4697174,3525.585244
796.6617383,3532.782216
796.8537593,3592.033772
797.0457803,3641.851031
797.2378013,3827.026383
797.4298223,3909.794837
797.6218433,3971.398334
797.8138643,4191.978338
798.0058853,4373.827806
798.1979062,4671.144983
798.3899272,4904.162142
798.5819482,5109.044894
798.7739692,5260.028099
798.9659902,5433.62029
799.1580112,5719.914822
799.3500322,6045.518612
799.5420531,6376.39921
799.7340741,6543.740497
799.9260951,6768.013028
800.1181161,6851.571977
800.3101371,7005.633749
800.5021581,7032.114892
800.6941791,7174.687882
800.8862001,7307.952717
801.078221,7490.152662
801.270242,7625.589234
801.462263,7696.823324
801.654284,7664.722669
801.846305,7622.110451
802.038326,7595.222155
802.230347,7559.107236
802.4223679,7461.873809
802.6143889,7338.759647
802.8064099,7190.026716
802.9984309,6993.374266
803.1904519,6882.118154
803.3824729,6543.903823
803.5744939,6446.524983
803.7665149,6337.510408
803.9585358,6300.782114
804.1505568,6219.407614
804.3425778,6296.40049
804.5345988,6327.26839
804.7266198,6362.442802
804.9186408,6353.717333
805.1106618,6371.728108
805.3026827,6348.360615
805.4947037,6416.865421
805.6867247,6361.998266
805.8787457,6283.222049
806.0707667,6115.190241
806.2627877,6066.028494
806.4548087,5942.884539
806.6468297,5758.087066
806.8388506,5605.553157
807.0308716,5440.839458
807.2228926,5319.714638
807.4149136,5215.515531
807.6069346,5323.269538
807.7989556,5607.936886
807.9909766,5983.170528
808.1829975,6219.235153
808.3750185,6637.127474
808.5670395,6886.422322
808.7590605,7148.896881
808.9510815,7276.218668
809.1431025,7609.986967
809.3351235,7954.519668
809.5271445,8233.573664
809.7191654,8630.557762
809.9111864,8978.851859
810.1032074,9365.162768
810.2952284,10087.95766
810.4872494,10604.2733
810.6792704,11206.11694
810.8712914,11949.5169
811.0633123,12629.51716
811.2553333,13129.50145
811.4473543,13573.19565
811.6393753,13996.14506
811.8313963,14261.60445
812.0234173,14373.59742
812.2154383,14499.46457
812.4074593,14734.99383
812.5994802,14892.85401
812.7915012,14756.97729
812.9835222,14717.73007
813.1755432,14784.64827
813.3675642,14767.9788
813.5595852,14694.38711
813.7516062,14706.65747
813.9436271,14822.82687
814.1356481,14605.08271
814.3276691,14646.49884
814.5196901,14836.81403
814.7117111,14890.64399
814.9037321,15008.95757
815.0957531,15072.09326
815.2877741,14982.30873
815.479795,14897.31414
815.671816,14727.63254
815.863837,14514.06673
816.055858,14240.70969
816.247879,14108.00079
816.4399,13865.47469
816.631921,13299.64055
816.8239419,12609.55234
817.0159629,11750.24552
817.2079839,10940.47204
817.4000049,10286.47927
817.5920259,9701.085535
817.7840469,9164.395043
817.9760679,8732.179822
818.1680889,8094.503187
818.3601098,7596.805288
818.5521308,6993.107398
818.7441518,6317.836933
818.9361728,5670.667856
819.1281938,5108.758715
819.3202148,4304.721097
819.5122358,3640.526588
819.7042567,2882.041454
819.8962777,2195.958818
820.0882987,1593.828553
820.2803197,1139.264871
820.4723407,835.3163202
820.6643617,600.7929371
820.8563827,501.5511807
821.0484037,434.0613192
821.2404246,412.9427909
821.4324456,333.6670858
821.6244666,262.7693992
821.8164876,265.6295114
822.0085086,206.7379114
822.2005296,266.2480884
822.3925506,243.6087145
822.5845715,372.3824892
822.7765925,426.8813691
822.9686135,598.9401552
823.1606345,574.5069735
823.3526555,619.2268477
823.5446765,736.3938054
823.7366975,804.4474368
823.9287185,842.6998262
824.1207394,847.9815303
824.3127604,989.0048246
824.5047814,1111.150496
824.6968024,1219.470477
824.8888234,1271.343072
825.0808444,1350.27467
825.2728654,1466.885146
825.4648863,1627.573475
825.6569073,1749.783521
825.8489283,1786.22987
826.0409493,2010.232376
826.2329703,2004.08888
826.4249913,2154.235378
826.6170123,2327.365699
826.8090333,2346.941841
827.0010542,2459.967484
827.1930752,2328.527124
827.3850962,2389.482
827.5771172,2428.270867
827.7691382,2452.766389
827.9611592,2444.964578
828.1531802,2494.750272
828.3452011,2515.057428
828.5372221,2476.837792
828.7292431,2453.417401
828.9212641,2465.665863
829.1132851,2486.346317
829.3053061,2448.925144
829.4973271,2498.411036
829.6893481,2500.555986
829.881369,2466.072116
830.07339,2509.901983
830.265411,2512.715419
830.457432,2491.156223
830.649453,2465.619719
830.841474,2534.042227
831.033495,2561.235922
831.2255159,2488.62141
831.4175369,2385.915983
831.6095579,2468.643425
831.8015789,2315.972697
831.9935999,2141.290599
832.1856209,1963.910275
832.3776419,1875.813727
832.5696629,1739.21882
832.7616838,1630.904681
832.9537048,1557.000269
833.1457258,1462.816747
833.3377468,1403.472963
833.5297678,1269.07723
833.7217888,1133.967197
833.9138098,1059.39984
834.1058307,857.7773475
834.2978517,777.3421366
834.4898727,561.2916568
834.6818937,492.2422228
834.8739147,410.6812505
835.0659357,357.4644922
835.2579567,236.5583796
835.4499777,232.658832
835.6419986,261.6840283
835.8340196,251.8632994
836.0260406,217.6647756
836.2180616,182.574438
836.4100826,163.9651128
836.6021036,201.2356918
836.7941246,227.7636309
836.9861455,273.8407209
837.1781665,423.5301292
837.3701875,570.9105848
837.5622085,594.9698337
837.7542295,754.5056871
837.9462505,861.2746242
838.1382715,969.3075981
838.3302925,1020.239899
838.5223134,1168.651352
838.7143344,1344.564089
838.9063554,1686.824653
839.0983764,1880.002834
839.2903974,2153.89461
839.4824184,2460.015051
839.6744394,2735.929561
839.8664603,2967.990772
840.0584813,3283.343482
840.2505023,3609.220636
840.4425233,3907.407428
840.6345443,4191.916435
840.8265653,4511.958241
841.0185863,4841.572175
841.2106072,5058.749177
841.4026282,5304.409952
841.5946492,5547.373893
841.7866702,5914.463383
841.9786912,6289.908046
842.1707122,6393.160432
842.3627332,6643.753039
842.5547542,6698.421816
842.7467751,6917.218694
842.9387961,7088.912147
843.1308171,7171.293307
843.3228381,7298.049323
843.5148591,7377.395468
843.7068801,7485.107048
843.8989011,7562.865493
844.090922,7584.519669
844.282943,7609.697985
844.474964,7641.806536
844.666985,7593.597346
844.859006,7646.799874
845.051027,7580.093916
845.243048,7619.943535
845.435069,7704.512665
845.6270899,7697.669144
845.8191109,7624.697688
846.0111319,7467.057192
846.2031529,7336.428207
846.3951739,7063.812636
846.5871949,6892.083847
846.7792159,6601.743386
846.9712368,6339.98111
847.1632578,6194.622021
847.3552788,6056.630635
847.5472998,5722.701412
847.7393208,5308.448489
847.9313418,4916.286663
848.1233628,4380.389985
848.3153838,3943.093296
848.5074047,3522.957552
848.6994257,3238.048042
848.8914467,2858.940127
849.0834677,2588.54657
849.2754887,2393.815939
849.4675097,2171.619032
849.6595307,1927.781471
849.8515516,1703.440819
850.0435726,1441.241064
850.2355936,1243.147469
850.4276146,1113.738083
850.6196356,1065.867185
850.8116566,1059.553424
851.0036776,1105.842741
851.1956986,1144.715566
851.3877195,1160.872511
851.5797405,1224.67503
851.7717615,1267.6257
851.9637825,1332.331622
852.1558035,1459.692741
852.3478245,1461.476362
852.5398455,1515.310218
852.7318664,1579.052111
852.9238874,1591.887433
853.1159084,1686.232877
853.3079294,1647.924164
853.4999504,1650.352703
853.6919714,1722.257287
853.8839924,1683.527227
854.0760134,1658.600856
854.2680343,1635.469184
854.4600553,1650.814612
854.6520763,1717.948636
854.8440973,1805.841803
855.0361183,1705.406091
855.2281393,1661.435865
855.4201603,1654.358672
855.6121812,1695.248641
855.8042022,1686.823055
855.9962232,1719.379688
856.1882442,1669.609114
856.3802652,1610.188466
856.5722862,1633.354813
856.7643072,1630.155155
856.9563282,1619.577035
857.1483491,1556.250212
857.3403701,1476.63095
857.5323911,1381.0841
857.7244121,1263.592186
857.9164331,1160.59718
858.1084541,1007.631041
858.3004751,929.8965858
858.492496,766.3512453
858.684517,724.1629911
858.876538,564.6056185
859.068559,532.1318699
859.26058,405.9651905
859.452601,336.8611008
859.644622,260.6921787
859.836643,185.3452903
860.0286639,150.8235038
860.2206849,149.4938421
860.4127059,121.383657
860.6047269,117.9650981
860.7967479,119.8514175
860.9887689,83.33344908
861.1807899,165.7570745
861.3728108,139.7680087
861.5648318,23.77561854
861.7568528,78.16481463
861.9488738,120.7485088
862.1408948,95.4478659
862.3329158,125.85209
862.5249368,114.0581038
862.7169578,88.48770409
862.9089787,78.49017832
863.1009997,33.14834448
863.2930207,105.1630616
863.4850417,95.48463199
863.6770627,78.64734488
863.8690837,109.0481987
864.0611047,128.2144835
864.2531256,147.7190861
864.4451466,159.2944762
864.6371676,147.9424455
864.8291886,198.4634132
865.0212096,184.6958093
865.2132306,164.8367963
865.4052516,162.096739
865.5972726,152.3632501
865.7892935,249.2786456
865.9813145,226.1622887
866.1733355,182.503572
866.3653565,218.2822543
866.5573775,329.5867347
866.7493985,236.7400404
866.9414195,172.7117972
867.1334404,333.6068471
867.3254614,284.1410596
867.5174824,370.2987759
867.7095034,341.5936617
867.9015244,364.9079535
868.0935454,351.5110477
868.2855664,370.1491154
868.4775874,363.6542109
868.6696083,367.6018975
868.8616293,369.629203
869.0536503,327.4214536
869.2456713,407.7304663
869.4376923,431.2794435
869.6297133,424.4600231
869.8217343,303.4183432
870.0137552,352.3175476
870.2057762,397.1148142
870.3977972,426.4163357
870.5898182,450.7576027
870.7818392,386.6482137
870.9738602,379.8405324
871.1658812,406.4547676
871.3579022,434.6744774
871.5499231,451.5677703
871.7419441,426.7887458
871.9339651,460.1586379
872.1259861,439.7759104
872.3180071,414.6687906
872.5100281,387.1757948
872.7020491,346.6276652
872.89407,373.337287
873.086091,379.1257537
873.278112,277.3881415
873.470133,311.7618688
873.662154,240.5959489
873.854175,295.5956378
874.046196,275.8543381
874.238217,273.9689879
874.4302379,255.5382104
874.6222589,219.2220465
874.8142799,239.9071945
875.0063009,249.2822111
875.1983219,204.1172049
875.3903429,257.9647079
875.5823639,230.960174
875.7743848,146.164445
875.9664058,242.7661882
876.1584268,178.7885307
876.3504478,193.9629038
876.5424688,199.8480912
876.7344898,130.5664644
876.9265108,186.4772809
877.1185318,200.1781078
877.3105527,135.922779
877.5025737,90.15469336
877.6945947,111.9364103
877.8866157,111.5244943
878.0786367,90.09434906
878.2706577,110.3334104
878.4626787,25.76407658
878.6546996,78.00413521
878.8467206,48.4730523
879.0387416,47.30539857
879.2307626,56.89888607
879.4227836,71.06002049
879.6148046,111.9117254
879.8068256,21.19829294
879.9988466,-4.106356124
880.1908675,34.19296312
880.3828885,46.77967262
880.5749095,33.55747079
880.7669305,35.43342168
880.9589515,89.02620778
881.1509725,44.86817485
881.3429935,46.43399509
881.5350144,50.66119366
881.7270354,56.01531993
881.9190564,32.78045974
882.1110774,45.64493385
882.3030984,35.19307924
882.4951194,18.13785107
882.6871404,-8.861714585
882.8791614,32.10082472
883.0711823,3.686351969
883.2632033,25.16103823
883.4552243,32.99230761
883.6472453,-22.28102334
883.8392663,60.45198123
884.0312873,39.15286927
884.2233083,76.66550989
884.4153292,97.49387222
884.6073502,-5.159067406
884.7993712,26.42089112
884.9913922,62.63017336
885.1834132,28.73288135
885.3754342,30.89433283
885.5674552,83.40037066
885.7594762,26.30196914
885.9514971,-78.28772195
886.1435181,9.93538758
886.3355391,65.899897
886.5275601,65.91317827
886.7195811,-9.07500418
886.9116021,102.2977003
887.1036231,75.81250678
887.295644,67.35719324
887.487665,56.57223819
887.679686,8.873223794
887.871707,39.15230252
888.063728,88.35042381
888.255749,47.13757405
888.44777,47.30819991
888.639791,-19.88235035
888.8318119,52.84453089
889.0238329,65.48421489
889.2158539,143.9852078
889.4078749,53.79106343
889.5998959,20.52040008
889.7919169,26.8800274
889.9839379,-7.78979916
890.1759588,6.993703404
890.3679798,50.79863711
890.5600008,-2.549241559
890.7520218,19.66317186
890.9440428,21.75124273
891.1360638,58.24378731
891.3280848,32.63926092
891.5201058,52.78093515
891.7121267,63.37674066
891.9041477,48.05380045
892.0961687,66.28933233
892.2881897,9.215877084
892.4802107,24.66515146
892.6722317,67.57887241
892.8642527,40.65981232
893.0562736,-15.57159156
893.2482946,50.61020419
893.4403156,17.17945592
893.6323366,61.64386378
893.8243576,46.13456037
894.0163786,-7.804724749
894.2083996,25.1132479
894.4004206,49.30882134
894.5924415,-9.097887166
894.7844625,-18.69994305
894.9764835,21.12925664
895.1685045,52.18451992
895.3605255,40.1239475
895.5525465,98.81885979
895.7445675,-0.14718564
895.9365884,40.73318738
896.1286094,-35.17814965
896.3206304,57.19868485
896.5126514,14.99924518
896.7046724,-7.640497076
896.8966934,-5.256450046
897.0887144,24.31108393
897.2807354,46.54379666
897.4727563,55.99245545
897.6647773,24.31535619
897.8567983,23.22577035
898.0488193,123.3918024
898.2408403,34.41964565
898.4328613,17.52717777
898.6248823,54.28156569
898.8169032,82.13657491
899.0089242,67.90211731
899.2009452,26.45085167
899.3929662,57.00399955
899.5849872,15.00426702
899.7770082,32.49219193
899.9690292,12.61956677
900.1610501,24.4850609
900.3530711,25.98119188
900.5450921,17.97636996
900.7371131,56.22212941
900.9291341,19.95844615
901.1211551,80.62546831
901.3131761,15.8573792
901.5051971,21.82469564
901.697218,28.91381296
901.889239,21.6315972
902.08126,10.75104491
902.273281,20.35844649
902.465302,36.73256573
902.657323,53.25511091
902.849344,66.83376472
903.0413649,64.04117201
903.2333859,-11.92488704
903.4254069,70.01890337
903.6174279,-12.6467628
903.8094489,-6.983411191
904.0014699,29.80163548
904.1934909,41.51445173
904.3855119,39.18636142
904.5775328,12.51106784
904.7695538,8.132289752
904.9615748,-4.118024951
905.1535958,-6.513674265
905.3456168,92.1511109
905.5376378,42.67939088
905.7296588,88.96778619
905.9216797,-37.47470497
906.1137007,46.2533558
906.3057217,12.99502844
906.4977427,82.04705041
906.6897637,87.47706352
906.8817847,68.98140607
907.0738057,65.28484543
907.2658267,29.00571328
907.4578476,27.24721192
907.6498686,11.8049963
907.8418896,69.86882593
908.0339106,84.10318821
908.2259316,22.18709825
908.4179526,-3.93963451
908.6099736,115.3638567
908.8019945,196.2677926
908.9940155,312.0067169
909.1860365,417.0379805
909.3780575,553.2445019
909.5700785,644.6642676
909.7620995,738.7089504
909.9541205,853.1142676
910.1461415,737.8465195
910.3381624,886.119791
910.5301834,909.0771287
910.7222044,977.9681232
910.9142254,1055.849128
911.1062464,1124.370898
911.2982674,1232.545768
911.4902884,1381.059844
911.6823093,1504.804618
911.8743303,1659.446556
912.0663513,1729.813166
912.2583723,1861.977827
912.4503933,1965.982823
912.6424143,2194.991217
912.8344353,2351.838509
913.0264563,2554.218844
913.2184772,2651.030449
913.4104982,2800.629768
913.6025192,2874.3105
913.7945402,2884.592056
913.9865612,2924.092827
914.1785822,3042.526672
914.3706032,2958.463723
914.5626241,2995.920899
914.7546451,2963.773226
914.9466661,2984.371788
915.1386871,2997.057188
915.3307081,2984.047204
915.5227291,2907.027059
915.7147501,2798.217234
915.9067711,2774.167135
916.098792,2737.246028
916.290813,2587.293966
916.482834,2407.823666
916.674855,2454.21155
916.866876,2393.660155
917.058897,2213.803827
917.250918,2146.084147
917.4429389,2092.495815
917.6349599,1993.542912
917.8269809,1896.602154
918.0190019,1654.603488
918.2110229,1239.896325
918.4030439,1138.578365
918.5950649,901.4835158
918.7870859,766.7674177
918.9791068,556.3567782
919.1711278,376.9473696
919.3631488,296.4781739
919.5551698,231.1634028
919.7471908,292.902537
919.9392118,327.4878239
920.1312328,253.633197
920.3232537,223.3341031
920.5152747,216.1090679
920.7072957,245.261861
920.8993167,269.7682185
921.0913377,303.3657055
921.2833587,318.3329097
921.4753797,360.0676201
921.6674007,350.0204021
921.8594216,365.3110462
922.0514426,355.2709608
922.2434636,395.495933
922.4354846,432.7681352
922.6275056,485.9030231
922.8195266,519.8298591
923.0115476,544.0365243
923.2035685,606.8545067
923.3955895,574.0978742
923.5876105,619.1154983
923.7796315,647.7628303
923.9716525,731.6384878
924.1636735,698.9624359
924.3556945,666.4635532
924.5477155,662.9229882
924.7397364,698.266159
924.9317574,722.4331338
925.1237784,707.1112739
925.3157994,734.8669996
925.5078204,676.8199035
925.6998414,641.2451243
925.8918624,653.1288499
926.0838833,624.2067965
926.2759043,652.6557653
926.4679253,658.2455526
926.6599463,541.8954628
926.8519673,606.952006
927.0439883,612.4899835
927.2360093,548.3076539
927.4280303,495.3656169
927.6200512,494.2739328
927.8120722,476.6252376
928.0040932,478.4712544
928.1961142,412.5201813
928.3881352,324.3127719
928.5801562,297.8695424
928.7721772,174.6888698
928.9641981,241.3769535
929.1562191,157.3734671
929.3482401,134.5030163
929.5402611,68.93016765
929.7322821,130.4158135
929.9243031,129.1956895
930.1163241,103.9556157
930.3083451,61.3608657
930.500366,117.4920771
930.692387,81.8293733
930.884408,14.13063837
931.076429,71.62866463
931.26845,57.64164062
931.460471,5.11478598
931.652492,23.36222732
931.8445129,50.76065723
932.0365339,29.42552826
932.2285549,-34.36049076
932.4205759,6.28119317
932.6125969,51.2996209
932.8046179,68.68699341
932.9966389,66.03055532
933.1886599,33.82141477
933.3806808,-8.092626696
933.5727018,21.28765575
933.7647228,64.49521367
933.9567438,79.2307551
934.1487648,36.33068052
934.3407858,29.96079167
934.5328068,27.11490251
934.7248277,59.53694477
934.9168487,83.81415365
935.1088697,66.35819405
935.3008907,42.48453616
935.4929117,45.36395968
935.6849327,26.79662041
935.8769537,17.26539842
936.0689747,21.04303016
936.2609956,77.23435388
936.4530166,21.48095878
936.6450376,64.35929438
936.8370586,12.69725857
937.0290796,66.92003767
937.2211006,63.0622123
937.4131216,88.21764247
937.6051425,84.57461877
937.7971635,11.1742854
937.9891845,60.36031579
938.1812055,67.18579912
938.3732265,63.81223606
938.5652475,17.48135722
938.7572685,95.51996377
938.9492895,65.66284238
939.1413104,41.9882812
939.3333314,78.18055888
939.5253524,69.75849244
939.7173734,80.96668038
939.9093944,61.26306178
940.1014154,119.8211548
940.2934364,51.34252584
940.4854573,27.56069438
940.6774783,127.8269128
940.8694993,51.77484691
941.0615203,109.0457712
941.2535413,12.4290599
941.4455623,50.88048056
941.6375833,-3.278719828
941.8296043,5.481021115
942.0216252,95.03301831
942.2136462,29.06227949
942.4056672,29.99761472
942.5976882,38.08751653
942.7897092,14.21988197
942.9817302,-84.22826193
943.1737512,26.82693805
943.3657721,36.73469685
943.5577931,47.98374436
943.7498141,72.05631225
943.9418351,53.93081633
944.1338561,11.65740675
944.3258771,56.69588021
944.5178981,35.6942849
944.7099191,3.597322903
944.90194,-28.08986485
945.093961,-1.166846906
945.285982,71.16563688
945.478003,33.24905083
945.670024,0.225548181
945.862045,15.98037123
946.054066,28.52134185
946.2460869,-41.62722408
946.4381079,-10.79230264
946.6301289,-2.137034633
946.8221499,-5.665696282
947.0141709,-68.26361877
947.2061919,-64.94007338
947.3982129,30.50490496
947.5902339,29.71825282
947.7822548,-34.55382416
947.9742758,-17.67787041
948.1662968,48.79230798
948.3583178,-68.58301903
948.5503388,-16.7957608
948.7423598,1.157453685
948.9343808,48.28991863
949.1264017,10.6559232
949.3184227,-28.04346993
949.5104437,-43.01766891
949.7024647,-7.922140511
949.8944857,25.95168187
950.0865067,13.98708325
950.2785277,35.54125609
950.4705487,21.41912081
950.6625696,5.60723286
950.8545906,2.230675321
951.0466116,-21.07296706
951.2386326,-41.58769821
951.4306536,-22.60042123
951.6226746,-37.79703581
951.8146956,49.88724009
952.0067165,-55.76306196
952.1987375,9.999288041
952.3907585,14.50851381
952.5827795,2.319975885
952.7748005,-14.77181779
952.9668215,-24.32345286
953.1588425,29.17898034
953.3508635,-50.4634791
953.5428844,21.36462245
953.7349054,-14.11771734
953.9269264,-28.82757534
954.1189474,-3.229117883
954.3109684,19.73941129
954.5029894,10.13015357
954.6950104,-8.660796558
954.8870313,8.278971408
955.0790523,26.42717765
955.2710733,-18.47665794
955.4630943,-3.367241531
955.6551153,43.89321542
955.8471363,50.69403032
956.0391573,57.71608182
956.2311783,24.65613871
956.4231992,32.63688461
956.6152202,-20.24896528
956.8072412,31.73309986
956.9992622,7.58611756
957.1912832,-46.39998918
957.3833042,-6.593701818
957.5753252,59.85842703
957.7673461,48.58910272
957.9593671,31.44972842
958.1513881,39.04649162
958.3434091,3.796153228
958.5354301,10.0630371
958.7274511,70.23993215
958.9194721,-43.97277285
959.111493,34.79548002
959.303514,44.38356872
959.495535,53.44862455
959.687556,75.35448661
959.879577,45.81082243
960.071598,85.33385353
960.263619,-1.190943877
960.45564,-64.90619027
960.6476609,-10.94032834
960.8396819,57.3147659
961.0317029,14.53790221
961.2237239,30.47272865
961.4157449,31.7829728
961.6077659,42.53180557
961.7997869,4.981891325
961.9918078,18.88462858
962.1838288,-41.12932091
962.3758498,15.05137934
962.5678708,35.33623355
962.7598918,7.624415849
962.9519128,-37.01098267
963.1439338,-12.10563199
963.3359548,-14.21530553
963.5279757,59.55098072
963.7199967,29.74466475
963.9120177,149.7029666
964.1040387,84.08029655
964.2960597,68.89020589
964.4880807,92.68521734
964.6801017,87.90649465
964.8721226,94.79435028
965.0641436,131.3962472
965.2561646,107.6989483
965.4481856,125.5704624
965.6402066,161.277337
965.8322276,126.7147815
966.0242486,145.0913046
966.2162696,180.2660289
966.4082905,178.3990132
966.6003115,208.4750633
966.7923325,234.8098897
966.9843535,262.6165469
967.1763745,181.7617384
967.3683955,269.6836068
967.5604165,336.7440857
967.7524374,357.420783
967.9444584,318.2332006
968.1364794,305.0812203
968.3285004,363.4410865
968.5205214,382.6750479
968.7125424,420.0227697
968.9045634,387.6943173
969.0965844,383.8509248
969.2886053,399.9109016
969.4806263,428.8727724
969.6726473,419.6519039
969.8646683,414.7063504
970.0566893,400.9366561
970.2487103,387.5072981
970.4407313,373.510208
970.6327522,349.2115785
970.8247732,360.9645741
971.0167942,324.9989225
971.2088152,360.9003911
971.4008362,347.6069342
971.5928572,253.7080897
971.7848782,242.0636708
971.9768992,255.8885008
972.1689201,229.533919
972.3609411,211.7755804
972.5529621,250.1641454
972.7449831,251.7485767
972.9370041,148.7662656
973.1290251,157.3155647
973.3210461,148.4354981
973.513067,112.6739858
973.705088,73.93404252
973.897109,66.45978115
974.08913,48.23143352
974.281151,45.22576392
974.473172,31.33517067
974.665193,-2.456953496
974.857214,-14.06545847
975.0492349,-55.14578571
975.2412559,1.973432129
975.4332769,-6.406150615
975.6252979,-2.685407358
975.8173189,-42.12661018
976.0093399,-15.2231973
976.2013609,19.64722316
976.3933818,10.58952049
976.5854028,-10.73283968
976.7774238,-11.08773885
976.9694448,-43.82847164
977.1614658,-21.85798893
977.3534868,-11.8394629
977.5455078,-43.86596583
977.7375288,-26.47754679
977.9295497,-10.03164895
978.1215707,56.18072809
978.3135917,23.18817521
978.5056127,-8.464371276
978.6976337,-2.9030735
978.8896547,-11.33949402
979.0816757,61.34992783
979.2736966,76.26309831
979.4657176,-1.43672018
979.6577386,43.05611916
979.8497596,53.50016465
980.0417806,47.10127163
980.2338016,-19.09372472
980.4258226,134.6514577
980.6178436,-0.066479149
980.8098645,48.13278597
981.0018855,47.83065919
981.1939065,29.06046734
981.3859275,48.93329982
981.5779485,123.9949236
981.7699695,43.41408146
981.9619905,42.36553597
982.1540114,39.89663198
982.3460324,20.42547503
982.5380534,109.9134787
982.7300744,110.9119682
982.9220954,54.77871003
983.1141164,74.61235466
983.3061374,49.31775878
983.4981584,140.1154358
983.6901793,68.99960381
983.8822003,71.19797595
984.0742213,50.38181567
984.2662423,64.07654634
984.4582633,35.77055446
984.6502843,42.61253691
984.8423053,5.968340189
985.0343262,14.09935999
985.2263472,26.46715876
985.4183682,31.71039783
985.6103892,40.75654891
985.8024102,67.90761305
985.9944312,104.5949408
986.1864522,63.97279386
986.3784732,79.80915684
986.5704941,57.20497569
986.7625151,28.430287
986.9545361,-6.105889519
987.1465571,-20.07194263
987.3385781,29.677272
987.5305991,-6.068345109
987.7226201,-22.48219954
987.914641,-68.6316965
988.106662,3.617825027
988.298683,3.793451919
988.490704,42.06727787
988.682725,13.23071471
988.874746,48.98659765
989.066767,17.77591453
989.258788,1.42490952
989.4508089,13.5239651
989.6428299,2.578717671
989.8348509,-35.91674587
990.0268719,8.234404333
990.2188929,53.78374912
990.4109139,-23.35669789
990.6029349,-19.8282605
990.7949558,-30.72057234
990.9869768,-47.75402577
991.1789978,22.08151715
991.3710188,-68.88287202
991.5630398,-0.595753276
991.7550608,-53.76964286
991.9470818,8.44535369
992.1391028,-164.6254704
992.3311237,-69.67667982
992.5231447,-8.584038724
992.7151657,21.72618633
992.9071867,-82.82504758
993.0992077,-18.74805595
993.2912287,-62.52781546
993.4832497,-41.1138947
993.6752706,-63.92214188
993.8672916,-27.30818401
994.0593126,-5.410563839
994.2513336,-10.26689608
994.4433546,11.5913093
994.6353756,61.6944799
994.8273966,25.96106514
995.0194176,41.53570013
995.2114385,23.80718175
995.4034595,54.17409784
995.5954805,-52.14261999
995.7875015,37.20212173
995.9795225,20.18986758
996.1715435,34.2871121
996.3635645,-41.33801843
996.5555854,-2.946446444
996.7476064,7.228497149
996.9396274,9.964864053
997.1316484,0.444709618
997.3236694,-66.41224512
997.5156904,-31.59049612
997.7077114,-39.22548807
997.8997324,-32.79082878
998.0917533,-9.436153699
998.2837743,-16.81304744
998.4757953,-8.137585087
998.6678163,33.23529739
998.8598373,-27.07278672
999.0518583,-65.77624996
999.2438793,-44.52255901
999.4359002,3.463544207
999.6279212,30.90806865
999.8199422,77.29050563
1000.011963,23.36159382
1000.203984,-10.94334696
1000.396005,30.79835395
1000.588026,18.85083438
1000.780047,-33.90805333
1000.972068,-0.96817891
1001.164089,-16.89486941
1001.35611,-0.742454754
1001.548131,-42.29928073
1001.740152,-23.83009515
1001.932173,-35.60894903
1002.124194,-4.295657329
1002.316215,-2.342924471
1002.508236,-41.4482673
1002.700257,52.94387163
1002.892278,51.15155331
1003.084299,-87.88093739
1003.27632,68.24527966
1003.468341,70.2626208
1003.660362,19.06915782
1003.852383,-23.97503958
1004.044404,-23.54437241
1004.236425,29.84731742
1004.428446,75.44902897
1004.620467,-19.58952521
1004.812488,70.21912847
1005.004509,4.022626303
1005.19653,-31.493877
1005.388551,-12.87025566
1005.580572,9.077130606
1005.772593,18.7931285
1005.964614,-21.12432107
1006.156635,-8.844506158
1006.348656,34.07703208
1006.540677,-3.419568723
1006.732698,-16.7718165
1006.924719,35.65169788
1007.11674,3.900896117
1007.308761,-47.87820049
1007.500782,-14.94207421
1007.692803,28.75935406
1007.884824,-40.39443814
1008.076845,-15.83209678
1008.268866,8.059852741
1008.460887,-15.83540817
1008.652908,-18.46835073
1008.844929,67.6144272
1009.03695,-9.509667261
1009.228971,-55.02824164
1009.420992,17.84452401
1009.613013,-27.48048713
1009.805034,-25.82712011
1009.997055,-10.64589373
1010.189075,-26.99020417
1010.381096,69.08637368
1010.573117,23.85325604
1010.765138,-3.155860679
1010.957159,-12.16909668
1011.14918,16.63286795
1011.341201,0.005166014
1011.533222,-18.89901647
1011.725243,4.703205194
1011.917264,-20.55343869
1012.109285,-40.88614268
1012.301306,-61.00593085
1012.493327,20.68579886
1012.685348,2.25834
1012.877369,36.20610477
1013.06939,8.188455393
1013.261411,-10.06738363
1013.453432,24.00417715
1013.645453,-41.01832349
1013.837474,-24.10639193
1014.029495,25.41148948
1014.221516,27.39582968
1014.413537,37.67507008
1014.605558,26.02808811
1014.797579,78.56382379
1014.9896,11.19295832
1015.181621,3.082336758
1015.373642,-2.858002696
1015.565663,-65.52663452
1015.757684,-16.51012811
1015.949705,75.62398457
1016.141726,-24.51421005
1016.333747,-21.04890449
1016.525768,1.696350961
1016.717789,72.28537629
1016.90981,-20.64540111
1017.101831,19.18930371
1017.293852,-68.41318686
1017.485873,3.801238945
1017.677894,59.73153444
1017.869915,22.62829864
1018.061936,0.227849966
1018.253957,13.25118668
1018.445978,-45.86254193
1018.637999,-78.48098495
1018.83002,28.52484608
1019.022041,8.55857603
1019.214062,48.76953166
1019.406083,40.11604154
1019.598104,20.29534907
1019.790125,-14.49005029
1019.982146,14.77905717
1020.174167,-11.61358691
1020.366188,42.85719197
1020.558209,-14.02439484
1020.75023,12.82439422
1020.942251,19.08341141
1021.134272,-2.159820816
1021.326293,-0.812255235
1021.518314,1.953317022
1021.710335,-6.30246128
1021.902356,-38.78534397
1022.094377,-40.22387418
1022.286398,-19.8617528
1022.478419,38.92686451
1022.67044,19.44462523
1022.862461,-81.7146372
1023.054482,26.21812535
1023.246503,4.817211929
1023.438524,-27.96357253
1023.630545,-18.20044873
1023.822566,-75.3697856
1024.014587,3.932634702
1024.206608,21.69178503
1024.398629,7.881434261
1024.590649,-13.68088251
1024.78267,-26.4117801
1024.974691,-22.5125333
1025.166712,-44.35512548
1025.358733,-24.0744204
1025.550754,19.27961534
1025.742775,39.67930721
1025.934796,-56.01841492
1026.126817,-22.95716609
1026.318838,-3.873836228
1026.510859,-0.957972385
1026.70288,-37.83136311
1026.894901,22.82874089
1027.086922,14.41987068
1027.278943,35.38377936
1027.470964,17.07311719
1027.662985,38.64982451
1027.855006,39.91987031
1028.047027,54.46046501
1028.239048,-15.39891927
1028.431069,68.36992057
1028.62309,4.286458134
1028.815111,-35.56086461
1029.007132,-11.22096206
1029.199153,-7.125058235
1029.391174,14.45739415
1029.583195,-65.61796696
1029.775216,48.74124389
1029.967237,-7.959934824
1030.159258,26.4700811
1030.351279,10.6196975
1030.5433,42.17400157
1030.735321,52.94406349
1030.927342,-18.39199837
1031.119363,-14.66554676
1031.311384,6.896776094
1031.503405,15.18278835
1031.695426,17.99815164
1031.887447,94.84667946
1032.079468,-31.34654605
1032.271489,-126.4879753
1032.46351,-64.69918403
1032.655531,-41.72408523
1032.847552,-80.30239518
1033.039573,39.43411419
1033.231594,-19.02321573
1033.423615,-3.502572733
1033.615636,-5.000548571
1033.807657,6.380424041
1033.999678,38.8309595
1034.191699,0.586208718
1034.38372,-55.43427825
1034.575741,42.64787031
1034.767762,-11.21009738
1034.959783,1.119106125
1035.151804,-10.89311486
1035.343825,17.49647811
1035.535846,2.766411898
1035.727867,-109.9981833
1035.919888,50.50654428
1036.111909,45.36008184
1036.30393,6.785226369
1036.495951,66.3400307
1036.687972,-43.33906529
1036.879993,-50.39979909
1037.072014,-84.48885202
1037.264035,-72.69695961
1037.456056,-25.84936169
1037.648077,58.2748088
1037.840098,16.57731486
1038.032119,-8.493905482
1038.22414,-5.272496363
1038.416161,-3.857165359
1038.608182,-34.42776503
1038.800203,-83.48220116
1038.992223,-15.07300886
1039.184244,34.86732339
1039.376265,41.86168368
1039.568286,-28.10665364
1039.760307,-4.736271635
1039.952328,33.30143904
1040.144349,20.21913333
1040.33637,38.96755581
1040.528391,24.84350315
1040.720412,52.68413779
1040.912433,-41.71871677
1041.104454,-9.609858276
1041.296475,33.59248981
1041.488496,-38.27683525
1041.680517,-3.205273181
1041.872538,-2.280811942
1042.064559,-9.329736639
1042.25658,13.9132331
1042.448601,39.17081779
1042.640622,-33.46922709
1042.832643,-51.29972007
1043.024664,-17.43267186
1043.216685,-2.581208327
1043.408706,32.25888263
1043.600727,0.67635365
1043.792748,-27.30032104
1043.984769,-24.42813199
1044.17679,40.57526531
1044.368811,-5.0308016
1044.560832,83.36611425
1044.752853,-6.247692494
1044.944874,32.53668452
1045.136895,35.24180593
1045.328916,-41.57300552
1045.520937,-17.1351858
1045.712958,9.405770805
1045.904979,35.43354243
1046.097,-24.73871363
