cm-1,A_norm
4000.0,0.0645017562062298
3999.0,0.0645296752672583
3998.0,0.0668650814748652
3997.0,0.0668650814748652
3996.0,0.0668650814748652
3995.0,0.0645575999479817
3994.0,0.0645296752672583
3993.0,0.0645296752672583
3992.0,0.062222660960121
3991.0,0.062222660960121
3990.0,0.0621949754380232
3989.0,0.0621949754380232
3988.0,0.0621949754380232
3987.0,0.0621949754380232
3986.0,0.0599158801919129
3985.0,0.062222660960121
3984.0,0.0645017562062298
3983.0,0.0645017562062298
3982.0,0.0645017562062298
3981.0,0.0645296752672583
3980.0,0.0645296752672583
3979.0,0.0622503520546277
3978.0,0.0645575999479817
3977.0,0.0645575999479817
3976.0,0.0645575999479817
3975.0,0.0622503520546277
3974.0,0.0645296752672583
3973.0,0.062222660960121
3972.0,0.0645296752672583
3971.0,0.0645296752672583
3970.0,0.0645575999479817
3969.0,0.0622780487232256
3968.0,0.0622780487232256
3967.0,0.0645855302501084
3966.0,0.0645855302501084
3965.0,0.0668650814748652
3964.0,0.0691444046874939
3963.0,0.0691160184067224
3962.0,0.0690876378385623
3961.0,0.0690876378385623
3960.0,0.0690876378385623
3959.0,0.0667806235314249
3958.0,0.0667806235314249
3957.0,0.0645017562062298
3956.0,0.0645017562062298
3955.0,0.0645296752672583
3954.0,0.0645296752672583
3953.0,0.0645575999479817
3952.0,0.0645575999479817
3951.0,0.0645575999479817
3950.0,0.0645575999479817
3949.0,0.0645296752672583
3948.0,0.0645017562062298
3947.0,0.0644738427632165
3946.0,0.0644738427632165
3945.0,0.0621672954866649
3944.0,0.0621672954866649
3943.0,0.0644738427632165
3942.0,0.0667806235314249
3941.0,0.0667806235314249
3940.0,0.0645017562062298
3939.0,0.0645017562062298
3938.0,0.0645017562062298
3937.0,0.0645296752672583
3936.0,0.062222660960121
3935.0,0.0576365569792833
3934.0,0.0576365569792833
3933.0,0.0599158801919129
3932.0,0.062222660960121
3931.0,0.062222660960121
3930.0,0.0645296752672583
3929.0,0.0668087705133682
3928.0,0.0668087705133682
3927.0,0.0645017562062298
3926.0,0.0645017562062298
3925.0,0.0645017562062298
3924.0,0.0668087705133682
3923.0,0.0668087705133682
3922.0,0.0645017562062298
3921.0,0.0645017562062298
3920.0,0.0645017562062298
3919.0,0.062222660960121
3918.0,0.062222660960121
3917.0,0.0645017562062298
3916.0,0.0668087705133682
3915.0,0.0645017562062298
3914.0,0.0621949754380232
3913.0,0.0621949754380232
3912.0,0.0621949754380232
3911.0,0.0598884281614707
3910.0,0.0598884281614707
3909.0,0.0575821143293041
3908.0,0.0575821143293041
3907.0,0.0575821143293041
3906.0,0.0552760338942797
3905.0,0.0575549012194732
3904.0,0.0598609816544992
3903.0,0.0621672954866649
3902.0,0.0621672954866649
3901.0,0.0621672954866649
3900.0,0.0644738427632165
3899.0,0.0621949754380232
3898.0,0.0621949754380232
3897.0,0.0598884281614707
3896.0,0.0598609816544992
3895.0,0.0598609816544992
3894.0,0.0575549012194732
3893.0,0.0529434403519145
3892.0,0.0483329125062903
3891.0,0.050638059824961
3890.0,0.0552490541343525
3889.0,0.0598609816544992
3888.0,0.0575549012194732
3887.0,0.0529434403519145
3886.0,0.0552490541343525
3885.0,0.0598609816544992
3884.0,0.0598884281614707
3883.0,0.0575821143293041
3882.0,0.0529969386481678
3881.0,0.0506910915630474
3880.0,0.0529969386481678
3879.0,0.0575821143293041
3878.0,0.0575821143293041
3877.0,0.0575821143293041
3876.0,0.0552760338942797
3875.0,0.0552760338942797
3874.0,0.0575821143293041
3873.0,0.0598609816544992
3872.0,0.050638059824961
3871.0,0.0414188693283143
3870.0,0.0460279983487331
3869.0,0.0575549012194732
3868.0,0.0598609816544992
3867.0,0.0575549012194732
3866.0,0.0552490541343525
3865.0,0.0621672954866649
3864.0,0.0598884281614707
3863.0,0.0575549012194732
3862.0,0.0552490541343525
3861.0,0.0552490541343525
3860.0,0.0575549012194732
3859.0,0.0575821143293041
3858.0,0.0645855302501084
3857.0,0.0785820824996413
3856.0,0.0902275089413804
3855.0,0.0901969563354975
3854.0,0.0831730632939756
3853.0,0.0808331835772655
3852.0,0.0785233631101069
3851.0,0.0761555490839359
3850.0,0.0737889283299565
3849.0,0.0691727966825991
3848.0,0.0645296752672583
3847.0,0.0576093329153616
3846.0,0.0529701868091582
3845.0,0.0483591924997673
3844.0,0.0483329125062903
3843.0,0.0483329125062903
3842.0,0.050638059824961
3841.0,0.0483329125062903
3840.0,0.0414188693283143
3839.0,0.0368106723865714
3838.0,0.0391146543711675
3837.0,0.0460279983487331
3836.0,0.0529434403519145
3835.0,0.0552490541343525
3834.0,0.0552490541343525
3833.0,0.0552490541343525
3832.0,0.0575549012194732
3831.0,0.0575821143293041
3830.0,0.0576093329153616
3829.0,0.0576093329153616
3828.0,0.0552760338942797
3827.0,0.0529701868091582
3826.0,0.0575549012194732
3825.0,0.0598609816544992
3824.0,0.0575549012194732
3823.0,0.0483329125062903
3822.0,0.0437233173051265
3821.0,0.050638059824961
3820.0,0.0575549012194732
3819.0,0.0575549012194732
3818.0,0.0529434403519145
3817.0,0.0529434403519145
3816.0,0.0621672954866649
3815.0,0.0668369231606113
3814.0,0.0645296752672583
3813.0,0.0575821143293041
3812.0,0.0552490541343525
3811.0,0.0575821143293041
3810.0,0.0598884281614707
3809.0,0.0575549012194732
3808.0,0.050638059824961
3807.0,0.050638059824961
3806.0,0.0575549012194732
3805.0,0.0575549012194732
3804.0,0.0529434403519145
3803.0,0.050638059824961
3802.0,0.0529434403519145
3801.0,0.0621949754380232
3800.0,0.0645575999479817
3799.0,0.0622503520546277
3798.0,0.0576093329153616
3797.0,0.0598609816544992
3796.0,0.0575549012194732
3795.0,0.0575549012194732
3794.0,0.0552490541343525
3793.0,0.0552490541343525
3792.0,0.0552490541343525
3791.0,0.0552490541343525
3790.0,0.0529434403519145
3789.0,0.0529701868091582
3788.0,0.0529969386481678
3787.0,0.0530236958705648
3786.0,0.0553300097027311
3785.0,0.0553030190831961
3784.0,0.0552760338942797
3783.0,0.0529701868091582
3782.0,0.0506645730267192
3781.0,0.0437749499349859
3780.0,0.0460800972536563
3779.0,0.0506645730267192
3778.0,0.0552490541343525
3777.0,0.0552490541343525
3776.0,0.0529434403519145
3775.0,0.0529434403519145
3774.0,0.0529701868091582
3773.0,0.0552760338942797
3772.0,0.0529701868091582
3771.0,0.0506645730267192
3770.0,0.0506645730267192
3769.0,0.0529434403519145
3768.0,0.050638059824961
3767.0,0.0483329125062903
3766.0,0.0483329125062903
3765.0,0.050638059824961
3764.0,0.0529434403519145
3763.0,0.0506645730267192
3762.0,0.050638059824961
3761.0,0.050638059824961
3760.0,0.0529434403519145
3759.0,0.0529434403519145
3758.0,0.050638059824961
3757.0,0.0529434403519145
3756.0,0.0575549012194732
3755.0,0.0598884281614707
3754.0,0.0645296752672583
3753.0,0.076126444044156
3752.0,0.0923857991855481
3751.0,0.1063532020432718
3750.0,0.1179556041281436
3749.0,0.120270351836902
3748.0,0.1156410915265648
3747.0,0.1086989638874144
3746.0,0.1109801124752643
3745.0,0.1156410915265648
3744.0,0.1249005527670386
3743.0,0.1248664832884508
3742.0,0.1201359959974808
3741.0,0.1269760182007971
3740.0,0.1431792528308622
3739.0,0.1617113541261449
3738.0,0.1663467353055258
3737.0,0.1663084780759368
3736.0,0.1616357901096346
3735.0,0.150017222514359
3734.0,0.138406897739962
3733.0,0.138406897739962
3732.0,0.1522960898395539
3731.0,0.1662319867659717
3730.0,0.1732236539745299
3729.0,0.1778604499614835
3728.0,0.1755419340313881
3727.0,0.1731847049890225
3726.0,0.1685108540911653
3725.0,0.1638768868562309
3724.0,0.1569277024163242
3723.0,0.1499806365225933
3722.0,0.140756820558505
3721.0,0.1291866076675057
3720.0,0.1153101023370854
3719.0,0.1014420419845633
3718.0,0.0921706359623324
3717.0,0.0875521653751282
3716.0,0.0875521653751282
3715.0,0.0944802223221148
3714.0,0.103752799356038
3713.0,0.122247298737284
3712.0,0.1384423079569272
3711.0,0.1453504355924577
3710.0,0.1453504355924577
3709.0,0.1430356878836984
3708.0,0.1407211752821214
3707.0,0.1407211752821214
3706.0,0.1407211752821214
3705.0,0.1361280304147668
3704.0,0.1338139878842944
3703.0,0.1268732698857849
3702.0,0.122247298737284
3701.0,0.122247298737284
3700.0,0.1245601669249352
3699.0,0.1245601669249352
3698.0,0.1222810716788244
3697.0,0.1200017484661976
3696.0,0.1199682034911719
3695.0,0.1153431712448816
3694.0,0.1129981727658592
3693.0,0.1106864777297102
3692.0,0.106031666681233
3691.0,0.0944802223221148
3690.0,0.0852432810528467
3689.0,0.0875521653751282
3688.0,0.0945421348399738
3687.0,0.094604072301065
3686.0,0.0922935492269197
3685.0,0.0876429365381818
3684.0,0.0829942028038246
3683.0,0.0806557633230379
3682.0,0.0737312151413379
3681.0,0.0690876378385623
3680.0,0.0690876378385623
3679.0,0.0737023672587986
3678.0,0.0737023672587986
3677.0,0.0690876378385623
3676.0,0.0667806235314249
3675.0,0.0690876378385623
3674.0,0.0690876378385623
3673.0,0.0598609816544992
3672.0,0.0529434403519145
3671.0,0.0552490541343525
3670.0,0.0598609816544992
3669.0,0.0621949754380232
3668.0,0.0576093329153616
3667.0,0.0529969386481678
3666.0,0.0506910915630474
3665.0,0.0506910915630474
3664.0,0.0529701868091582
3663.0,0.0506645730267192
3662.0,0.0460540451810958
3661.0,0.0483329125062903
3660.0,0.050638059824961
3659.0,0.050638059824961
3658.0,0.0483329125062903
3657.0,0.0460279983487331
3656.0,0.0483329125062903
3655.0,0.0483329125062903
3654.0,0.0460279983487331
3653.0,0.0414188693283143
3652.0,0.0391146543711675
3651.0,0.0414188693283143
3650.0,0.0460279983487331
3649.0,0.0552490541343525
3648.0,0.0644738427632165
3647.0,0.0691160184067224
3646.0,0.0714234999336037
3645.0,0.0714234999336037
3644.0,0.0714234999336037
3643.0,0.071452119895227
3642.0,0.0737600688311375
3641.0,0.0760682515425852
3640.0,0.0806853184815434
3639.0,0.0853033210911766
3638.0,0.0922320802179682
3637.0,0.099131518910417
3636.0,0.1014420419845633
3635.0,0.106031666681233
3634.0,0.1129653450549051
3633.0,0.1245261660624769
3632.0,0.138406897739962
3631.0,0.1476654184561581
3630.0,0.1522960898395539
3629.0,0.1546117784548525
3628.0,0.1522960898395539
3627.0,0.1430715682672627
3626.0,0.1315001803177768
3625.0,0.1245601669249352
3624.0,0.1175889696622785
3623.0,0.1014103862356113
3622.0,0.0760100824665318
3621.0,0.0529434403519145
3620.0,0.0460279983487331
3619.0,0.0552490541343525
3618.0,0.0737023672587986
3617.0,0.0829644137276539
3616.0,0.0806853184815434
3615.0,0.0737600688311375
3614.0,0.0714234999336037
3613.0,0.0760100824665318
3612.0,0.0806557633230379
3611.0,0.0899222597508105
3610.0,0.1015053726136204
3609.0,0.1084721326535886
3608.0,0.1130638480322522
3607.0,0.1130310070909742
3606.0,0.1106864777297102
3605.0,0.1083750171810686
3604.0,0.1084073824836013
3603.0,0.1107516838783439
3602.0,0.1130966955916851
3601.0,0.1154093290537867
3600.0,0.1154093290537867
3599.0,0.1130638480322522
3598.0,0.1130310070909742
3597.0,0.1130310070909742
3596.0,0.1130310070909742
3595.0,0.1107190775197491
3594.0,0.1107190775197491
3593.0,0.1084073824836013
3592.0,0.1060959219349583
3591.0,0.1037846958262516
3590.0,0.10147370410993
3589.0,0.0968836235258236
3588.0,0.0945421348399738
3587.0,0.0922013549969204
3586.0,0.0898612836624803
3585.0,0.0829644137276539
3584.0,0.0806557633230379
3583.0,0.0737600688311375
3582.0,0.0691727966825991
3581.0,0.0668650814748652
3580.0,0.0645575999479817
3579.0,0.0622503520546277
3578.0,0.0645296752672583
3577.0,0.0645296752672583
3576.0,0.0622503520546277
3575.0,0.0645296752672583
3574.0,0.062222660960121
3573.0,0.0599158801919129
3572.0,0.0599158801919129
3571.0,0.062222660960121
3570.0,0.0645296752672583
3569.0,0.0668369231606113
3568.0,0.0691727966825991
3567.0,0.0737889283299565
3566.0,0.0692011943937523
3565.0,0.0668932454578416
3564.0,0.0645575999479817
3563.0,0.0622503520546277
3562.0,0.0599158801919129
3561.0,0.0576093329153616
3560.0,0.0553030190831961
3559.0,0.0529969386481678
3558.0,0.0507176154355408
3557.0,0.0507176154355408
3556.0,0.0507176154355408
3555.0,0.0507176154355408
3554.0,0.0507176154355408
3553.0,0.0529969386481678
3552.0,0.0529969386481678
3551.0,0.0553030190831961
3550.0,0.0553030190831961
3549.0,0.0576365569792833
3548.0,0.0599433377474923
3547.0,0.0599433377474923
3546.0,0.0576365569792833
3545.0,0.0553300097027311
3544.0,0.0553030190831961
3543.0,0.0529969386481678
3542.0,0.0529701868091582
3541.0,0.0506645730267192
3540.0,0.0529434403519145
3539.0,0.050638059824961
3538.0,0.050638059824961
3537.0,0.050638059824961
3536.0,0.050638059824961
3535.0,0.050638059824961
3534.0,0.0483329125062903
3533.0,0.0460540451810958
3532.0,0.0460540451810958
3531.0,0.0483591924997673
3530.0,0.0483854777806096
3529.0,0.0506910915630474
3528.0,0.0529969386481678
3527.0,0.0553030190831961
3526.0,0.0553030190831961
3525.0,0.0553030190831961
3524.0,0.0507176154355408
3523.0,0.0484117683504194
3522.0,0.0483854777806096
3521.0,0.0460800972536563
3520.0,0.0483591924997673
3519.0,0.0460800972536563
3518.0,0.0460800972536563
3517.0,0.0460800972536563
3516.0,0.0483854777806096
3515.0,0.0483854777806096
3514.0,0.0483854777806096
3513.0,0.0506910915630474
3512.0,0.0506910915630474
3511.0,0.0506910915630474
3510.0,0.0506910915630474
3509.0,0.0506910915630474
3508.0,0.0506910915630474
3507.0,0.0506910915630474
3506.0,0.0484117683504194
3505.0,0.0484117683504194
3504.0,0.0461322171256608
3503.0,0.0461322171256608
3502.0,0.0484117683504194
3501.0,0.0461061545679808
3500.0,0.0461061545679808
3499.0,0.0438266033432229
3498.0,0.0438266033432229
3497.0,0.0461061545679808
3496.0,0.0460800972536563
3495.0,0.0437749499349859
3494.0,0.0460540451810958
3493.0,0.0437749499349859
3492.0,0.0460800972536563
3491.0,0.0460800972536563
3490.0,0.0460800972536563
3489.0,0.0460800972536563
3488.0,0.0483854777806096
3487.0,0.0460800972536563
3486.0,0.0483591924997673
3485.0,0.0483591924997673
3484.0,0.0483591924997673
3483.0,0.0460800972536563
3482.0,0.0483591924997673
3481.0,0.0483591924997673
3480.0,0.0460540451810958
3479.0,0.0483329125062903
3478.0,0.0460540451810958
3477.0,0.0483591924997673
3476.0,0.0506645730267192
3475.0,0.0483854777806096
3474.0,0.0460800972536563
3473.0,0.0460800972536563
3472.0,0.0460800972536563
3471.0,0.0438007740410267
3470.0,0.0438007740410267
3469.0,0.0438007740410267
3468.0,0.0460800972536563
3467.0,0.0460800972536563
3466.0,0.0460800972536563
3465.0,0.0460540451810958
3464.0,0.0460540451810958
3463.0,0.0460540451810958
3462.0,0.0460540451810958
3461.0,0.0483329125062903
3460.0,0.0483329125062903
3459.0,0.0460279983487331
3458.0,0.0460279983487331
3457.0,0.0460279983487331
3456.0,0.0460279983487331
3455.0,0.0460279983487331
3454.0,0.0437491310235402
3453.0,0.0460540451810958
3452.0,0.0460540451810958
3451.0,0.0437749499349859
3450.0,0.0437749499349859
3449.0,0.0437749499349859
3448.0,0.0437749499349859
3447.0,0.0437749499349859
3446.0,0.0460800972536563
3445.0,0.0438007740410267
3444.0,0.0438007740410267
3443.0,0.041495626722358
3442.0,0.0437749499349859
3441.0,0.0460540451810958
3440.0,0.0460540451810958
3439.0,0.0460540451810958
3438.0,0.0460540451810958
3437.0,0.0460540451810958
3436.0,0.0437749499349859
3435.0,0.0460800972536563
3434.0,0.0460800972536563
3433.0,0.0460800972536563
3432.0,0.0460800972536563
3431.0,0.0437749499349859
3430.0,0.0437749499349859
3429.0,0.0437491310235402
3428.0,0.0460279983487331
3427.0,0.0437233173051265
3426.0,0.0437233173051265
3425.0,0.0437233173051265
3424.0,0.0460279983487331
3423.0,0.0483329125062903
3422.0,0.0460540451810958
3421.0,0.0460540451810958
3420.0,0.0437749499349859
3419.0,0.0414700357774289
3418.0,0.0437491310235402
3417.0,0.0437491310235402
3416.0,0.0460279983487331
3415.0,0.0460279983487331
3414.0,0.0460279983487331
3413.0,0.0437491310235402
3412.0,0.0437491310235402
3411.0,0.0437491310235402
3410.0,0.0437491310235402
3409.0,0.0437491310235402
3408.0,0.0414700357774289
3407.0,0.0414700357774289
3406.0,0.0414700357774289
3405.0,0.0414700357774289
3404.0,0.0414700357774289
3403.0,0.0414700357774289
3402.0,0.0437749499349859
3401.0,0.0437749499349859
3400.0,0.0437749499349859
3399.0,0.0460540451810958
3398.0,0.0460540451810958
3397.0,0.0460540451810958
3396.0,0.0460540451810958
3395.0,0.0460540451810958
3394.0,0.0483329125062903
3393.0,0.0460279983487331
3392.0,0.0460279983487331
3391.0,0.0460279983487331
3390.0,0.0437233173051265
3389.0,0.0437233173051265
3388.0,0.0414188693283143
3387.0,0.0414188693283143
3386.0,0.0414188693283143
3385.0,0.0414188693283143
3384.0,0.0414444499799327
3383.0,0.0414444499799327
3382.0,0.0414444499799327
3381.0,0.0414444499799327
3380.0,0.0391400020031196
3379.0,0.0391400020031196
3378.0,0.0391400020031196
3377.0,0.0414444499799327
3376.0,0.0414444499799327
3375.0,0.0414700357774289
3374.0,0.0391907125648001
3373.0,0.0391907125648001
3372.0,0.0391907125648001
3371.0,0.0391907125648001
3370.0,0.041495626722358
3369.0,0.0392160754975989
3368.0,0.0392160754975989
3367.0,0.0369111613400418
3366.0,0.0391907125648001
3365.0,0.0391907125648001
3364.0,0.0391907125648001
3363.0,0.0391907125648001
3362.0,0.041495626722358
3361.0,0.041495626722358
3360.0,0.0437749499349859
3359.0,0.0437491310235402
3358.0,0.0460540451810958
3357.0,0.0437749499349859
3356.0,0.0437749499349859
3355.0,0.0437749499349859
3354.0,0.0437491310235402
3353.0,0.0437491310235402
3352.0,0.0437491310235402
3351.0,0.0391653547338226
3350.0,0.0368860315211929
3349.0,0.0391653547338226
3348.0,0.0368609067570108
3347.0,0.0391400020031196
3346.0,0.0414188693283143
3345.0,0.0437233173051265
3344.0,0.0414444499799327
3343.0,0.0391400020031196
3342.0,0.0368609067570108
3341.0,0.0391653547338226
3340.0,0.0414700357774289
3339.0,0.0414700357774289
3338.0,0.0437749499349859
3337.0,0.0460540451810958
3336.0,0.0437491310235402
3335.0,0.0437491310235402
3334.0,0.0414444499799327
3333.0,0.0414444499799327
3332.0,0.0391653547338226
3331.0,0.0391653547338226
3330.0,0.0391653547338226
3329.0,0.0391653547338226
3328.0,0.0391653547338226
3327.0,0.0414444499799327
3326.0,0.0391400020031196
3325.0,0.0391400020031196
3324.0,0.0391400020031196
3323.0,0.0391400020031196
3322.0,0.0414444499799327
3321.0,0.0437233173051265
3320.0,0.0414188693283143
3319.0,0.0414188693283143
3318.0,0.0368357870459745
3317.0,0.0368609067570108
3316.0,0.0345815835443801
3315.0,0.0345815835443801
3314.0,0.0345815835443801
3313.0,0.0345566917998642
3312.0,0.0368357870459745
3311.0,0.0368357870459745
3310.0,0.0391400020031196
3309.0,0.0391653547338226
3308.0,0.0368860315211929
3307.0,0.0368860315211929
3306.0,0.0391653547338226
3305.0,0.0391400020031196
3304.0,0.0368357870459745
3303.0,0.0368357870459745
3302.0,0.0368357870459745
3301.0,0.0345566917998642
3300.0,0.0368609067570108
3299.0,0.0345566917998642
3298.0,0.0345566917998642
3297.0,0.0345566917998642
3296.0,0.0368609067570108
3295.0,0.0368609067570108
3294.0,0.0368609067570108
3293.0,0.0391400020031196
3292.0,0.0391400020031196
3291.0,0.0414188693283143
3290.0,0.0391146543711675
3289.0,0.0368106723865714
3288.0,0.0368106723865714
3287.0,0.0368106723865714
3286.0,0.0345318050613774
3285.0,0.0345318050613774
3284.0,0.0345318050613774
3283.0,0.0345318050613774
3282.0,0.0345318050613774
3281.0,0.0345318050613774
3280.0,0.0368357870459745
3279.0,0.0368357870459745
3278.0,0.0345566917998642
3277.0,0.0345566917998642
3276.0,0.0345566917998642
3275.0,0.0345566917998642
3274.0,0.0345318050613774
3273.0,0.0322280560022177
3272.0,0.0345318050613774
3271.0,0.0368106723865714
3270.0,0.0368106723865714
3269.0,0.0368106723865714
3268.0,0.0368106723865714
3267.0,0.0345069233274125
3266.0,0.0345069233274125
3265.0,0.0322034071465996
3264.0,0.0322034071465996
3263.0,0.0345069233274125
3262.0,0.0322280560022177
3261.0,0.0322280560022177
3260.0,0.0299489607561071
3259.0,0.0299245398214065
3258.0,0.0299245398214065
3257.0,0.0322280560022177
3256.0,0.0322280560022177
3255.0,0.0322527098152683
3254.0,0.0345566917998642
3253.0,0.0345566917998642
3252.0,0.0345566917998642
3251.0,0.0345566917998642
3250.0,0.0299733866026385
3249.0,0.0322527098152683
3248.0,0.0322527098152683
3247.0,0.0322527098152683
3246.0,0.0322773685872354
3245.0,0.0322773685872354
3244.0,0.0345815835443801
3243.0,0.0322773685872354
3242.0,0.0322773685872354
3241.0,0.0299733866026385
3240.0,0.0299489607561071
3239.0,0.0276454445752945
3238.0,0.0299245398214065
3237.0,0.0299245398214065
3236.0,0.0322280560022177
3235.0,0.0322280560022177
3234.0,0.0299489607561071
3233.0,0.0299489607561071
3232.0,0.0299489607561071
3231.0,0.0276454445752945
3230.0,0.0276454445752945
3229.0,0.0276212564718694
3228.0,0.0299001237970634
3227.0,0.0299001237970634
3226.0,0.0299001237970634
3225.0,0.0299001237970634
3224.0,0.0299245398214065
3223.0,0.0322280560022177
3222.0,0.0322527098152683
3221.0,0.0322773685872354
3220.0,0.0322773685872354
3219.0,0.0322773685872354
3218.0,0.0299733866026385
3217.0,0.0299489607561071
3216.0,0.0299245398214065
3215.0,0.0299245398214065
3214.0,0.0299245398214065
3213.0,0.0299245398214065
3212.0,0.0299245398214065
3211.0,0.0299245398214065
3210.0,0.0299245398214065
3209.0,0.0299245398214065
3208.0,0.0299245398214065
3207.0,0.0299245398214065
3206.0,0.0299245398214065
3205.0,0.0299245398214065
3204.0,0.0299245398214065
3203.0,0.0299245398214065
3202.0,0.0299245398214065
3201.0,0.0299245398214065
3200.0,0.0299245398214065
3199.0,0.0299245398214065
3198.0,0.0299245398214065
3197.0,0.0276212564718694
3196.0,0.0276212564718694
3195.0,0.0276212564718694
3194.0,0.0276212564718694
3193.0,0.0276454445752945
3192.0,0.0299245398214065
3191.0,0.0299245398214065
3190.0,0.0276454445752945
3189.0,0.0276454445752945
3188.0,0.0299489607561071
3187.0,0.0253661213626656
3186.0,0.0253661213626656
3185.0,0.0253421612257585
3184.0,0.0230391106604262
3183.0,0.0253182059065359
3182.0,0.0253182059065359
3181.0,0.0276212564718694
3180.0,0.0276212564718694
3179.0,0.0276212564718694
3178.0,0.0253182059065359
3177.0,0.0275970732317308
3176.0,0.0275970732317308
3175.0,0.0275970732317308
3174.0,0.0275970732317308
3173.0,0.0252942554035636
3172.0,0.0229916702655172
3171.0,0.0229916702655172
3170.0,0.0229916702655172
3169.0,0.0252942554035636
3168.0,0.0252942554035636
3167.0,0.0253182059065359
3166.0,0.0253182059065359
3165.0,0.0253182059065359
3164.0,0.0253182059065359
3163.0,0.0253182059065359
3162.0,0.0253182059065359
3161.0,0.0253182059065359
3160.0,0.0253182059065359
3159.0,0.0230153880783703
3158.0,0.0230153880783703
3157.0,0.0230153880783703
3156.0,0.0253182059065359
3155.0,0.0230391106604262
3154.0,0.0230391106604262
3153.0,0.0230391106604262
3152.0,0.0230153880783703
3151.0,0.0230153880783703
3150.0,0.0230153880783703
3149.0,0.0230153880783703
3148.0,0.0230391106604262
3147.0,0.0230391106604262
3146.0,0.0230391106604262
3145.0,0.0230391106604262
3144.0,0.0230391106604262
3143.0,0.0253182059065359
3142.0,0.0230153880783703
3141.0,0.0230153880783703
3140.0,0.0230153880783703
3139.0,0.0230153880783703
3138.0,0.0230153880783703
3137.0,0.0230153880783703
3136.0,0.0230153880783703
3135.0,0.0275970732317308
3134.0,0.0275970732317308
3133.0,0.0275970732317308
3132.0,0.0252942554035636
3131.0,0.0230153880783703
3130.0,0.0207128029403231
3129.0,0.0207362928322592
3128.0,0.0207362928322592
3127.0,0.0207362928322592
3126.0,0.0230153880783703
3125.0,0.0230153880783703
3124.0,0.0230153880783703
3123.0,0.0230153880783703
3122.0,0.0230153880783703
3121.0,0.0230153880783703
3120.0,0.0253182059065359
3119.0,0.0230153880783703
3118.0,0.0253182059065359
3117.0,0.0253182059065359
3116.0,0.0253182059065359
3115.0,0.0253182059065359
3114.0,0.0253182059065359
3113.0,0.0230391106604262
3112.0,0.0230391106604262
3111.0,0.0207362928322592
3110.0,0.0207362928322592
3109.0,0.0207362928322592
3108.0,0.0207362928322592
3107.0,0.0230153880783703
3106.0,0.0230153880783703
3105.0,0.0207362928322592
3104.0,0.0184337076942131
3103.0,0.0207128029403231
3102.0,0.0229916702655172
3101.0,0.0229916702655172
3100.0,0.0252942554035636
3099.0,0.0252942554035636
3098.0,0.0253182059065359
3097.0,0.0253182059065359
3096.0,0.0230391106604262
3095.0,0.0253182059065359
3094.0,0.0230153880783703
3093.0,0.0230153880783703
3092.0,0.0230153880783703
3091.0,0.0230153880783703
3090.0,0.0230153880783703
3089.0,0.0230153880783703
3088.0,0.0229916702655172
3087.0,0.0229916702655172
3086.0,0.0229916702655172
3085.0,0.0206893177705795
3084.0,0.0229916702655172
3083.0,0.0229916702655172
3082.0,0.0207128029403231
3081.0,0.0207128029403231
3080.0,0.0207128029403231
3079.0,0.0230153880783703
3078.0,0.0230391106604262
3077.0,0.0230391106604262
3076.0,0.0207362928322592
3075.0,0.0184337076942131
3074.0,0.0184104504453844
3073.0,0.0206893177705795
3072.0,0.0206893177705795
3071.0,0.0206893177705795
3070.0,0.0207128029403231
3069.0,0.0207362928322592
3068.0,0.0207362928322592
3067.0,0.0184569696196303
3066.0,0.0161543844815834
3065.0,0.0161543844815834
3064.0,0.013852031986645
3063.0,0.0161313551992756
3062.0,0.0184104504453844
3061.0,0.0184104504453844
3060.0,0.0229916702655172
3059.0,0.0229916702655172
3058.0,0.0229916702655172
3057.0,0.0229916702655172
3056.0,0.0207128029403231
3055.0,0.0207128029403231
3054.0,0.0184104504453844
3053.0,0.0183871978717421
3052.0,0.0183871978717421
3051.0,0.0183871978717421
3050.0,0.0161083305465486
3049.0,0.0184104504453844
3048.0,0.0207128029403231
3047.0,0.0206893177705795
3046.0,0.0206893177705795
3045.0,0.0206893177705795
3044.0,0.0183871978717421
3043.0,0.0183871978717421
3042.0,0.0183871978717421
3041.0,0.0161083305465486
3040.0,0.0138292353004384
3039.0,0.0161313551992756
3038.0,0.0138292353004384
3037.0,0.0138292353004384
3036.0,0.0138292353004384
3035.0,0.0138292353004384
3034.0,0.0161083305465486
3033.0,0.0161083305465486
3032.0,0.0161083305465486
3031.0,0.0184104504453844
3030.0,0.0184104504453844
3029.0,0.0184104504453844
3028.0,0.0161313551992756
3027.0,0.0161313551992756
3026.0,0.0161313551992756
3025.0,0.0161313551992756
3024.0,0.0161313551992756
3023.0,0.0184104504453844
3022.0,0.0184104504453844
3021.0,0.0184104504453844
3020.0,0.0161313551992756
3019.0,0.0184337076942131
3018.0,0.0184337076942131
3017.0,0.0207362928322592
3016.0,0.0207362928322592
3015.0,0.0184337076942131
3014.0,0.0184337076942131
3013.0,0.0161543844815834
3012.0,0.0161543844815834
3011.0,0.0161543844815834
3010.0,0.013852031986645
3009.0,0.0161313551992756
3008.0,0.0161083305465486
3007.0,0.0138064431968191
3006.0,0.0160853105220134
3005.0,0.0160853105220134
3004.0,0.0183871978717421
3003.0,0.0184104504453844
3002.0,0.0184104504453844
3001.0,0.0206893177705795
3000.0,0.0183871978717421
2999.0,0.0183871978717421
2998.0,0.0183871978717421
2997.0,0.0161083305465486
2996.0,0.0184104504453844
2995.0,0.0207128029403231
2994.0,0.0207128029403231
2993.0,0.0184104504453844
2992.0,0.0206893177705795
2991.0,0.0183871978717421
2990.0,0.0183871978717421
2989.0,0.0183871978717421
2988.0,0.0183871978717421
2987.0,0.0183871978717421
2986.0,0.0161083305465486
2985.0,0.0161083305465486
2984.0,0.0161083305465486
2983.0,0.0184104504453844
2982.0,0.0161083305465486
2981.0,0.0161083305465486
2980.0,0.0161083305465486
2979.0,0.0161083305465486
2978.0,0.0184104504453844
2977.0,0.0161083305465486
2976.0,0.0183871978717421
2975.0,0.0160853105220134
2974.0,0.0183871978717421
2973.0,0.0183871978717421
2972.0,0.0206893177705795
2971.0,0.0183871978717421
2970.0,0.0183871978717421
2969.0,0.0160853105220134
2968.0,0.0160853105220134
2967.0,0.0160853105220134
2966.0,0.0137836556744138
2965.0,0.0160853105220134
2964.0,0.0161083305465486
2963.0,0.0161083305465486
2962.0,0.0184104504453844
2961.0,0.0184104504453844
2960.0,0.0161313551992756
2959.0,0.0138292353004384
2958.0,0.0138292353004384
2957.0,0.0161083305465486
2956.0,0.0161083305465486
2955.0,0.0161083305465486
2954.0,0.0161083305465486
2953.0,0.0161083305465486
2952.0,0.0161083305465486
2951.0,0.0161083305465486
2950.0,0.0183871978717421
2949.0,0.0183871978717421
2948.0,0.0161083305465486
2947.0,0.0138292353004384
2946.0,0.0138292353004384
2945.0,0.0115499120878095
2944.0,0.0115499120878095
2943.0,0.0138292353004384
2942.0,0.0138292353004384
2941.0,0.0115499120878095
2940.0,0.0138292353004384
2939.0,0.0138292353004384
2938.0,0.0161083305465486
2937.0,0.0183871978717421
2936.0,0.0183871978717421
2935.0,0.0183871978717421
2934.0,0.0183871978717421
2933.0,0.0206893177705795
2932.0,0.0206893177705795
2931.0,0.0183871978717421
2930.0,0.0183871978717421
2929.0,0.0160853105220134
2928.0,0.0160853105220134
2927.0,0.0160853105220134
2926.0,0.0183871978717421
2925.0,0.0184104504453844
2924.0,0.0184104504453844
2923.0,0.0161083305465486
2922.0,0.0160853105220134
2921.0,0.0160853105220134
2920.0,0.0137836556744138
2919.0,0.0137836556744138
2918.0,0.0138064431968191
2917.0,0.0138064431968191
2916.0,0.0138064431968191
2915.0,0.0161083305465486
2914.0,0.0138064431968191
2913.0,0.0138064431968191
2912.0,0.0137836556744138
2911.0,0.0137836556744138
2910.0,0.0137836556744138
2909.0,0.0160853105220134
2908.0,0.0160853105220134
2907.0,0.0160853105220134
2906.0,0.0160853105220134
2905.0,0.0160853105220134
2904.0,0.0160853105220134
2903.0,0.0160853105220134
2902.0,0.0160853105220134
2901.0,0.0160853105220134
2900.0,0.0160853105220134
2899.0,0.0138064431968191
2898.0,0.0138064431968191
2897.0,0.0138064431968191
2896.0,0.0115047883492186
2895.0,0.0115047883492186
2894.0,0.0115047883492186
2893.0,0.0138064431968191
2892.0,0.0138064431968191
2891.0,0.0138292353004384
2890.0,0.0138292353004384
2889.0,0.0115273479507101
2888.0,0.0138064431968191
2887.0,0.0115047883492186
2886.0,0.0115047883492186
2885.0,0.0137836556744138
2884.0,0.0137836556744138
2883.0,0.0137836556744138
2882.0,0.0137836556744138
2881.0,0.0115047883492186
2880.0,0.0115047883492186
2879.0,0.0115047883492186
2878.0,0.0115047883492186
2877.0,0.0092033659567943
2876.0,0.0092033659567943
2875.0,0.0114822332819879
2874.0,0.0114822332819879
2873.0,0.0114822332819879
2872.0,0.0114822332819879
2871.0,0.0114822332819879
2870.0,0.0114822332819879
2869.0,0.0114822332819879
2868.0,0.0114822332819879
2867.0,0.0114822332819879
2866.0,0.0137836556744138
2865.0,0.0115047883492186
2864.0,0.0115047883492186
2863.0,0.0092033659567943
2862.0,0.0114822332819879
2861.0,0.0114822332819879
2860.0,0.0114822332819879
2859.0,0.0114822332819879
2858.0,0.0137836556744138
2857.0,0.0137836556744138
2856.0,0.0137836556744138
2855.0,0.0137836556744138
2854.0,0.0137836556744138
2853.0,0.0137836556744138
2852.0,0.0137836556744138
2851.0,0.0114822332819879
2850.0,0.0114822332819879
2849.0,0.0069021759725847
2848.0,0.0069021759725847
2847.0,0.006924270710685
2846.0,0.006924270710685
2845.0,0.004623080726474
2844.0,0.004623080726474
2843.0,0.0046012183496603
2842.0,0.0046012183496603
2841.0,0.0091810432977792
2840.0,0.0114822332819879
2839.0,0.0114822332819879
2838.0,0.0114822332819879
2837.0,0.0114822332819879
2836.0,0.0091810432977792
2835.0,0.0091810432977792
2834.0,0.0091810432977792
2833.0,0.0091810432977792
2832.0,0.0068800856748531
2831.0,0.0068800856748531
2830.0,0.0068800856748531
2829.0,0.0091810432977792
2828.0,0.0091810432977792
2827.0,0.0092033659567943
2826.0,0.0115047883492186
2825.0,0.0092033659567943
2824.0,0.0114822332819879
2823.0,0.0091810432977792
2822.0,0.0091810432977792
2821.0,0.0069021759725847
2820.0,0.0069021759725847
2819.0,0.0069021759725847
2818.0,0.0069021759725847
2817.0,0.0091810432977792
2816.0,0.0091810432977792
2815.0,0.0091810432977792
2814.0,0.0069021759725847
2813.0,0.0069021759725847
2812.0,0.0069021759725847
2811.0,0.0069021759725847
2810.0,0.0068800856748531
2809.0,0.0068800856748531
2808.0,0.0046012183496603
2807.0,0.0046012183496603
2806.0,0.0046012183496603
2805.0,0.004623080726474
2804.0,0.0069021759725847
2803.0,0.0092033659567943
2802.0,0.0092033659567943
2801.0,0.0069021759725847
2800.0,0.0069021759725847
2799.0,0.0068800856748531
2798.0,0.0045793603662971
2797.0,0.0045793603662971
2796.0,0.0068800856748531
2795.0,0.0068800856748531
2794.0,0.0091810432977792
2793.0,0.0091810432977792
2792.0,0.0091810432977792
2791.0,0.0091810432977792
2790.0,0.0069021759725847
2789.0,0.0069021759725847
2788.0,0.0046012183496603
2787.0,0.0046012183496603
2786.0,0.0046012183496603
2785.0,0.0046012183496603
2784.0,0.0068800856748531
2783.0,0.0068800856748531
2782.0,0.0068800856748531
2781.0,0.0068800856748531
2780.0,0.0068800856748531
2779.0,0.0045793603662971
2778.0,0.0045793603662971
2777.0,0.0045793603662971
2776.0,0.0068800856748531
2775.0,0.0068800856748531
2774.0,0.0068800856748531
2773.0,0.0068800856748531
2772.0,0.0068800856748531
2771.0,0.0068800856748531
2770.0,0.0068800856748531
2769.0,0.0068800856748531
2768.0,0.0068800856748531
2767.0,0.0068800856748531
2766.0,0.0068800856748531
2765.0,0.0068800856748531
2764.0,0.0068800856748531
2763.0,0.0068800856748531
2762.0,0.0046012183496603
2761.0,0.0046012183496603
2760.0,0.0046012183496603
2759.0,0.0046012183496603
2758.0,0.0046012183496603
2757.0,0.0046012183496603
2756.0,0.0046012183496603
2755.0,0.0046012183496603
2754.0,0.0046012183496603
2753.0,0.0046012183496603
2752.0,0.0046012183496603
2751.0,0.0023004930411033
2750.0,0.0023004930411033
2749.0,0.0023004930411033
2748.0,0.0023004930411033
2747.0,0.0045793603662971
2746.0,0.0045793603662971
2745.0,0.0045793603662971
2744.0,0.0022788673251946
2743.0,0.0022788673251946
2742.0,0.0022788673251946
2741.0,0.0022788673251946
2740.0,0.0045793603662971
2739.0,0.0045793603662971
2738.0,0.0045793603662971
2737.0,0.0046012183496603
2736.0,0.0046012183496603
2735.0,0.0046012183496603
2734.0,0.0046012183496603
2733.0,0.0046012183496603
2732.0,0.0023004930411033
2731.0,0.0023004930411033
2730.0,0.0023004930411033
2729.0,0.0023004930411033
2728.0,0.0045793603662971
2727.0,0.0022788673251946
2726.0,0.0022788673251946
2725.0,0.0
2724.0,0.0
2723.0,2.139779499244878e-05
2722.0,0.0
2721.0,0.0
2720.0,-2.139349533586047e-05
2719.0,-2.139349533586047e-05
2718.0,-2.139349533586047e-05
2717.0,-2.139349533586047e-05
2716.0,0.0022788673251946
2715.0,0.0
2714.0,0.0023004930411033
2713.0,0.0023004930411033
2712.0,0.0046012183496603
2711.0,0.0023004930411033
2710.0,0.0023004930411033
2709.0,0.0
2708.0,0.0
2707.0,0.0
2706.0,0.0022788673251946
2705.0,0.0022788673251946
2704.0,0.0022788673251946
2703.0,-2.139349533586047e-05
2702.0,-2.139349533586047e-05
2701.0,-2.139349533586047e-05
2700.0,-2.139349533586047e-05
2699.0,-2.139349533586047e-05
2698.0,-2.139349533586047e-05
2697.0,-2.139349533586047e-05
2696.0,-2.139349533586047e-05
2695.0,-2.139349533586047e-05
2694.0,-2.139349533586047e-05
2693.0,-2.139349533586047e-05
2692.0,-2.139349533586047e-05
2691.0,-0.0023214221421824
2690.0,-0.0023214221421824
2689.0,-2.139349533586047e-05
2688.0,-0.0023002608205288
2687.0,-0.0022790952461097
2686.0,-0.0022790952461097
2685.0,-0.0022790952461097
2684.0,-0.0023002608205288
2683.0,-0.0023002608205288
2682.0,-0.0023002608205288
2681.0,-0.0022790952461097
2680.0,2.139779499244878e-05
2679.0,2.139779499244878e-05
2678.0,0.0023004930411033
2677.0,0.0023004930411033
2676.0,0.0022788673251946
2675.0,0.0022788673251946
2674.0,-2.139349533586047e-05
2673.0,-2.139349533586047e-05
2672.0,-2.139349533586047e-05
2671.0,-2.139349533586047e-05
2670.0,-2.139349533586047e-05
2669.0,0.0022788673251946
2668.0,0.0022788673251946
2667.0,0.0022788673251946
2666.0,0.0022788673251946
2665.0,0.0022788673251946
2664.0,-2.139349533586047e-05
2663.0,-2.139349533586047e-05
2662.0,-2.139349533586047e-05
2661.0,-2.139349533586047e-05
2660.0,-2.139349533586047e-05
2659.0,-2.139349533586047e-05
2658.0,-2.139349533586047e-05
2657.0,-2.139349533586047e-05
2656.0,-0.0023214221421824
2655.0,-0.0023214221421824
2654.0,-0.0023214221421824
2653.0,-2.139349533586047e-05
2652.0,-2.139349533586047e-05
2651.0,0.0022788673251946
2650.0,0.0022788673251946
2649.0,0.0022788673251946
2648.0,0.0022788673251946
2647.0,-0.0023002608205288
2646.0,-0.0023002608205288
2645.0,-0.0023002608205288
2644.0,0.0
2643.0,-0.0022790952461097
2642.0,-0.0022790952461097
2641.0,-0.0022790952461097
2640.0,0.0
2639.0,-0.0023002608205288
2638.0,-0.0023002608205288
2637.0,-0.0023214221421824
2636.0,-0.0023214221421824
2635.0,-2.139349533586047e-05
2634.0,-2.139349533586047e-05
2633.0,-2.139349533586047e-05
2632.0,-0.0023214221421824
2631.0,-0.0046002894673763
2630.0,-0.0046002894673763
2629.0,-0.0068793847134863
2628.0,-0.00457935606664
2627.0,-0.00457935606664
2626.0,-2.139349533586047e-05
2625.0,-2.139349533586047e-05
2624.0,-0.0023214221421824
2623.0,-0.0023214221421824
2622.0,-0.0023214221421824
2621.0,-0.0023214221421824
2620.0,-0.0023214221421824
2619.0,-0.0023214221421824
2618.0,-0.0023214221421824
2617.0,-0.0046002894673763
2616.0,-0.0046002894673763
2615.0,-0.0046002894673763
2614.0,-0.0023002608205288
2613.0,-0.0023002608205288
2612.0,-0.0023002608205288
2611.0,-0.0046002894673763
2610.0,-0.0068793847134863
2609.0,-0.0068793847134863
2608.0,-0.00457935606664
2607.0,-0.0068793847134863
2606.0,-0.0046002894673763
2605.0,-0.0046002894673763
2604.0,-0.0046002894673763
2603.0,-0.0046002894673763
2602.0,-0.0046002894673763
2601.0,-0.0023214221421824
2600.0,-0.0023214221421824
2599.0,-0.0046212186622009
2598.0,-0.0046212186622009
2597.0,-0.0046212186622009
2596.0,-0.0069000859873957
2595.0,-0.0046002894673763
2594.0,-0.0046002894673763
2593.0,-0.0046002894673763
2592.0,-0.0046002894673763
2591.0,-0.0046002894673763
2590.0,-0.0046002894673763
2589.0,-0.0046002894673763
2588.0,-0.0046002894673763
2587.0,-0.0046002894673763
2586.0,-0.0046002894673763
2585.0,-0.0069000859873957
2584.0,-0.0069000859873957
2583.0,-0.0069207831022432
2582.0,-0.0069207831022432
2581.0,-0.0069207831022432
2580.0,-0.0069207831022432
2579.0,-0.0069207831022432
2578.0,-0.0069207831022432
2577.0,-0.0046212186622009
2576.0,-0.0046212186622009
2575.0,-0.0046212186622009
2574.0,-0.0046212186622009
2573.0,-0.0046212186622009
2572.0,-0.0046212186622009
2571.0,-0.0069000859873957
2570.0,-0.0069000859873957
2569.0,-0.0069000859873957
2568.0,-0.0069000859873957
2567.0,-0.0069000859873957
2566.0,-0.0046212186622009
2565.0,-0.0046212186622009
2564.0,-0.0046212186622009
2563.0,-0.0069000859873957
2562.0,-0.0069000859873957
2561.0,-0.0046212186622009
2560.0,-0.0046212186622009
2559.0,-0.0069000859873957
2558.0,-0.0069000859873957
2557.0,-0.0046212186622009
2556.0,-0.0046212186622009
2555.0,-0.0046212186622009
2554.0,-0.0046212186622009
2553.0,-0.0023214221421824
2552.0,-0.0046212186622009
2551.0,-0.0046212186622009
2550.0,-0.0046212186622009
2549.0,-0.0069000859873957
2548.0,-0.0046002894673763
2547.0,-0.0046002894673763
2546.0,-0.0046002894673763
2545.0,-0.0046002894673763
2544.0,-0.0069000859873957
2543.0,-0.0069000859873957
2542.0,-0.0091996504274364
2541.0,-0.0069207831022432
2540.0,-0.0046212186622009
2539.0,-0.0046212186622009
2538.0,-0.0046212186622009
2537.0,-0.0046212186622009
2536.0,-0.0046212186622009
2535.0,-0.0046212186622009
2534.0,-0.0046212186622009
2533.0,-0.0069207831022432
2532.0,-0.0069207831022432
2531.0,-0.0069207831022432
2530.0,-0.0069207831022432
2529.0,-0.0069207831022432
2528.0,-0.0069207831022432
2527.0,-0.0046212186622009
2526.0,-0.0046212186622009
2525.0,-0.0046212186622009
2524.0,-0.0069207831022432
2523.0,-0.0069207831022432
2522.0,-0.0069207831022432
2521.0,-0.0069207831022432
2520.0,-0.0069207831022432
2519.0,-0.0069207831022432
2518.0,-0.0069207831022432
2517.0,-0.0069207831022432
2516.0,-0.0069207831022432
2515.0,-0.0091996504274364
2514.0,-0.0069000859873957
2513.0,-0.0069000859873957
2512.0,-0.0091996504274364
2511.0,-0.0069207831022432
2510.0,-0.0092201155091445
2509.0,-0.0092201155091445
2508.0,-0.0115192159297284
2507.0,-0.0115192159297284
2506.0,-0.0115192159297284
2505.0,-0.0092201155091445
2504.0,-0.0092201155091445
2503.0,-0.0092201155091445
2502.0,-0.0092201155091445
2501.0,-0.0092201155091445
2500.0,-0.0092201155091445
2499.0,-0.0092201155091445
2498.0,-0.0069207831022432
2497.0,-0.0069207831022432
2496.0,-0.0069207831022432
2495.0,-0.0092201155091445
2494.0,-0.0115192159297284
2493.0,-0.0115192159297284
2492.0,-0.0115192159297284
2491.0,-0.0092201155091445
2490.0,-0.0092201155091445
2489.0,-0.0069207831022432
2488.0,-0.0069207831022432
2487.0,-0.0092201155091445
2486.0,-0.0115192159297284
2485.0,-0.0115192159297284
2484.0,-0.0115192159297284
2483.0,-0.0115192159297284
2482.0,-0.0115192159297284
2481.0,-0.0115192159297284
2480.0,-0.0115192159297284
2479.0,-0.0115192159297284
2478.0,-0.0115192159297284
2477.0,-0.0092201155091445
2476.0,-0.0115192159297284
2475.0,-0.0115192159297284
2474.0,-0.0138180844107939
2473.0,-0.0137980832549233
2472.0,-0.0137980832549233
2471.0,-0.0115192159297284
2470.0,-0.0115192159297284
2469.0,-0.0115192159297284
2468.0,-0.0115192159297284
2467.0,-0.0138180844107939
2466.0,-0.0138180844107939
2465.0,-0.0161167209991441
2464.0,-0.0161167209991441
2463.0,-0.0161167209991441
2462.0,-0.0160969517359873
2461.0,-0.0160969517359873
2460.0,-0.0115192159297284
2459.0,-0.0115192159297284
2458.0,-0.0114989828343386
2457.0,-0.0114989828343386
2456.0,-0.0114989828343386
2455.0,-0.0137980832549233
2454.0,-0.0115192159297284
2453.0,-0.0115192159297284
2452.0,-0.0115192159297284
2451.0,-0.0115192159297284
2450.0,-0.0115192159297284
2449.0,-0.0115192159297284
2448.0,-0.0092201155091445
2447.0,-0.0092201155091445
2446.0,-0.0069207831022432
2445.0,-0.0091996504274364
2444.0,-0.0091996504274364
2443.0,-0.0092201155091445
2442.0,-0.0115192159297284
2441.0,-0.0138180844107939
2440.0,-0.0138180844107939
2439.0,-0.0138180844107939
2438.0,-0.0138180844107939
2437.0,-0.0138180844107939
2436.0,-0.0138180844107939
2435.0,-0.0138180844107939
2434.0,-0.0138180844107939
2433.0,-0.0138180844107939
2432.0,-0.0138180844107939
2431.0,-0.0138180844107939
2430.0,-0.0138180844107939
2429.0,-0.0138180844107939
2428.0,-0.0138180844107939
2427.0,-0.0161167209991441
2426.0,-0.0161167209991441
2425.0,-0.0161167209991441
2424.0,-0.0161167209991441
2423.0,-0.0161167209991441
2422.0,-0.0161167209991441
2421.0,-0.0160969517359873
2420.0,-0.0160969517359873
2419.0,-0.0160969517359873
2418.0,-0.0137980832549233
2417.0,-0.0137980832549233
2416.0,-0.0137980832549233
2415.0,-0.0160969517359873
2414.0,-0.0160969517359873
2413.0,-0.0138180844107939
2412.0,-0.0161167209991441
2411.0,-0.0161167209991441
2410.0,-0.0161167209991441
2409.0,-0.0161167209991441
2408.0,-0.0161167209991441
2407.0,-0.0161167209991441
2406.0,-0.0161167209991441
2405.0,-0.0138180844107939
2404.0,-0.0160969517359873
2403.0,-0.0161167209991441
2402.0,-0.0161167209991441
2401.0,-0.0138180844107939
2400.0,-0.0138180844107939
2399.0,-0.0161167209991441
2398.0,-0.0161167209991441
2397.0,-0.0161167209991441
2396.0,-0.0161167209991441
2395.0,-0.0184151257415497
2394.0,-0.0184151257415497
2393.0,-0.0160969517359873
2392.0,-0.0160771785010313
2391.0,-0.0114787456735466
2390.0,-0.0022790952461097
2389.0,0.0115273479507101
2388.0,0.0322280560022177
2387.0,0.0598609816544992
2386.0,0.0967900427892728
2385.0,0.140756820558505
2384.0,0.1871368733744511
2383.0,0.2335757192798134
2382.0,0.2661877423407769
2381.0,0.2824886716133706
2380.0,0.2755011311694149
2379.0,0.2498984655077676
2378.0,0.2150320327364216
2377.0,0.189497178356463
2376.0,0.1779393151960039
2375.0,0.1872176271317059
2374.0,0.2220010527609492
2373.0,0.2638599897671922
2372.0,0.3034641580540767
2371.0,0.3291819898527167
2370.0,0.3502026241720339
2369.0,0.3618891385054431
2368.0,0.3665654229050388
2367.0,0.3642271607513032
2366.0,0.3619473814688017
2365.0,0.3642856436225363
2364.0,0.3713018700235064
2363.0,0.383000383448088
2362.0,0.4111013432923468
2361.0,0.4603615621544858
2360.0,0.5074484910603936
2359.0,0.5569226081715946
2358.0,0.5971344193827128
2357.0,0.6397058493447211
2356.0,0.6609322791111656
2355.0,0.63488532123893
2354.0,0.5922451354008487
2353.0,0.5709980160999942
2352.0,0.6017776490400661
2351.0,0.6396189178075267
2350.0,0.6443534978784251
2349.0,0.6396189178075267
2348.0,0.6561056175483747
2347.0,0.6869172026046219
2346.0,0.7058989061588824
2345.0,0.7037124883143604
2344.0,0.7014320245847322
2343.0,0.710929798526235
2342.0,0.7418249317345976
2341.0,0.7750424728901241
2340.0,0.7916155379544184
2339.0,0.7820859889188251
2338.0,0.763038838045567
2337.0,0.751142448425725
2336.0,0.763038838045567
2335.0,0.8036371023445599
2334.0,0.8681065132489552
2333.0,0.9255661792455844
2332.0,0.9759625148604828
2331.0,1.0
2330.0,0.9783651226753756
2329.0,0.9279634791056954
2328.0,0.8776730683009885
2327.0,0.8681065132489552
2326.0,0.8944242096796087
2325.0,0.9279634791056954
2324.0,0.9327588355626316
2323.0,0.908677089739022
2322.0,0.8703867487838776
2321.0,0.8344406473118015
2320.0,0.7938955453403116
2319.0,0.7414347606850503
2318.0,0.6797120561313431
2317.0,0.6252502151315036
2316.0,0.5874403401511495
2315.0,0.5590454948838275
2314.0,0.5236283102454787
2313.0,0.4859940592483465
2312.0,0.4507683082249582
2311.0,0.4273796423269883
2310.0,0.4133176031277314
2309.0,0.4038851854240431
2308.0,0.3945201246534751
2307.0,0.3874988539772929
2306.0,0.3734627994532856
2305.0,0.3524249147776599
2304.0,0.3337408642901023
2303.0,0.3104602796254609
2302.0,0.2941393359089133
2301.0,0.2801592533849922
2300.0,0.2638599897671922
2299.0,0.2498516994212527
2298.0,0.2312515279575647
2297.0,0.2149456216235818
2296.0,0.1963757652028162
2295.0,0.1778210292774973
2294.0,0.161598019531038
2293.0,0.140792473021153
2292.0,0.1268732698857849
2291.0,0.1106864777297102
2290.0,0.0945111754640793
2289.0,0.0783473467886959
2288.0,0.0645017562062298
2287.0,0.0506645730267192
2286.0,0.0368357870459745
2285.0,0.0276212564718694
2284.0,0.0229916702655172
2283.0,0.0206893177705795
2282.0,0.0229916702655172
2281.0,0.0252942554035636
2280.0,0.0275970732317308
2279.0,0.0299001237970634
2278.0,0.0322034071465996
2277.0,0.0322034071465996
2276.0,0.0322034071465996
2275.0,0.0322034071465996
2274.0,0.0322034071465996
2273.0,0.0322034071465996
2272.0,0.0322034071465996
2271.0,0.0322034071465996
2270.0,0.0322034071465996
2269.0,0.0322034071465996
2268.0,0.0276212564718694
2267.0,0.0253421612257585
2266.0,0.0276212564718694
2265.0,0.0253182059065359
2264.0,0.0230153880783703
2263.0,0.0230153880783703
2262.0,0.0207128029403231
2261.0,0.0184104504453844
2260.0,0.0138064431968191
2259.0,0.0115047883492186
2258.0,0.0091810432977792
2257.0,0.0068800856748531
2256.0,0.0068800856748531
2255.0,0.0045793603662971
2254.0,0.0045793603662971
2253.0,-2.139349533586047e-05
2252.0,-0.0023214221421824
2251.0,-0.0046212186622009
2250.0,-0.0069207831022432
2249.0,-0.0069207831022432
2248.0,-0.0092201155091445
2247.0,-0.0115192159297284
2246.0,-0.0115192159297284
2245.0,-0.0138180844107939
2244.0,-0.0161167209991441
2243.0,-0.0161167209991441
2242.0,-0.0184151257415497
2241.0,-0.0184151257415497
2240.0,-0.020713298684775
2239.0,-0.020713298684775
2238.0,-0.020713298684775
2237.0,-0.0229921660099684
2236.0,-0.0206939930667448
2235.0,-0.0229921660099684
2234.0,-0.0229921660099684
2233.0,-0.0230112398755779
2232.0,-0.0253089493606869
2231.0,-0.0253089493606869
2230.0,-0.0253089493606869
2229.0,-0.0253089493606869
2228.0,-0.0230112398755779
2227.0,-0.0252901072007723
2226.0,-0.0252901072007723
2225.0,-0.0252901072007723
2224.0,-0.0252901072007723
2223.0,-0.0230112398755779
2222.0,-0.0230112398755779
2221.0,-0.0253089493606869
2220.0,-0.0276064271868264
2219.0,-0.0276064271868264
2218.0,-0.0276064271868264
2217.0,-0.0276064271868264
2216.0,-0.0253089493606869
2215.0,-0.0253089493606869
2214.0,-0.0253089493606869
2213.0,-0.0253089493606869
2212.0,-0.0253089493606869
2211.0,-0.0253089493606869
2210.0,-0.0253089493606869
2209.0,-0.0276064271868264
2208.0,-0.02988529451202
2207.0,-0.02988529451202
2206.0,-0.02988529451202
2205.0,-0.0276064271868264
2204.0,-0.0276064271868264
2203.0,-0.0276064271868264
2202.0,-0.0276064271868264
2201.0,-0.0276064271868264
2200.0,-0.0276064271868264
2199.0,-0.0276064271868264
2198.0,-0.0276064271868264
2197.0,-0.0299036734007041
2196.0,-0.0299036734007041
2195.0,-0.0299036734007041
2194.0,-0.0299036734007041
2193.0,-0.0276064271868264
2192.0,-0.0276064271868264
2191.0,-0.0253089493606869
2190.0,-0.0275878166858821
2189.0,-0.0276064271868264
2188.0,-0.0276064271868264
2187.0,-0.0276064271868264
2186.0,-0.0276064271868264
2185.0,-0.0276064271868264
2184.0,-0.0276064271868264
2183.0,-0.0276064271868264
2182.0,-0.0276064271868264
2181.0,-0.0299036734007041
2180.0,-0.0299036734007041
2179.0,-0.0299036734007041
2178.0,-0.0276064271868264
2177.0,-0.0276064271868264
2176.0,-0.0276064271868264
2175.0,-0.0276064271868264
2174.0,-0.0299036734007041
2173.0,-0.0299036734007041
2172.0,-0.0322006880490139
2171.0,-0.0322006880490139
2170.0,-0.0322006880490139
2169.0,-0.0322006880490139
2168.0,-0.0322006880490139
2167.0,-0.0299036734007041
2166.0,-0.0276064271868264
2165.0,-0.0276064271868264
2164.0,-0.0299036734007041
2163.0,-0.0299036734007041
2162.0,-0.0299036734007041
2161.0,-0.0322006880490139
2160.0,-0.0322006880490139
2159.0,-0.0299036734007041
2158.0,-0.02988529451202
2157.0,-0.02988529451202
2156.0,-0.02988529451202
2155.0,-0.0276064271868264
2154.0,-0.0299036734007041
2153.0,-0.0299036734007041
2152.0,-0.0322006880490139
2151.0,-0.0322006880490139
2150.0,-0.0322006880490139
2149.0,-0.0322006880490139
2148.0,-0.0299036734007041
2147.0,-0.0299036734007041
2146.0,-0.0299036734007041
2145.0,-0.0299036734007041
2144.0,-0.0299036734007041
2143.0,-0.0299036734007041
2142.0,-0.0299036734007041
2141.0,-0.0299036734007041
2140.0,-0.0321825407258986
2139.0,-0.02988529451202
2138.0,-0.02988529451202
2137.0,-0.02988529451202
2136.0,-0.0299036734007041
2135.0,-0.0299036734007041
2134.0,-0.0321825407258986
2133.0,-0.0321825407258986
2132.0,-0.0321825407258986
2131.0,-0.0321825407258986
2130.0,-0.0321825407258986
2129.0,-0.0299036734007041
2128.0,-0.0322006880490139
2127.0,-0.0322006880490139
2126.0,-0.0344974711784351
2125.0,-0.0322006880490139
2124.0,-0.0322006880490139
2123.0,-0.0322006880490139
2122.0,-0.0299036734007041
2121.0,-0.0322006880490139
2120.0,-0.0322006880490139
2119.0,-0.0322006880490139
2118.0,-0.0322006880490139
2117.0,-0.0322006880490139
2116.0,-0.0322006880490139
2115.0,-0.0321825407258986
2114.0,-0.0321825407258986
2113.0,-0.0344795553742067
2112.0,-0.0344795553742067
2111.0,-0.0322006880490139
2110.0,-0.0344974711784351
2109.0,-0.0344974711784351
2108.0,-0.0344974711784351
2107.0,-0.0344974711784351
2106.0,-0.0322006880490139
2105.0,-0.0322006880490139
2104.0,-0.0322006880490139
2103.0,-0.0322006880490139
2102.0,-0.0344974711784351
2101.0,-0.0344974711784351
2100.0,-0.0344974711784351
2099.0,-0.0344974711784351
2098.0,-0.0322006880490139
2097.0,-0.0322006880490139
2096.0,-0.0322006880490139
2095.0,-0.0321825407258986
2094.0,-0.0321825407258986
2093.0,-0.0299036734007041
2092.0,-0.0299036734007041
2091.0,-0.0299036734007041
2090.0,-0.0299036734007041
2089.0,-0.0321825407258986
2088.0,-0.0321825407258986
2087.0,-0.0321825407258986
2086.0,-0.0344795553742067
2085.0,-0.0344795553742067
2084.0,-0.0367763385036288
2083.0,-0.0367763385036288
2082.0,-0.0367763385036288
2081.0,-0.0344974711784351
2080.0,-0.0344974711784351
2079.0,-0.0322006880490139
2078.0,-0.0299036734007041
2077.0,-0.0299036734007041
2076.0,-0.0299036734007041
2075.0,-0.0322006880490139
2074.0,-0.0322006880490139
2073.0,-0.0344974711784351
2072.0,-0.0367940228356358
2071.0,-0.0344974711784351
2070.0,-0.0367763385036288
2069.0,-0.0344974711784351
2068.0,-0.0344974711784351
2067.0,-0.0344974711784351
2066.0,-0.0344974711784351
2065.0,-0.0344974711784351
2064.0,-0.0344974711784351
2063.0,-0.0344974711784351
2062.0,-0.0344974711784351
2061.0,-0.0367940228356358
2060.0,-0.0367940228356358
2059.0,-0.0367940228356358
2058.0,-0.0367940228356358
2057.0,-0.0367940228356358
2056.0,-0.0390728901608304
2055.0,-0.0390728901608304
2054.0,-0.0367940228356358
2053.0,-0.0367940228356358
2052.0,-0.0367940228356358
2051.0,-0.0367940228356358
2050.0,-0.0367940228356358
2049.0,-0.0367940228356358
2048.0,-0.0344974711784351
2047.0,-0.0344974711784351
2046.0,-0.0322006880490139
2045.0,-0.0344795553742067
2044.0,-0.0344795553742067
2043.0,-0.036758650620317
2042.0,-0.036758650620317
2041.0,-0.036758650620317
2040.0,-0.036758650620317
2039.0,-0.0344795553742067
2038.0,-0.0344795553742067
2037.0,-0.0344974711784351
2036.0,-0.0367940228356358
2035.0,-0.0367940228356358
2034.0,-0.0390728901608304
2033.0,-0.0390728901608304
2032.0,-0.0390728901608304
2031.0,-0.0390728901608304
2030.0,-0.0367763385036288
2029.0,-0.0367763385036288
2028.0,-0.0367940228356358
2027.0,-0.0367940228356358
2026.0,-0.0367940228356358
2025.0,-0.0367940228356358
2024.0,-0.0390728901608304
2023.0,-0.0367940228356358
2022.0,-0.0367940228356358
2021.0,-0.0367940228356358
2020.0,-0.0367940228356358
2019.0,-0.0367940228356358
2018.0,-0.0344974711784351
2017.0,-0.0344974711784351
2016.0,-0.0344974711784351
2015.0,-0.0344974711784351
2014.0,-0.0344974711784351
2013.0,-0.0344974711784351
2012.0,-0.0344974711784351
2011.0,-0.0367940228356358
2010.0,-0.0367940228356358
2009.0,-0.0367940228356358
2008.0,-0.0367940228356358
2007.0,-0.0367940228356358
2006.0,-0.0367763385036288
2005.0,-0.0367763385036288
2004.0,-0.0390728901608304
2003.0,-0.0367940228356358
2002.0,-0.0367940228356358
2001.0,-0.0367940228356358
2000.0,-0.0390728901608304
1999.0,-0.0390728901608304
1998.0,-0.0367763385036288
1997.0,-0.0367763385036288
1996.0,-0.0367763385036288
1995.0,-0.0367940228356358
1994.0,-0.0367940228356358
1993.0,-0.0390903430672597
1992.0,-0.0367940228356358
1991.0,-0.0367940228356358
1990.0,-0.0344974711784351
1989.0,-0.0344974711784351
1988.0,-0.0344974711784351
1987.0,-0.0390728901608304
1986.0,-0.0367940228356358
1985.0,-0.0367940228356358
1984.0,-0.0390903430672597
1983.0,-0.0390903430672597
1982.0,-0.0390903430672597
1981.0,-0.0390903430672597
1980.0,-0.0390903430672597
1979.0,-0.0390903430672597
1978.0,-0.0390903430672597
1977.0,-0.0367940228356358
1976.0,-0.0367940228356358
1975.0,-0.0367940228356358
1974.0,-0.0390903430672597
1973.0,-0.0390903430672597
1972.0,-0.0390903430672597
1971.0,-0.0390903430672597
1970.0,-0.0390903430672597
1969.0,-0.0390903430672597
1968.0,-0.0390903430672597
1967.0,-0.0367940228356358
1966.0,-0.0390728901608304
1965.0,-0.0390728901608304
1964.0,-0.0390728901608304
1963.0,-0.0390728901608304
1962.0,-0.0367940228356358
1961.0,-0.0367940228356358
1960.0,-0.0390903430672597
1959.0,-0.0413864319199541
1958.0,-0.0413864319199541
1957.0,-0.0413864319199541
1956.0,-0.0390903430672597
1955.0,-0.0390728901608304
1954.0,-0.0390728901608304
1953.0,-0.0367940228356358
1952.0,-0.0390903430672597
1951.0,-0.0390903430672597
1950.0,-0.0413864319199541
1949.0,-0.0413864319199541
1948.0,-0.0390903430672597
1947.0,-0.0390903430672597
1946.0,-0.0390903430672597
1945.0,-0.0413864319199541
1944.0,-0.0413864319199541
1943.0,-0.0413864319199541
1942.0,-0.0413864319199541
1941.0,-0.0413864319199541
1940.0,-0.0413864319199541
1939.0,-0.0413864319199541
1938.0,-0.0413864319199541
1937.0,-0.0436822894403347
1936.0,-0.0413864319199541
1935.0,-0.0413864319199541
1934.0,-0.0413864319199541
1933.0,-0.0413864319199541
1932.0,-0.0413864319199541
1931.0,-0.0390903430672597
1930.0,-0.0390903430672597
1929.0,-0.0413864319199541
1928.0,-0.0436822894403347
1927.0,-0.0436822894403347
1926.0,-0.0436822894403347
1925.0,-0.0413864319199541
1924.0,-0.0413692103924526
1923.0,-0.0390728901608304
1922.0,-0.0390903430672597
1921.0,-0.0413864319199541
1920.0,-0.0459779156750103
1919.0,-0.0482733106705837
1918.0,-0.0459779156750103
1917.0,-0.0436822894403347
1916.0,-0.0413692103924526
1915.0,-0.0390728901608304
1914.0,-0.0390728901608304
1913.0,-0.0390728901608304
1912.0,-0.0413692103924526
1911.0,-0.0390728901608304
1910.0,-0.0367763385036288
1909.0,-0.0344974711784351
1908.0,-0.0367940228356358
1907.0,-0.0390903430672597
1906.0,-0.0390903430672597
1905.0,-0.0436822894403347
1904.0,-0.0436822894403347
1903.0,-0.0413864319199541
1902.0,-0.0413692103924526
1901.0,-0.043665299245148
1900.0,-0.0436822894403347
1899.0,-0.0436822894403347
1898.0,-0.0436822894403347
1897.0,-0.0436822894403347
1896.0,-0.0436822894403347
1895.0,-0.0413864319199541
1894.0,-0.0413864319199541
1893.0,-0.0436822894403347
1892.0,-0.0459779156750103
1891.0,-0.0459779156750103
1890.0,-0.0459779156750103
1889.0,-0.0459779156750103
1888.0,-0.0459779156750103
1887.0,-0.0459611567655294
1886.0,-0.0413692103924526
1885.0,-0.043665299245148
1884.0,-0.0413864319199541
1883.0,-0.0390903430672597
1882.0,-0.0390903430672597
1881.0,-0.0390903430672597
1880.0,-0.0413864319199541
1879.0,-0.043665299245148
1878.0,-0.043665299245148
1877.0,-0.043665299245148
1876.0,-0.0436822894403347
1875.0,-0.0436822894403347
1874.0,-0.0413864319199541
1873.0,-0.0436822894403347
1872.0,-0.0459779156750103
1871.0,-0.0482733106705837
1870.0,-0.0482733106705837
1869.0,-0.0482567830002035
1868.0,-0.0482402520116391
1867.0,-0.0436483056385646
1866.0,-0.039055433749738
1865.0,-0.0390728901608304
1864.0,-0.0413864319199541
1863.0,-0.0413864319199541
1862.0,-0.0390903430672597
1861.0,-0.0413864319199541
1860.0,-0.0436822894403347
1859.0,-0.0436822894403347
1858.0,-0.0413864319199541
1857.0,-0.0436822894403347
1856.0,-0.0459779156750103
1855.0,-0.0459779156750103
1854.0,-0.0436822894403347
1853.0,-0.0436822894403347
1852.0,-0.0436822894403347
1851.0,-0.043665299245148
1850.0,-0.0413692103924526
1849.0,-0.0413692103924526
1848.0,-0.043665299245148
1847.0,-0.0413692103924526
1846.0,-0.0413692103924526
1845.0,-0.043665299245148
1844.0,-0.043665299245148
1843.0,-0.0390903430672597
1842.0,-0.0390903430672597
1841.0,-0.0413864319199541
1840.0,-0.0436822894403347
1839.0,-0.043665299245148
1838.0,-0.0413692103924526
1837.0,-0.0390903430672597
1836.0,-0.0390903430672597
1835.0,-0.0413864319199541
1834.0,-0.0436822894403347
1833.0,-0.0459779156750103
1832.0,-0.0505684744736306
1831.0,-0.0505684744736306
1830.0,-0.0505684744736306
1829.0,-0.0482733106705837
1828.0,-0.0482733106705837
1827.0,-0.0482733106705837
1826.0,-0.0459779156750103
1825.0,-0.0482567830002035
1824.0,-0.0482567830002035
1823.0,-0.0436822894403347
1822.0,-0.0413864319199541
1821.0,-0.0413864319199541
1820.0,-0.0436822894403347
1819.0,-0.0482733106705837
1818.0,-0.0482733106705837
1817.0,-0.0482733106705837
1816.0,-0.0505684744736306
1815.0,-0.0482733106705837
1814.0,-0.0436822894403347
1813.0,-0.0390903430672597
1812.0,-0.0390903430672597
1811.0,-0.0390903430672597
1810.0,-0.0367763385036288
1809.0,-0.0390728901608304
1808.0,-0.043665299245148
1807.0,-0.0436822894403347
1806.0,-0.0436822894403347
1805.0,-0.0459779156750103
1804.0,-0.0505684744736306
1803.0,-0.0505684744736306
1802.0,-0.0482733106705837
1801.0,-0.0436822894403347
1800.0,-0.0436822894403347
1799.0,-0.0413864319199541
1798.0,-0.0390903430672597
1797.0,-0.0390728901608304
1796.0,-0.0390728901608304
1795.0,-0.0390728901608304
1794.0,-0.0367940228356358
1793.0,-0.0390903430672597
1792.0,-0.0436822894403347
1791.0,-0.0459779156750103
1790.0,-0.0436822894403347
1789.0,-0.0436822894403347
1788.0,-0.0459779156750103
1787.0,-0.0482733106705837
1786.0,-0.0459779156750103
1785.0,-0.0459779156750103
1784.0,-0.0459779156750103
1783.0,-0.0413864319199541
1782.0,-0.0390728901608304
1781.0,-0.039055433749738
1780.0,-0.0367763385036288
1779.0,-0.0390728901608304
1778.0,-0.0413692103924526
1777.0,-0.0413692103924526
1776.0,-0.0413692103924526
1775.0,-0.041351985406941
1774.0,-0.041351985406941
1773.0,-0.039055433749738
1772.0,-0.041351985406941
1771.0,-0.0459611567655294
1770.0,-0.0505684744736306
1769.0,-0.0505684744736306
1768.0,-0.0505684744736306
1767.0,-0.0482733106705837
1766.0,-0.0459779156750103
1765.0,-0.0413864319199541
1764.0,-0.0436822894403347
1763.0,-0.0482733106705837
1762.0,-0.0505684744736306
1761.0,-0.0459779156750103
1760.0,-0.0436822894403347
1759.0,-0.0459779156750103
1758.0,-0.0505684744736306
1757.0,-0.0482733106705837
1756.0,-0.0459779156750103
1755.0,-0.0413864319199541
1754.0,-0.0344974711784351
1753.0,-0.0275878166858821
1752.0,-0.0229921660099684
1751.0,-0.0252901072007723
1750.0,-0.0275692024468821
1749.0,-0.0275505844687077
1748.0,-0.0275505844687077
1747.0,-0.0321462351446208
1746.0,-0.0344616359720076
1745.0,-0.0344616359720076
1744.0,-0.0344616359720076
1743.0,-0.0367763385036288
1742.0,-0.0344974711784351
1741.0,-0.0344974711784351
1740.0,-0.0367763385036288
1739.0,-0.0390728901608304
1738.0,-0.0367763385036288
1737.0,-0.0298485256595112
1736.0,-0.0206360529384192
1735.0,-0.0183369525178355
1734.0,-0.0183565017136612
1733.0,-0.0206360529384192
1732.0,-0.0252524115254817
1731.0,-0.0321643897581301
1730.0,-0.0367763385036288
1729.0,-0.0390903430672597
1728.0,-0.0413864319199541
1727.0,-0.0413864319199541
1726.0,-0.0413692103924526
1725.0,-0.041351985406941
1724.0,-0.041351985406941
1723.0,-0.041351985406941
1722.0,-0.0390728901608304
1721.0,-0.0413692103924526
1720.0,-0.0482733106705837
1719.0,-0.0528634071307126
1718.0,-0.0482733106705837
1717.0,-0.0459779156750103
1716.0,-0.0459779156750103
1715.0,-0.0436822894403347
1714.0,-0.0367940228356358
1713.0,-0.0390903430672597
1712.0,-0.0413864319199541
1711.0,-0.0390903430672597
1710.0,-0.039055433749738
1709.0,-0.039055433749738
1708.0,-0.041351985406941
1707.0,-0.0459276288511921
1706.0,-0.0436483056385646
1705.0,-0.0482567830002035
1704.0,-0.0482733106705837
1703.0,-0.0344795553742067
1702.0,-0.0229730883128543
1701.0,-0.0252901072007723
1700.0,-0.0322006880490139
1699.0,-0.0344974711784351
1698.0,-0.0367940228356358
1697.0,-0.0436822894403347
1696.0,-0.0482733106705837
1695.0,-0.0482567830002035
1694.0,-0.0390903430672597
1693.0,-0.0413864319199541
1692.0,-0.0413864319199541
1691.0,-0.0390903430672597
1690.0,-0.0390728901608304
1689.0,-0.0390728901608304
1688.0,-0.0413692103924526
1687.0,-0.0482733106705837
1686.0,-0.066628151614038
1685.0,-0.0803845865620033
1684.0,-0.0712145527162164
1683.0,-0.0528634071307126
1682.0,-0.0436822894403347
1681.0,-0.0367940228356358
1680.0,-0.0344795553742067
1679.0,-0.0344795553742067
1678.0,-0.0367763385036288
1677.0,-0.0367763385036288
1676.0,-0.039055433749738
1675.0,-0.041351985406941
1674.0,-0.0459443944912589
1673.0,-0.0482402520116391
1672.0,-0.0436483056385646
1671.0,-0.036758650620317
1670.0,-0.0344616359720076
1669.0,-0.0367763385036288
1668.0,-0.0344974711784351
1667.0,-0.0390903430672597
1666.0,-0.0436822894403347
1665.0,-0.0436822894403347
1664.0,-0.0413692103924526
1663.0,-0.0367763385036288
1662.0,-0.0390728901608304
1661.0,-0.0390903430672597
1660.0,-0.0367940228356358
1659.0,-0.0390903430672597
1658.0,-0.0459779156750103
1657.0,-0.0482733106705837
1656.0,-0.043665299245148
1655.0,-0.0505521779957777
1654.0,-0.066628151614038
1653.0,-0.0597468186916652
1652.0,-0.0413347569623688
1651.0,-0.036758650620317
1650.0,-0.0413864319199541
1649.0,-0.0413864319199541
1648.0,-0.0367763385036288
1647.0,-0.0322006880490139
1646.0,-0.0322006880490139
1645.0,-0.0322006880490139
1644.0,-0.0344795553742067
1643.0,-0.0367763385036288
1642.0,-0.0344795553742067
1641.0,-0.036758650620317
1640.0,-0.036758650620317
1639.0,-0.0344616359720076
1638.0,-0.034425786369377
1637.0,-0.0298301356934653
1636.0,-0.0321280768842681
1635.0,-0.0344437129707609
1634.0,-0.0344616359720076
1633.0,-0.0344974711784351
1632.0,-0.0344974711784351
1631.0,-0.0322006880490139
1630.0,-0.02988529451202
1629.0,-0.0344616359720076
1628.0,-0.0321825407258986
1627.0,-0.0344795553742067
1626.0,-0.0322006880490139
1625.0,-0.0344795553742067
1624.0,-0.0321643897581301
1623.0,-0.0298669119319908
1622.0,-0.0344616359720076
1621.0,-0.0367763385036288
1620.0,-0.0344795553742067
1619.0,-0.0275692024468821
1618.0,-0.0252524115254817
1617.0,-0.0275505844687077
1616.0,-0.0298301356934653
1615.0,-0.0321462351446208
1614.0,-0.0367763385036288
1613.0,-0.0413692103924526
1612.0,-0.036758650620317
1611.0,-0.0321462351446208
1610.0,-0.0321462351446208
1609.0,-0.0344437129707609
1608.0,-0.0321462351446208
1607.0,-0.0321462351446208
1606.0,-0.0344616359720076
1605.0,-0.0344795553742067
1604.0,-0.0321825407258986
1603.0,-0.0321825407258986
1602.0,-0.0322006880490139
1601.0,-0.0344974711784351
1600.0,-0.0322006880490139
1599.0,-0.0299036734007041
1598.0,-0.0322006880490139
1597.0,-0.0322006880490139
1596.0,-0.0299036734007041
1595.0,-0.0299036734007041
1594.0,-0.0322006880490139
1593.0,-0.0367940228356358
1592.0,-0.0344974711784351
1591.0,-0.0322006880490139
1590.0,-0.0344974711784351
1589.0,-0.0367940228356358
1588.0,-0.0367940228356358
1587.0,-0.0367763385036288
1586.0,-0.0367940228356358
1585.0,-0.0390903430672597
1584.0,-0.0367940228356358
1583.0,-0.0344974711784351
1582.0,-0.0390903430672597
1581.0,-0.0436822894403347
1580.0,-0.0390903430672597
1579.0,-0.039055433749738
1578.0,-0.039020510409394
1577.0,-0.0367232641955164
1576.0,-0.0298485256595112
1575.0,-0.0275692024468821
1574.0,-0.0344974711784351
1573.0,-0.0413864319199541
1572.0,-0.0367940228356358
1571.0,-0.0367763385036288
1570.0,-0.0390728901608304
1569.0,-0.0390728901608304
1568.0,-0.0344616359720076
1567.0,-0.0321643897581301
1566.0,-0.036758650620317
1565.0,-0.039055433749738
1564.0,-0.036758650620317
1563.0,-0.0367763385036288
1562.0,-0.0413864319199541
1561.0,-0.066628151614038
1560.0,-0.0895509317375974
1559.0,-0.0826765185528
1558.0,-0.0643346048555937
1557.0,-0.0482733106705837
1556.0,-0.0390903430672597
1555.0,-0.0367940228356358
1554.0,-0.0367940228356358
1553.0,-0.0344974711784351
1552.0,-0.0322006880490139
1551.0,-0.0322006880490139
1550.0,-0.0344974711784351
1549.0,-0.0367940228356358
1548.0,-0.0344974711784351
1547.0,-0.0322006880490139
1546.0,-0.0344974711784351
1545.0,-0.0299036734007041
1544.0,-0.0252712612560794
1543.0,-0.0183565017136612
1542.0,-0.020674683570449
1541.0,-0.0276064271868264
1540.0,-0.0367940228356358
1539.0,-0.0322006880490139
1538.0,-0.0253089493606869
1537.0,-0.0322006880490139
1536.0,-0.0367940228356358
1535.0,-0.0367940228356358
1534.0,-0.0367763385036288
1533.0,-0.0367763385036288
1532.0,-0.0344974711784351
1531.0,-0.0344974711784351
1530.0,-0.0322006880490139
1529.0,-0.0322006880490139
1528.0,-0.0344974711784351
1527.0,-0.0344974711784351
1526.0,-0.0344974711784351
1525.0,-0.0322006880490139
1524.0,-0.0299036734007041
1523.0,-0.02988529451202
1522.0,-0.0367232641955164
1521.0,-0.0413175250577036
1520.0,-0.0436313086195701
1519.0,-0.0413692103924526
1518.0,-0.0344974711784351
1517.0,-0.0322006880490139
1516.0,-0.0344974711784351
1515.0,-0.0367940228356358
1514.0,-0.0344974711784351
1513.0,-0.0322006880490139
1512.0,-0.0344974711784351
1511.0,-0.0367940228356358
1510.0,-0.0299036734007041
1509.0,-0.020713298684775
1508.0,-0.020713298684775
1507.0,-0.0322006880490139
1506.0,-0.0367940228356358
1505.0,-0.0230112398755779
1504.0,-0.0230112398755779
1503.0,-0.0276064271868264
1502.0,-0.0299036734007041
1501.0,-0.0321825407258986
1500.0,-0.0344795553742067
1499.0,-0.0344974711784351
1498.0,-0.0276064271868264
1497.0,-0.020713298684775
1496.0,-0.0183955883243383
1495.0,-0.0229730883128543
1494.0,-0.0229540067830781
1493.0,-0.0252524115254817
1492.0,-0.0252901072007723
1491.0,-0.0230112398755779
1490.0,-0.020713298684775
1489.0,-0.020713298684775
1488.0,-0.0253089493606869
1487.0,-0.0253089493606869
1486.0,-0.0252901072007723
1485.0,-0.0275878166858821
1484.0,-0.0253089493606869
1483.0,-0.0252901072007723
1482.0,-0.0229730883128543
1481.0,-0.0229730883128543
1480.0,-0.0275692024468821
1479.0,-0.0298669119319908
1478.0,-0.0298669119319908
1477.0,-0.0299036734007041
1476.0,-0.0299036734007041
1475.0,-0.0253089493606869
1474.0,-0.0184151257415497
1473.0,-0.0138180844107939
1472.0,-0.0161167209991441
1471.0,-0.0184151257415497
1470.0,-0.020713298684775
1469.0,-0.0230112398755779
1468.0,-0.0253089493606869
1467.0,-0.0230112398755779
1466.0,-0.0229921660099684
1465.0,-0.0229921660099684
1464.0,-0.0230112398755779
1463.0,-0.0253089493606869
1462.0,-0.0276064271868264
1461.0,-0.0230112398755779
1460.0,-0.0229730883128543
1459.0,-0.0183369525178355
1458.0,-0.0114180097865284
1457.0,-0.0045165306163396
1456.0,-0.0022155729934119
1455.0,-0.0114382591508737
1454.0,-0.020674683570449
1453.0,-0.0229921660099684
1452.0,-0.0230112398755779
1451.0,-0.0253089493606869
1450.0,-0.0276064271868264
1449.0,-0.0276064271868264
1448.0,-0.0299036734007041
1447.0,-0.0322006880490139
1446.0,-0.0322006880490139
1445.0,-0.0321825407258986
1444.0,-0.0276064271868264
1443.0,-0.0299036734007041
1442.0,-0.0322006880490139
1441.0,-0.0276064271868264
1440.0,-0.0230112398755779
1439.0,-0.0252901072007723
1438.0,-0.020713298684775
1437.0,-0.0184151257415497
1436.0,-0.0183955883243383
1435.0,-0.0230112398755779
1434.0,-0.0276064271868264
1433.0,-0.0276064271868264
1432.0,-0.0230112398755779
1431.0,-0.0276064271868264
1430.0,-0.02988529451202
1429.0,-0.02988529451202
1428.0,-0.02988529451202
1427.0,-0.0299036734007041
1426.0,-0.0299036734007041
1425.0,-0.020713298684775
1424.0,-0.0161167209991441
1423.0,-0.020713298684775
1422.0,-0.0229921660099684
1421.0,-0.0183760469820991
1420.0,-0.0183565017136612
1419.0,-0.0183760469820991
1418.0,-0.0206939930667448
1417.0,-0.020713298684775
1416.0,-0.020713298684775
1415.0,-0.0275878166858821
1414.0,-0.0275878166858821
1413.0,-0.0252901072007723
1412.0,-0.020713298684775
1411.0,-0.0253089493606869
1410.0,-0.0299036734007041
1409.0,-0.0299036734007041
1408.0,-0.0276064271868264
1407.0,-0.0299036734007041
1406.0,-0.0321825407258986
1405.0,-0.02988529451202
1404.0,-0.0275878166858821
1403.0,-0.02988529451202
1402.0,-0.0299036734007041
1401.0,-0.0299036734007041
1400.0,-0.0276064271868264
1399.0,-0.02988529451202
1398.0,-0.02988529451202
1397.0,-0.02988529451202
1396.0,-0.0299036734007041
1395.0,-0.0367940228356358
1394.0,-0.0390903430672597
1393.0,-0.0322006880490139
1392.0,-0.0253089493606869
1391.0,-0.0253089493606869
1390.0,-0.0299036734007041
1389.0,-0.0344974711784351
1388.0,-0.0344974711784351
1387.0,-0.0322006880490139
1386.0,-0.0299036734007041
1385.0,-0.0276064271868264
1384.0,-0.0275878166858821
1383.0,-0.0275878166858821
1382.0,-0.0275878166858821
1381.0,-0.02988529451202
1380.0,-0.02988529451202
1379.0,-0.02988529451202
1378.0,-0.0321825407258986
1377.0,-0.0344616359720076
1376.0,-0.0344437129707609
1375.0,-0.0321643897581301
1374.0,-0.0321825407258986
1373.0,-0.0344974711784351
1372.0,-0.0322006880490139
1371.0,-0.0299036734007041
1370.0,-0.0299036734007041
1369.0,-0.0299036734007041
1368.0,-0.0299036734007041
1367.0,-0.0322006880490139
1366.0,-0.0344974711784351
1365.0,-0.0367940228356358
1364.0,-0.0390903430672597
1363.0,-0.0413864319199541
1362.0,-0.0436822894403347
1361.0,-0.0436822894403347
1360.0,-0.0413864319199541
1359.0,-0.0367940228356358
1358.0,-0.0322006880490139
1357.0,-0.0322006880490139
1356.0,-0.0321825407258986
1355.0,-0.0321825407258986
1354.0,-0.0321825407258986
1353.0,-0.0321825407258986
1352.0,-0.02988529451202
1351.0,-0.0298669119319908
1350.0,-0.0298669119319908
1349.0,-0.0298669119319908
1348.0,-0.0321643897581301
1347.0,-0.0321825407258986
1346.0,-0.0344974711784351
1345.0,-0.0367940228356358
1344.0,-0.0367940228356358
1343.0,-0.0367940228356358
1342.0,-0.0344974711784351
1341.0,-0.0321825407258986
1340.0,-0.0298669119319908
1339.0,-0.0298669119319908
1338.0,-0.0344616359720076
1337.0,-0.0344795553742067
1336.0,-0.0344616359720076
1335.0,-0.0344616359720076
1334.0,-0.0344616359720076
1333.0,-0.0344616359720076
1332.0,-0.0344795553742067
1331.0,-0.0344795553742067
1330.0,-0.0367763385036288
1329.0,-0.0344795553742067
1328.0,-0.0344795553742067
1327.0,-0.0321825407258986
1326.0,-0.0344795553742067
1325.0,-0.0344795553742067
1324.0,-0.0344616359720076
1323.0,-0.0344616359720076
1322.0,-0.0321643897581301
1321.0,-0.0321462351446208
1320.0,-0.0298485256595112
1319.0,-0.0298485256595112
1318.0,-0.0298669119319908
1317.0,-0.02988529451202
1316.0,-0.0253089493606869
1315.0,-0.0253089493606869
1314.0,-0.0230112398755779
1313.0,-0.0230112398755779
1312.0,-0.0252901072007723
1311.0,-0.0252901072007723
1310.0,-0.0275878166858821
1309.0,-0.0253089493606869
1308.0,-0.0230112398755779
1307.0,-0.0230112398755779
1306.0,-0.0252901072007723
1305.0,-0.0229921660099684
1304.0,-0.0252712612560794
1303.0,-0.0229921660099684
1302.0,-0.0229921660099684
1301.0,-0.0252901072007723
1300.0,-0.0252901072007723
1299.0,-0.0298669119319908
1298.0,-0.0298669119319908
1297.0,-0.0275692024468821
1296.0,-0.0275692024468821
1295.0,-0.0252712612560794
1294.0,-0.0252712612560794
1293.0,-0.0252712612560794
1292.0,-0.0252712612560794
1291.0,-0.0229921660099684
1290.0,-0.0184151257415497
1289.0,-0.0184151257415497
1288.0,-0.0184151257415497
1287.0,-0.020713298684775
1286.0,-0.0230112398755779
1285.0,-0.0230112398755779
1284.0,-0.0229921660099684
1283.0,-0.0206939930667448
1282.0,-0.0229921660099684
1281.0,-0.0230112398755779
1280.0,-0.0253089493606869
1279.0,-0.0276064271868264
1278.0,-0.0276064271868264
1277.0,-0.0298669119319908
1276.0,-0.0298485256595112
1275.0,-0.0275505844687077
1274.0,-0.0275505844687077
1273.0,-0.0229730883128543
1272.0,-0.020674683570449
1271.0,-0.0229730883128543
1270.0,-0.0229730883128543
1269.0,-0.0229730883128543
1268.0,-0.0252524115254817
1267.0,-0.0252712612560794
1266.0,-0.0275692024468821
1265.0,-0.0252901072007723
1264.0,-0.0252901072007723
1263.0,-0.0229921660099684
1262.0,-0.0229921660099684
1261.0,-0.0252712612560794
1260.0,-0.0252712612560794
1259.0,-0.0252712612560794
1258.0,-0.0252712612560794
1257.0,-0.0229730883128543
1256.0,-0.0206939930667448
1255.0,-0.0206939930667448
1254.0,-0.0184151257415497
1253.0,-0.020713298684775
1252.0,-0.020713298684775
1251.0,-0.020713298684775
1250.0,-0.0229921660099684
1249.0,-0.0206939930667448
1248.0,-0.020674683570449
1247.0,-0.020674683570449
1246.0,-0.020674683570449
1245.0,-0.0206553701947274
1244.0,-0.0183565017136612
1243.0,-0.0206360529384192
1242.0,-0.0206553701947274
1241.0,-0.0183760469820991
1240.0,-0.0160969517359873
1239.0,-0.0138180844107939
1238.0,-0.0160969517359873
1237.0,-0.0160969517359873
1236.0,-0.0160771785010313
1235.0,-0.0160771785010313
1234.0,-0.0183760469820991
1233.0,-0.0183760469820991
1232.0,-0.0183760469820991
1231.0,-0.0206553701947274
1230.0,-0.0206553701947274
1229.0,-0.0206553701947274
1228.0,-0.0206360529384192
1227.0,-0.0183369525178355
1226.0,-0.0206360529384192
1225.0,-0.0183565017136612
1224.0,-0.0160771785010313
1223.0,-0.0160969517359873
1222.0,-0.0160969517359873
1221.0,-0.0183760469820991
1220.0,-0.0183760469820991
1219.0,-0.0137980832549233
1218.0,-0.0183760469820991
1217.0,-0.0183760469820991
1216.0,-0.0183760469820991
1215.0,-0.0183760469820991
1214.0,-0.0183565017136612
1213.0,-0.0160376201109343
1212.0,-0.0159980458192672
1211.0,-0.0159980458192672
1210.0,-0.0205974067793273
1209.0,-0.020616731800336
1208.0,-0.0183369525178355
1207.0,-0.0160574012930767
1206.0,-0.0183565017136612
1205.0,-0.0160574012930767
1204.0,-0.0160574012930767
1203.0,-0.0160376201109343
1202.0,-0.0182978423392854
1201.0,-0.0182782813541907
1200.0,-0.0182587164369703
1199.0,-0.0205587450838178
1198.0,-0.0182782813541907
1197.0,-0.0136980171724209
1196.0,-0.0136980171724209
1195.0,-0.0114180097865284
1194.0,-0.0137380556708921
1193.0,-0.0114787456735466
1192.0,-0.0091791812335046
1191.0,-0.0091791812335046
1190.0,-0.0068793847134863
1189.0,-0.0068793847134863
1188.0,-0.00457935606664
1187.0,-0.0091791812335046
1186.0,-0.0114787456735466
1185.0,-0.0137780780804477
1184.0,-0.0160574012930767
1183.0,-0.0160574012930767
1182.0,-0.0137580688861774
1181.0,-0.0137380556708921
1180.0,-0.0114382591508737
1179.0,-0.0114382591508737
1178.0,-0.0114382591508737
1177.0,-0.0160178349533942
1176.0,-0.0160178349533942
1175.0,-0.0160376201109343
1174.0,-0.0137780780804477
1173.0,-0.0137780780804477
1172.0,-0.0137580688861774
1171.0,-0.0137380556708921
1170.0,-0.0137380556708921
1169.0,-0.0091382305040272
1168.0,-0.0022367513338385
1167.0,8.561699079580905e-05
1166.0,0.0024086868449286
1165.0,0.0001070319973293
1164.0,-0.0021943903950962
1163.0,-0.0067758159142285
1162.0,-0.0090767735371526
1161.0,-0.0090767735371526
1160.0,-0.0045165306163396
1159.0,0.0023437575138467
1158.0,0.0046449474980535
1157.0,0.0046668186657217
1156.0,0.0023870393832207
1155.0,0.0001284513100075
1154.0,0.0001284513100075
1153.0,0.0001284513100075
1152.0,0.0001070319973293
1151.0,-0.0044955803793046
1150.0,-0.0045165306163396
1149.0,-0.0045165306163396
1148.0,-0.0045165306163396
1147.0,-0.0022155729934119
1146.0,8.561699079580905e-05
1145.0,0.0023870393832207
1144.0,0.0024086868449286
1143.0,0.0001284513100075
1142.0,0.0001070319973293
1141.0,0.0023870393832207
1140.0,0.0023870393832207
1139.0,0.0023870393832207
1138.0,8.561699079580905e-05
1137.0,8.561699079580905e-05
1136.0,6.420628908735993e-05
1135.0,-0.0022367513338385
1134.0,-0.0067965380022303
1133.0,-0.0067550896596474
1132.0,-0.0067136246456932
1131.0,-0.0044327043896233
1130.0,-0.0021732035375926
1129.0,6.420628908735993e-05
1128.0,0.0023221231035482
1127.0,0.0045793603662971
1126.0,0.0045793603662971
1125.0,2.139779499244878e-05
1124.0,6.420628908735993e-05
1123.0,-0.0021943903950962
1122.0,0.0001284513100075
1121.0,0.0069905815805497
1120.0,0.0115499120878095
1119.0,0.0161083305465486
1118.0,0.0183871978717421
1117.0,0.0183871978717421
1116.0,0.0184104504453844
1115.0,0.0161313551992756
1114.0,0.0115724807618896
1113.0,0.0093150465884339
1112.0,0.0093597502900962
1111.0,0.0094044719788925
1110.0,0.0117305886310146
1109.0,0.0140574086074163
1108.0,0.0140802511956666
1107.0,0.0140574086074163
1106.0,0.0140117372188641
1105.0,0.0162926574749331
1104.0,0.0185966394595311
1103.0,0.020924382137419
1102.0,0.0255339773385828
1101.0,0.0301445051842068
1100.0,0.032474817463917
1099.0,0.0278875934134533
1098.0,0.0233003742424545
1097.0,0.0210185403849146
1096.0,0.018713159857963
1095.0,0.0163849322392726
1094.0,0.0140345706156125
1093.0,0.0139660842049642
1092.0,0.0208067908554068
1091.0,0.0253900863187219
1090.0,0.0299978173624766
1089.0,0.032351374671649
1088.0,0.0324007368833271
1087.0,0.0346812006129541
1086.0,0.0346313820575397
1085.0,0.0323020323196233
1084.0,0.0346064802964353
1083.0,0.032351374671649
1082.0,0.0346562888292059
1081.0,0.0415468240607209
1080.0,0.0461582849282803
1079.0,0.048490671809581
1078.0,0.048490671809581
1077.0,0.0530772264720234
1076.0,0.0576365569792833
1075.0,0.0621949754380232
1074.0,0.0645017562062298
1073.0,0.0645575999479817
1072.0,0.060025743581713
1071.0,0.0509034320910904
1070.0,0.044085182499533
1069.0,0.039597132756868
1068.0,0.0396734824580635
1067.0,0.0374148215524289
1066.0,0.0419828347579169
1065.0,0.0488331380709699
1064.0,0.055654321323208
1063.0,0.0579090992656664
1062.0,0.0578818203319489
1061.0,0.0578545468926769
1060.0,0.0578272789461823
1059.0,0.0578272789461823
1058.0,0.0532647533929931
1057.0,0.0487276683089609
1056.0,0.0487540277807998
1055.0,0.0487013141468905
1054.0,0.0532647533929931
1053.0,0.0624720816195718
1052.0,0.0717386366903796
1051.0,0.0787289845392621
1050.0,0.0833521401240546
1049.0,0.090288632633376
1048.0,0.0926320719108582
1047.0,0.0903192037232043
1046.0,0.0879762338491864
1045.0,0.0971334488448198
1044.0,0.1108821750381227
1043.0,0.1131295497712851
1042.0,0.1038485080462129
1041.0,0.0900137699444186
1040.0,0.0739044244504737
1039.0,0.0600807084608087
1038.0,0.0554650443171629
1037.0,0.0623057509676068
1036.0,0.0737600688311375
1035.0,0.0783473467886959
1034.0,0.076126444044156
1033.0,0.0739622074104764
1032.0,0.0694854862686116
1031.0,0.0626663883074709
1030.0,0.0535331081053399
1029.0,0.0513024939482221
1028.0,0.0605212256811518
1027.0,0.0719682661380981
1026.0,0.0765344486599919
1025.0,0.0811590115980892
1024.0,0.0812183307259509
1023.0,0.0858146393196159
1022.0,0.0926628839389328
1021.0,0.101885892870216
1020.0,0.1135243170284338
1019.0,0.1205730491567591
1018.0,0.1182896147343601
1017.0,0.1135572574525656
1016.0,0.1041359815335095
1015.0,0.0970397171494174
1014.0,0.0969460421063619
1013.0,0.0992572682150705
1012.0,0.1062245101391017
1011.0,0.1063210193384914
1010.0,0.106385391237145
1009.0,0.106481997772962
1008.0,0.1088936456450389
1007.0,0.1043919518929747
1006.0,0.1044239772504361
1005.0,0.1158400056437333
1004.0,0.1317433135809575
1003.0,0.1430356878836984
1002.0,0.1453504355924577
1001.0,0.1638768868562309
1000.0,0.1734575130041198
999.0,0.1646383157694876
998.0,0.1487957096960683
997.0,0.1328241856087102
996.0,0.1236035460219058
995.0,0.1212138863820239
994.0,0.1350061606805908
993.0,0.1557267375410583
992.0,0.1648291540710196
991.0,0.1530339290038313
990.0,0.129704499408892
989.0,0.113458456116887
988.0,0.1019494024710022
987.0,0.0836510833300602
986.0,0.0723134057622314
985.0,0.0840406125418576
984.0,0.1164381956693279
983.0,0.1533299000834157
982.0,0.1716815173159397
981.0,0.1623548813470908
980.0,0.1322654710405526
979.0,0.1021718880064216
978.0,0.1043919518929747
977.0,0.1436466397216681
976.0,0.1830175266095054
975.0,0.1855008406535211
974.0,0.1580872628520254
973.0,0.1399360098871145
972.0,0.156286757663668
971.0,0.1930876493778193
970.0,0.2249879626218665
969.0,0.2454781212320121
968.0,0.2499452410472407
967.0,0.2382703926936946
966.0,0.2334855362359685
965.0,0.245107678477629
964.0,0.2614845210528467
963.0,0.2524129015217896
962.0,0.2180075570536466
961.0,0.1884328574508443
960.0,0.1867531554686069
959.0,0.2149561292192683
958.0,0.2682795082664786
957.0,0.3351834983594182
956.0,0.3740575308974578
955.0,0.3570983220539376
954.0,0.3079698805475693
953.0,0.2778797021602349
952.0,0.2713825695567806
951.0,0.2534029765440314
950.0,0.2050250693239783
949.0,0.1562119900285545
948.0,0.1393654855421584
947.0,0.1522960898395539
946.0,0.1522960898395539
945.0,0.2265150950500569
944.0,0.3336302069312767
943.0,0.3903281869035895
942.0,0.3043773697994283
941.0,0.2315415688238694
940.0,0.1924545644533392
939.0,0.1544242645477873
938.0,0.1113472047374519
937.0,0.1266816856696137
936.0,0.2467794030459217
935.0,0.4142080495663192
934.0,0.5252040461338301
933.0,0.5064717147560636
932.0,0.3713608489757059
931.0,0.1992039286037502
930.0,0.1065786627813376
929.0,0.0783180314024426
928.0,0.1453504355924577
927.0,0.2218693185203544
926.0,0.26138864233375
925.0,0.2790738146105959
924.0,0.3816348549991483
923.0,0.5365591530654845
922.0,0.7351685861549307
921.0,0.97127969660865
920.0,0.9991279576089356
919.0,0.8529997762501287
918.0,0.6746089027882497
917.0,0.6461955153174159
916.0,0.5441469240109568
915.0,0.4476174188230402
914.0,0.3251285505540294
913.0,0.2644390499115776
912.0,0.131465474992701
911.0,0.1106538845062618
910.0,0.2358094905288691
909.0,0.4600198926046722
908.0,0.6154542727171495
907.0,0.5352496196107225
906.0,0.3430809745957882
905.0,0.0472557771260865
904.0,0.0386016927019785
903.0,0.2274383396237033
902.0,0.2964483743732747
901.0,0.1652879540463565
900.0,0.0657199135971745
899.0,0.0898612836624803
898.0,-0.2129370574336043
897.0,-0.2129370574336043
896.0,-0.0987135912093651
895.0,0.0045793603662971
894.0,-0.0184151257415497
893.0,0.2497581955956625
892.0,0.8243632235662837
891.0,1.0063388222224272
890.0,0.5918353508273096
889.0,0.0206893177705795
888.0,-0.2129370574336043
887.0,-0.2129370574336043
886.0,-0.2129370574336043
885.0,-0.2129370574336043
884.0,-0.2129370574336043
883.0,1.4379120194828678
882.0,3.8471220705763303
881.0,4.002874152022105
880.0,3.8117482573482806
879.0,2.622517559254157
878.0,1.923653554154349
877.0,0.9050357428612208
876.0,-0.2129370574336043
875.0,1.3887905168524128
874.0,3.778227934878399
873.0,3.3437776449824583
872.0,-0.2129370574336043
871.0,-0.2129370574336043
870.0,-0.2129370574336043
869.0,-0.2129370574336043
868.0,-0.2129370574336043
867.0,-0.2129370574336043
866.0,-0.2129370574336043
865.0,-0.2129370574336043
864.0,-0.2129370574336043
863.0,-0.2129370574336043
862.0,-0.2129370574336043
861.0,-0.2129370574336043
860.0,-0.2129370574336043
859.0,-0.2129370574336043
858.0,-0.2129370574336043
857.0,-0.2129370574336043
856.0,-0.2129370574336043
855.0,-0.2129370574336043
854.0,-0.2129370574336043
853.0,-0.2129370574336043
852.0,-0.2129370574336043
851.0,-0.2129370574336043
850.0,-0.2083790948623001
849.0,0.7315421836201323
848.0,-0.2129370574336043
847.0,12.1301057544274
846.0,3.727026815289112
845.0,-0.2129370574336043
844.0,-0.2129370574336043
843.0,-0.2129370574336043
842.0,-0.2129370574336043
841.0,-0.2129370574336043
840.0,-0.2129370574336043
839.0,-0.2129370574336043
838.0,-0.2129370574336043
837.0,-0.2129370574336043
836.0,-0.2129370574336043
835.0,-0.2129370574336043
834.0,-0.2129370574336043
833.0,-0.2129370574336043
832.0,-0.2129370574336043
831.0,-0.2129370574336043
830.0,-0.2129370574336043
829.0,-0.2129370574336043
828.0,-0.2129370574336043
827.0,8.682331679157171
826.0,-0.2129370574336043
825.0,-0.2129370574336043
824.0,0.7120982288252456
823.0,-0.2129370574336043
822.0,-0.2129370574336043
821.0,-0.2129370574336043
820.0,-0.2129370574336043
819.0,-0.2129370574336043
818.0,-0.2129370574336043
817.0,-0.2129370574336043
816.0,-0.2129370574336043
815.0,4.0913590744097394
814.0,28.319634344432732
813.0,0.8054973116355969
812.0,-0.2129370574336043
811.0,-0.2129370574336043
810.0,-0.2129370574336043
809.0,-0.2129370574336043
808.0,-0.2129370574336043
807.0,-0.2129370574336043
806.0,-0.2129370574336043
805.0,-0.2129370574336043
804.0,-0.2129370574336043
803.0,-0.2129370574336043
802.0,-0.2129370574336043
801.0,-0.2129370574336043
800.0,-0.2129370574336043
799.0,-0.2129370574336043
798.0,29.84769397684565
797.0,14.685877471342527
796.0,-0.2129370574336043
795.0,-0.2129370574336043
794.0,-0.2129370574336043
793.0,-0.2129370574336043
792.0,-0.2129370574336043
791.0,-0.2129370574336043
790.0,-0.2129370574336043
789.0,-0.2129370574336043
788.0,-0.2129370574336043
787.0,-0.2129370574336043
786.0,-0.2129370574336043
785.0,-0.2129370574336043
784.0,-0.2129370574336043
783.0,-0.2129370574336043
782.0,-0.2129370574336043
781.0,-0.2129370574336043
780.0,-0.2129370574336043
779.0,3.242697638522466
778.0,-0.2129370574336043
777.0,-0.2129370574336043
776.0,-0.2129370574336043
775.0,-0.2129370574336043
774.0,-0.2129370574336043
773.0,-0.2129370574336043
772.0,-0.2129370574336043
771.0,-0.2129370574336043
770.0,-0.2129370574336043
769.0,-0.2129370574336043
768.0,-0.2129370574336043
767.0,-0.2129370574336043
766.0,-0.2129370574336043
765.0,-0.2129370574336043
764.0,-0.2129370574336043
763.0,-0.2129370574336043
762.0,-0.2129370574336043
761.0,-0.2129370574336043
760.0,-0.2129370574336043
759.0,-0.2129370574336043
758.0,10.221861330642872
757.0,6.082817586310705
756.0,-0.2129370574336043
755.0,-0.2129370574336043
754.0,-0.2129370574336043
753.0,-0.2129370574336043
752.0,-0.2129370574336043
751.0,-0.2129370574336043
750.0,-0.2129370574336043
749.0,-0.2129370574336043
748.0,-0.2129370574336043
747.0,-0.2129370574336043
746.0,-0.2129370574336043
745.0,-0.2129370574336043
744.0,-0.2129370574336043
743.0,-0.2129370574336043
742.0,-0.2129370574336043
741.0,-0.2129370574336043
740.0,-0.2129370574336043
739.0,-0.2129370574336043
738.0,-0.2129370574336043
737.0,-0.2129370574336043
736.0,-0.2129370574336043
735.0,-0.2129370574336043
734.0,-0.2129370574336043
733.0,-0.2129370574336043
732.0,-0.2129370574336043
731.0,-0.2129370574336043
730.0,-0.2129370574336043
729.0,-0.2129370574336043
728.0,-0.2129370574336043
727.0,-0.2129370574336043
726.0,-0.2129370574336043
725.0,-0.2129370574336043
724.0,-0.2129370574336043
723.0,-0.2129370574336043
722.0,-0.2129370574336043
721.0,-0.2129370574336043
720.0,-0.2129370574336043
719.0,-0.2129370574336043
718.0,-0.2129370574336043
717.0,-0.2129370574336043
716.0,-0.2129370574336043
715.0,-0.2129370574336043
714.0,-0.2129370574336043
713.0,1.806159385217554
712.0,-0.2129370574336043
711.0,-0.2129370574336043
710.0,-0.2129370574336043
709.0,-0.2129370574336043
708.0,-0.2129370574336043
707.0,-0.2129370574336043
706.0,-0.2129370574336043
705.0,-0.2129370574336043
704.0,-0.2129370574336043
703.0,-0.2129370574336043
702.0,-0.2129370574336043
701.0,-0.2129370574336043
700.0,-0.2129370574336043
699.0,-0.2129370574336043
698.0,-0.2129370574336043
697.0,-0.2129370574336043
696.0,-0.2129370574336043
695.0,-0.2129370574336043
694.0,-0.2129370574336043
693.0,-0.2129370574336043
692.0,-0.2129370574336043
691.0,-0.2129370574336043
690.0,-0.2129370574336043
689.0,-0.2129370574336043
688.0,-0.2129370574336043
687.0,-0.2129370574336043
686.0,-0.2129370574336043
685.0,-0.2129370574336043
684.0,-0.2129370574336043
683.0,-0.2129370574336043
682.0,-0.2129370574336043
681.0,-0.2129370574336043
680.0,-0.2129370574336043
679.0,-0.2129370574336043
678.0,5.232669939342376
677.0,-0.2129370574336043
676.0,-0.2129370574336043
675.0,-0.2129370574336043
674.0,-0.2129370574336043
673.0,-0.2129370574336043
672.0,-0.2129370574336043
671.0,-0.2129370574336043
670.0,0.0483329125062903
669.0,-0.2129370574336043
668.0,-0.2129370574336043
667.0,-0.2129370574336043
666.0,0.7362930506860766
665.0,-0.2129370574336043
664.0,-0.2129370574336043
663.0,-0.2129370574336043
662.0,-0.2129370574336043
661.0,-0.2129370574336043
660.0,-0.2129370574336043
659.0,-0.2129370574336043
658.0,-0.2129370574336043
657.0,-0.2129370574336043
656.0,-0.2129370574336043
655.0,-0.2129370574336043
654.0,-0.2129370574336043
653.0,-0.2129370574336043
652.0,-0.2129370574336043
651.0,-0.2129370574336043
650.0,-0.2129370574336043
649.0,-0.2129370574336043
648.0,-0.2129370574336043
647.0,-0.2129370574336043
646.0,-0.2129370574336043
645.0,-0.2129370574336043
644.0,-0.2129370574336043
643.0,-0.2129370574336043
642.0,-0.2129370574336043
641.0,-0.2129370574336043
640.0,-0.2129370574336043
639.0,-0.2129370574336043
638.0,-0.2129370574336043
637.0,-0.2129370574336043
636.0,-0.2129370574336043
635.0,-0.2129370574336043
634.0,-0.2129370574336043
633.0,-0.2129370574336043
632.0,-0.2129370574336043
631.0,-0.2129370574336043
630.0,-0.2129370574336043
629.0,-0.2129370574336043
628.0,-0.2129370574336043
627.0,-0.2129370574336043
626.0,-0.2129370574336043
625.0,-0.2129370574336043
624.0,-0.2129370574336043
623.0,-0.2129370574336043
622.0,2.5289362210816444
621.0,-0.2129370574336043
620.0,-0.2129370574336043
619.0,-0.2129370574336043
618.0,-0.2129370574336043
617.0,-0.2129370574336043
616.0,-0.2129370574336043
615.0,-0.2129370574336043
614.0,-0.2129370574336043
613.0,-0.2129370574336043
612.0,-0.2129370574336043
611.0,-0.2129370574336043
610.0,-0.2129370574336043
609.0,-0.2129370574336043
608.0,-0.2129370574336043
607.0,-0.2129370574336043
606.0,-0.2129370574336043
605.0,-0.2129370574336043
604.0,-0.2129370574336043
603.0,-0.2129370574336043
602.0,-0.2129370574336043
601.0,-0.2129370574336043
600.0,1.1437805834175807
599.0,1.2504458300004304
598.0,-0.2129370574336043
597.0,-0.2129370574336043
596.0,-0.2129370574336043
595.0,-0.2129370574336043
594.0,-0.2129370574336043
593.0,-0.2129370574336043
592.0,-0.2129370574336043
591.0,-0.2129370574336043
590.0,-0.2129370574336043
589.0,-0.2129370574336043
588.0,-0.2129370574336043
587.0,-0.2129370574336043
586.0,-0.2129370574336043
585.0,-0.2129370574336043
584.0,-0.2129370574336043
583.0,-0.2129370574336043
582.0,-0.2129370574336043
581.0,-0.2129370574336043
580.0,-0.2129370574336043
579.0,-0.2129370574336043
578.0,-0.2129370574336043
577.0,-0.2129370574336043
576.0,-0.2129370574336043
575.0,-0.2129370574336043
574.0,-0.2129370574336043
573.0,-0.2129370574336043
572.0,-0.2129370574336043
571.0,-0.2129370574336043
570.0,-0.2129370574336043
569.0,-0.2129370574336043
568.0,-0.2129370574336043
567.0,-0.2129370574336043
566.0,-0.2129370574336043
565.0,-0.2129370574336043
564.0,-0.2129370574336043
563.0,-0.2129370574336043
562.0,-0.2129370574336043
561.0,-0.2129370574336043
560.0,-0.2129370574336043
559.0,-0.2129370574336043
558.0,-0.2129370574336043
557.0,-0.2129370574336043
556.0,-0.2129370574336043
555.0,-0.2129370574336043
554.0,-0.2129370574336043
553.0,-0.2129370574336043
552.0,-0.2129370574336043
551.0,-0.2129370574336043
550.0,-0.2129370574336043
549.0,-0.2129370574336043
548.0,-0.2129370574336043
547.0,-0.2129370574336043
546.0,-0.2129370574336043
545.0,-0.2129370574336043
544.0,-0.2129370574336043
543.0,-0.2129370574336043
542.0,-0.2129370574336043
541.0,-0.2129370574336043
540.0,-0.2129370574336043
539.0,-0.2129370574336043
538.0,-0.2129370574336043
537.0,-0.2129370574336043
536.0,-0.2129370574336043
535.0,-0.2129370574336043
534.0,-0.2129370574336043
533.0,-0.2129370574336043
532.0,-0.2129370574336043
531.0,-0.2129370574336043
530.0,-0.2129370574336043
529.0,-0.2129370574336043
528.0,-0.2129370574336043
527.0,-0.2129370574336043
526.0,18.34034274633917
525.0,-0.2129370574336043
524.0,-0.2129370574336043
523.0,-0.2129370574336043
522.0,-0.2129370574336043
521.0,-0.2129370574336043
520.0,-0.2129370574336043
519.0,-0.2129370574336043
518.0,-0.2129370574336043
517.0,-0.2129370574336043
516.0,-0.2129370574336043
515.0,-0.2129370574336043
514.0,8.655928613171191
513.0,-0.2129370574336043
512.0,-0.2129370574336043
511.0,-0.2129370574336043
510.0,-0.2129370574336043
509.0,-0.2129370574336043
508.0,-0.2129370574336043
507.0,1.7814415169015396
506.0,29.522486695628647
505.0,19.506043059165325
504.0,-0.2129370574336043
503.0,-0.2129370574336043
502.0,-0.2129370574336043
501.0,-0.2129370574336043
500.0,-0.2129370574336043
499.0,-0.2129370574336043
498.0,-0.2129370574336043
497.0,-0.2129370574336043
496.0,-0.2129370574336043
495.0,-0.2129370574336043
494.0,-0.2129370574336043
493.0,-0.2129370574336043
492.0,-0.2129370574336043
491.0,-0.2129370574336043
490.0,-0.2129370574336043
489.0,-0.2129370574336043
488.0,-0.2129370574336043
487.0,-0.2129370574336043
486.0,-0.2129370574336043
485.0,-0.2129370574336043
484.0,-0.2129370574336043
483.0,-0.2129370574336043
482.0,-0.2129370574336043
481.0,-0.2129370574336043
480.0,-0.2129370574336043
479.0,-0.2129370574336043
478.0,-0.2129370574336043
477.0,5.954662097676919
476.0,1.41893096352351
475.0,36.42071417927768
474.0,20.04332980233883
473.0,-0.2129370574336043
472.0,-0.2129370574336043
471.0,-0.2129370574336043
470.0,-0.2129370574336043
469.0,-0.2129370574336043
468.0,-0.2129370574336043
467.0,-0.2129370574336043
466.0,-0.2129370574336043
465.0,-0.2129370574336043
464.0,-0.2129370574336043
463.0,-0.2129370574336043
462.0,0.9844664326011576
461.0,-0.2129370574336043
460.0,-0.2129370574336043
459.0,-0.2129370574336043
458.0,-0.2129370574336043
457.0,-0.2129370574336043
456.0,-0.2129370574336043
455.0,9.69135654420458
454.0,-0.2129370574336043
453.0,-0.2129370574336043
452.0,-0.2129370574336043
451.0,-0.2129370574336043
450.0,-0.2129370574336043
