wavelength_nm,intensity,source_count
345.386,3.0727349999999998,4
345.605,3.0727349999999998,4
345.824,3.0727349999999998,4
346.044,-0.628965,4
346.263,1.8090275,4
346.482,-5.977275,4
346.701,1.04182,4
346.92,4.6639075,4
347.139,0.5452999999999999,4
347.358,-2.7838524999999996,4
347.577,-4.9269125,4
347.796,-5.4120925,4
348.015,1.88795,4
348.234,5.7026575,4
348.453,3.1290299999999998,4
348.672,-2.17423,4
348.891,4.3021825,4
349.11,3.1629625000000003,4
349.329,3.4222225,4
349.548,-0.24471749999999992,4
349.767,2.0798725,4
349.986,-1.36158,4
350.205,-1.9483449999999998,4
350.424,2.6328925000000005,4
350.643,4.2799425,4
350.862,-3.0989925,4
351.08,-2.5687525,4
351.299,3.6146275,4
351.518,7.7096800000000005,4
351.737,-2.5689225,4
351.956,4.43786,4
352.174,4.201165,4
352.393,3.343655,4
352.612,-5.1637825,4
352.831,4.900645000000001,4
353.049,3.6143775,4
353.268,0.47739750000000014,4
353.487,5.4536299999999995,4
353.705,1.9893174999999998,4
353.924,3.5466249999999997,4
354.143,0.9626575,4
354.361,5.4430925,4
354.58,-4.046515,4
354.798,3.2081475,4
355.017,2.711525,4
355.236,-0.3576349999999999,4
355.454,-2.3206825,4
355.673,-2.2755175000000003,4
355.891,-3.335685,4
356.11,-0.4365524999999999,4
356.328,-5.4676725,4
356.547,8.2638475,4
356.765,6.0849625,4
356.984,-1.8135824999999999,4
357.202,4.042835,4
357.42,7.07953,4
357.639,4.1430975,4
357.857,2.1586550000000004,4
358.076,-3.4373625,4
358.294,1.7075200000000001,4
358.512,2.079665,4
358.731,2.9595975,4
358.949,2.5537225,4
359.167,3.1968075000000002,4
359.386,2.3387725,4
359.604,-3.5279475,4
359.822,1.6392650000000002,4
360.04,9.14435,4
360.259,-0.8652175000000001,4
360.477,3.4903975,4
360.695,8.7139375,4
360.913,2.0231375,4
361.131,4.4262425,4
361.35,0.1728325,4
361.568,-2.095095,4
361.786,1.6284399999999999,4
362.004,3.0608175,4
362.222,8.397784999999999,4
362.44,5.599945,4
362.658,1.6842749999999997,4
362.876,1.2333349999999998,4
363.094,0.49988999999999995,4
363.312,-0.5607874999999998,4
363.53,-0.12081249999999999,4
363.749,-0.9778425000000001,4
363.967,7.078257499999999,4
364.184,4.23466,4
364.402,-1.8468575,4
364.62,-1.1134375000000003,4
364.838,-0.22223749999999998,4
365.056,8.8723175,4
365.274,2.6663025,4
365.492,3.489775,4
365.71,-1.429195,4
365.928,6.37793,4
366.146,0.6129275000000001,4
366.364,-4.01252,4
366.581,-3.6856025,4
366.799,2.2940525,4
367.017,-3.9902149999999996,4
367.235,3.4894575,4
367.453,-3.71945,4
367.67,7.3819375,4
367.888,-3.33594,4
368.106,3.87343,4
368.323,4.11032,4
368.541,13.239237500000002,4
368.759,7.0555025,4
368.977,4.79856,4
369.194,0.15023500000000012,4
369.412,-2.027215,4
369.629,-9.562885,4
369.847,6.682644999999999,4
370.065,-4.18203,4
370.282,-0.2449849999999998,4
370.5,3.8740200000000007,4
370.717,-3.7868374999999994,4
370.935,4.09948,4
371.152,5.0242125,4
371.37,12.864172499999999,4
371.588,4.2794325,4
371.805,4.0078725,4
372.022,4.5049375000000005,4
372.24,8.961005,4
372.457,2.5755650000000005,4
372.675,-4.08032,4
372.892,-1.0119475,4
373.11,1.1431149999999999,4
373.327,5.4414575,4
373.544,11.219582500000001,4
373.762,6.446054999999999,4
373.979,6.152410000000001,4
374.196,5.6560125,4
374.414,13.578895,4
374.631,12.267167500000001,4
374.848,5.84804,4
375.066,11.591077499999999,4
375.283,12.4375625,4
375.5,3.331845,4
375.717,1.5487549999999999,4
375.935,6.1982025,4
376.152,3.9411125000000005,4
376.369,6.8066725,4
376.586,6.5247125,4
376.803,6.016730000000001,4
377.02,-2.354,4
377.238,0.6467125,4
377.455,2.2146775,4
377.672,2.417595,4
377.889,4.0879325,4
378.106,8.7921975,4
378.323,6.0285775,4
378.54,11.2301175,4
378.757,12.96772,4
378.974,4.549939999999999,4
379.191,-3.8096875000000003,4
379.408,11.127255,4
379.625,3.7949375,4
379.842,6.0273975,4
380.059,6.457545,4
380.276,8.9392175,4
380.493,3.1965325,4
380.71,3.7716899999999995,4
380.927,3.715415,4
381.143,9.1198575,4
381.36,0.9169075,4
381.577,4.8887075,4
381.794,8.589097500000001,4
382.011,1.3007825000000002,4
382.228,-1.959505,4
382.444,0.443135,4
382.661,2.102025,4
382.878,-2.0047575,4
383.095,7.4053675,4
383.311,4.086275,4
383.528,1.5829400000000002,4
383.745,4.1208775,4
383.962,4.5166175,4
384.178,5.813345,4
384.395,4.8885950000000005,4
384.612,14.241489999999999,4
384.828,0.3980225,4
385.045,10.222385000000001,4
385.261,6.52438,4
385.478,10.089265,4
385.695,3.8613525,4
385.911,4.875625,4
386.128,11.781115,4
386.344,9.422817499999999,4
386.561,11.37316,4
386.777,5.47229,4
386.994,7.41295,4
387.21,8.50712,4
387.427,13.3226625,4
387.643,6.476547500000001,4
387.86,16.0538875,4
388.076,9.99531,4
388.292,13.119995,4
388.509,13.3911525,4
388.725,15.997150000000001,4
388.942,13.342232500000001,4
389.158,18.88438,4
389.374,14.8300725,4
389.591,12.003020000000001,4
389.807,8.740392499999999,4
390.023,17.584014999999997,4
390.239,15.710852500000001,4
390.456,12.9469375,4
390.672,19.1380175,4
390.888,16.3528075,4
391.104,19.308775,4
391.321,13.442319999999999,4
391.537,12.134229999999999,4
391.753,7.927242500000001,4
391.969,11.274925,4
392.185,21.7676575,4
392.401,21.732037499999997,4
392.618,8.953175,4
392.834,11.922500000000001,4
393.05,19.409132500000002,4
393.266,14.5944625,4
393.482,16.500035,4
393.698,20.9371425,4
393.914,12.7034125,4
394.13,8.957624999999998,4
394.346,21.0505475,4
394.562,18.468532500000002,4
394.778,17.710387500000003,4
394.994,11.315685,4
395.21,11.124202499999999,4
395.426,9.8144075,4
395.642,11.86887,4
395.858,13.222819999999999,4
396.073,7.7524774999999995,4
396.289,14.408529999999999,4
396.505,9.795264999999999,4
396.721,9.343952499999999,4
396.937,10.743329999999998,4
397.153,6.7709174999999995,4
397.369,8.384895,4
397.584,11.8823875,4
397.8,7.922454999999999,4
398.016,6.342475,4
398.232,7.8551025,4
398.447,0.10495999999999994,4
398.663,9.96622,4
398.879,8.757665,4
399.094,10.067544999999999,4
399.31,10.315035,4
399.526,2.1807425,4
399.741,13.472225000000002,4
399.957,4.8425625,4
400.173,5.203634999999999,4
400.388,2.2361775,4
400.604,5.632775,4
400.82,7.516995,4
401.035,4.989364999999999,4
401.251,8.126515,4
401.466,6.5128924999999995,4
401.682,10.25949,4
401.897,16.1931925,4
402.113,5.350632499999999,4
402.328,7.6960749999999996,4
402.544,7.7201450000000005,4
402.759,8.463715,4
402.974,11.658180000000002,4
403.19,11.465802499999999,4
403.405,9.390514999999999,4
403.621,7.6170975,4
403.836,10.022265,4
404.051,12.153705000000002,4
404.267,13.28285,4
404.482,2.6876650000000004,4
404.697,13.9834025,4
404.913,6.615107500000001,4
405.128,7.675795,4
405.343,7.607525,4
405.559,7.866125,4
405.774,8.2952775,4
405.989,5.170190000000001,4
406.204,5.339245,4
406.42,4.797767500000001,4
406.635,14.036737500000001,4
406.85,9.3118125,4
407.065,1.7972024999999998,4
407.28,3.5458775,4
407.495,4.943112500000001,4
407.71,8.644855000000002,4
407.926,3.4325825000000005,4
408.141,13.823635,4
408.356,12.68474,4
408.571,3.3645725,4
408.786,10.009495,4
409.001,6.208372499999999,4
409.216,9.0944875,4
409.431,11.3063725,4
409.646,9.81678,4
409.861,11.02527,4
410.076,8.5424275,4
410.291,10.856135,4
410.506,11.395865,4
410.721,9.0614525,4
410.936,7.662405000000001,4
411.15,17.37631,4
411.365,18.378525,4
411.58,13.3939925,4
411.795,6.5340324999999995,4
412.01,16.640265,4
412.225,17.0572625,4
412.439,13.4486725,4
412.654,7.1419999999999995,4
412.869,12.388795000000002,4
413.084,18.186685,4
413.299,14.619725,4
413.513,15.6142675,4
413.728,17.839199999999998,4
413.943,8.34985,4
414.157,14.89229,4
414.372,8.202885,4
414.587,12.5927525,4
414.801,17.72343,4
415.016,11.858765,4
415.231,10.76171,4
415.445,16.395802500000002,4
415.66,11.8472475,4
415.874,7.491975,4
416.089,10.595452499999999,4
416.304,11.123582500000001,4
416.518,9.78305,4
416.733,13.2021425,4
416.947,14.667557499999997,4
417.162,16.4636125,4
417.376,11.474915,4
417.59,14.802245000000001,4
417.805,17.3734375,4
418.019,12.851385,4
418.234,6.9718124999999995,4
418.448,3.3078075,4
418.663,13.965574999999998,4
418.877,13.0877675,4
419.091,16.74199,4
419.306,3.510795,4
419.52,16.30271,4
419.734,8.4740325,4
419.949,11.0782375,4
420.163,10.852825000000001,4
420.377,11.07996,4
420.591,8.676657500000001,4
420.806,12.54652,4
421.02,15.69462,4
421.234,10.041242500000001,4
421.448,17.184900000000003,4
421.663,11.19247,4
421.877,9.1968625,4
422.091,11.498215,4
422.305,11.157455,4
422.519,8.5855675,4
422.733,15.364684999999998,4
422.947,11.102509999999999,4
423.161,10.7188775,4
423.376,12.941175,4
423.59,15.55876,4
423.804,19.011475,4
424.018,9.6479075,4
424.232,11.314745,4
424.446,10.086545,4
424.66,10.16523,4
424.874,14.5093175,4
425.088,10.831455,4
425.302,3.003195,4
425.515,16.335649999999998,4
425.729,19.25901,4
425.943,7.8869775,4
426.157,15.287997500000001,4
426.371,6.17348,4
426.585,13.856717500000002,4
426.799,21.210347499999997,4
427.013,8.6540675,4
427.226,8.112787500000001,4
427.44,9.9760275,4
427.654,13.291920000000001,4
427.868,11.1157375,4
428.081,14.06971,4
428.295,9.625734999999999,4
428.509,8.8587325,4
428.723,8.8701825,4
428.936,7.3351299999999995,4
429.15,-0.3698399999999995,4
429.364,7.561520000000002,4
429.577,9.096375,4
429.791,4.87646,4
430.005,12.5939225,4
430.218,10.584652499999999,4
430.432,10.643360000000001,4
430.645,13.077752499999999,4
430.859,5.723179999999999,4
431.073,13.69929,4
431.286,1.7628200000000003,4
431.5,-2.737505,4
431.713,14.106390000000001,4
431.927,4.346605,4
432.14,-0.83189,4
432.354,7.178875,4
432.567,-0.6175849999999999,4
432.781,8.306687499999999,4
432.994,3.8613924999999996,4
433.207,7.1655475,4
433.421,10.1452175,4
433.634,10.80879,4
433.848,11.9713875,4
434.061,15.671889999999998,4
434.274,7.7169525,4
434.488,9.80645,4
434.701,14.688005,4
434.914,7.4356824999999995,4
435.127,9.363264999999998,4
435.341,14.5398,4
435.554,21.26389,4
435.767,11.7063375,4
435.98,22.44826,4
436.194,17.6514225,4
436.407,20.3694275,4
436.62,18.153489999999998,4
436.833,19.396815,4
437.046,24.0143625,4
437.259,9.1147475,4
437.473,21.48285,4
437.686,19.1025525,4
437.899,17.252522499999998,4
438.112,15.773855,4
438.325,23.488259999999997,4
438.538,13.9801075,4
438.751,25.3814925,4
438.964,24.663255,4
439.177,21.9761125,4
439.39,28.493675,4
439.603,26.675042500000004,4
439.816,28.071435,4
440.029,24.15527,4
440.242,30.567424999999997,4
440.455,32.498065,4
440.668,23.253514999999997,4
440.881,31.4912275,4
441.094,29.440382500000002,4
441.306,33.952445000000004,4
441.519,29.68307,4
441.732,25.855897499999998,4
441.945,32.92786,4
442.158,25.87361,4
442.37,20.0891975,4
442.583,34.6903525,4
442.796,28.970309999999998,4
443.009,21.5236725,4
443.222,25.451055000000004,4
443.434,19.8415475,4
443.647,32.4171975,4
443.86,15.144395000000003,4
444.072,26.2099825,4
444.285,19.23034,4
444.498,20.787139999999997,4
444.71,10.592387500000001,4
444.923,21.94196,4
445.136,14.3679875,4
445.348,12.42184,4
445.561,16.4820775,4
445.773,13.3798075,4
445.986,7.6163625,4
446.198,15.321427499999999,4
446.411,15.057972499999998,4
446.623,16.376569999999997,4
446.836,15.994905000000001,4
447.048,13.998550000000002,4
447.261,14.131505,4
447.473,17.8986275,4
447.686,14.845560000000003,4
447.898,19.8530975,4
448.11,18.881867500000002,4
448.323,19.842802499999998,4
448.535,16.8298975,4
448.748,21.886637500000003,4
448.96,8.1455375,4
449.172,19.5733425,4
449.385,11.83434,4
449.597,20.11268,4
449.809,21.656975,4
450.021,12.059292499999998,4
450.234,26.000379999999996,4
450.446,28.554410000000004,4
450.658,27.082632500000003,4
450.87,16.749087499999998,4
451.083,18.2590325,4
451.295,17.24486,4
451.507,18.3618175,4
451.719,23.459387500000002,4
451.931,20.78409,4
452.143,18.269354999999997,4
452.356,9.720650000000003,4
452.568,19.918225,4
452.78,18.73292,4
452.992,36.233315,4
453.204,28.75584,4
453.416,23.715490000000003,4
453.628,21.8472875,4
453.84,19.284105,4
454.052,30.034815000000002,4
454.264,26.5641575,4
454.476,23.8721375,4
454.688,31.074265,4
454.9,27.170675,4
455.112,25.03597,4
455.324,13.497064999999997,4
455.536,24.8775325,4
455.747,20.4329475,4
455.959,36.648984999999996,4
456.171,20.0739375,4
456.383,19.384487500000002,4
456.595,18.3218675,4
456.807,27.515782499999997,4
457.018,13.4537275,4
457.23,24.2890725,4
457.442,18.582482499999998,4
457.654,29.485919999999997,4
457.865,19.890230000000003,4
458.077,18.1021,4
458.289,25.63785,4
458.501,28.32949,4
458.712,22.09387,4
458.924,31.121885,4
459.136,17.8983675,4
459.347,27.4742775,4
459.559,24.827545,4
459.77,23.276195,4
459.982,24.949945,4
460.194,22.131972500000003,4
460.405,16.321785000000002,4
460.617,22.16431,4
460.828,19.864805,4
461.04,19.522087499999998,4
461.251,9.442065000000001,4
461.463,19.0039775,4
461.674,11.9104225,4
461.886,17.6068,4
462.097,24.809092500000002,4
462.309,19.616335,4
462.52,14.653085,4
462.731,15.845814999999998,4
462.943,16.491799999999998,4
463.154,19.661302499999998,4
463.366,17.57331,4
463.577,17.40351,4
463.788,21.1941775,4
464.0,20.4809525,4
464.211,16.1715175,4
464.422,18.684215,4
464.634,20.999879999999997,4
464.845,22.387097499999996,4
465.056,19.928925,4
465.267,24.5720975,4
465.478,16.12902,4
465.69,26.247034999999997,4
465.901,16.75845,4
466.112,13.4080475,4
466.323,19.6830225,4
466.534,22.952022499999998,4
466.745,24.326445,4
466.957,17.556202499999998,4
467.168,20.1220625,4
467.379,17.041629999999998,4
467.59,15.99373,4
467.801,15.0791775,4
468.012,16.5126075,4
468.223,19.444475,4
468.434,18.282017500000002,4
468.645,23.421557500000002,4
468.856,26.456385,4
469.067,24.1586275,4
469.278,20.2220525,4
469.489,21.8914775,4
469.7,16.91369,4
469.911,19.9867975,4
470.122,23.9444975,4
470.333,19.661267499999997,4
470.543,18.42629,4
470.754,23.42157,4
470.965,16.5304775,4
471.176,20.677455000000002,4
471.387,34.618075000000005,4
471.598,19.9140275,4
471.808,9.1098725,4
472.019,27.1552075,4
472.23,27.393409999999996,4
472.441,15.0787575,4
472.651,15.0767175,4
472.862,17.4450175,4
473.073,22.2030275,4
473.283,24.347710000000003,4
473.494,21.5746775,4
473.705,23.9104025,4
473.915,22.0276225,4
474.126,24.066180000000003,4
474.337,31.75993,4
474.547,25.232927500000002,4
474.758,28.238754999999998,4
474.968,17.6830775,4
475.179,17.627765,4
475.389,31.1966125,4
475.6,22.746209999999998,4
475.81,25.329382499999998,4
476.021,19.675785,4
476.231,30.0094275,4
476.442,20.3429225,4
476.652,20.345605,4
476.863,25.332304999999998,4
477.073,27.1459275,4
477.284,15.2587975,4
477.494,28.9195725,4
477.704,19.012817499999997,4
477.915,25.204459999999997,4
478.125,22.220172500000004,4
478.335,24.842080000000003,4
478.546,22.6072275,4
478.756,15.72864,4
478.966,34.22853,4
479.177,26.952450000000002,4
479.387,24.684425,4
479.597,27.279815,4
479.807,19.394614999999998,4
480.018,26.794359999999998,4
480.228,29.129489999999997,4
480.438,28.142725000000006,4
480.648,29.872272499999998,4
480.858,34.78498,4
481.068,30.239050000000002,4
481.279,37.339949999999995,4
481.489,28.722645,4
481.699,34.465542500000005,4
481.909,38.596062499999995,4
482.119,44.463255,4
482.329,47.036015,4
482.539,44.000675,4
482.749,37.4105475,4
482.959,52.565965,4
483.169,53.739675,4
483.379,56.9006875,4
483.589,67.043755,4
483.799,83.89396500000001,4
484.009,72.2035475,4
484.219,89.289965,4
484.429,85.901455,4
484.639,102.32899499999999,4
484.849,95.3405425,4
485.059,126.38621249999998,4
485.268,115.39102,4
485.478,152.75081,4
485.688,141.9343275,4
485.898,180.737355,4
486.108,196.11446,4
486.317,258.15499,4
486.527,304.35913,4
486.737,459.643865,4
486.947,540.28098,4
487.156,728.9534725,4
487.366,773.02428,4
487.576,869.7033650000001,4
487.785,886.2212900000001,4
487.995,958.5593925,4
488.205,980.1913374999999,4
488.414,1063.9841925,4
488.624,1044.1455675,4
488.834,1102.1511725,4
489.043,1045.4258825,4
489.253,1098.7363575,4
489.462,1087.25916,4
489.672,1166.3955225,4
489.882,1116.093345,4
490.091,1172.1521599999999,4
490.301,1103.4256975,4
490.51,1154.8473425,4
490.72,1113.130285,4
490.929,1168.6564725,4
491.138,1125.6197775,4
491.348,1122.7029125,4
491.557,1068.03443,4
491.767,1105.38186,4
491.976,1049.6980225,4
492.185,1061.4399325,4
492.395,1000.969295,4
492.604,1037.1160575,4
492.813,970.8062225,4
493.023,1025.8462749999999,4
493.232,964.3466,4
493.441,995.0379625,4
493.651,958.059175,4
493.86,951.1703925,4
494.069,922.3160324999999,4
494.278,957.8896950000001,4
494.488,888.9986549999999,4
494.697,902.9561550000001,4
494.906,798.6375525,4
495.115,769.2342725000001,4
495.324,617.11831,4
495.533,555.8628325,4
495.743,463.0028,4
495.952,432.8673575000001,4
496.161,351.87002,4
496.37,331.9031925,4
496.579,272.24341000000004,4
496.788,250.38377499999999,4
496.997,203.78862750000002,4
497.206,171.9534425,4
497.415,128.98226,4
497.624,120.76122000000001,4
497.833,89.064395,4
498.042,94.72451249999999,4
498.251,80.9847,4
498.46,79.85722249999999,4
498.669,73.6598075,4
498.878,85.65735000000001,4
499.087,74.64612,4
499.296,83.1407275,4
499.504,81.54660750000001,4
499.713,78.88150000000002,4
499.922,69.40884249999999,4
500.131,81.8211875,4
500.34,74.53490000000001,4
500.549,78.50482,4
500.757,76.52084500000001,4
500.966,84.185375,4
501.175,63.72072000000001,4
501.384,85.70788499999999,4
501.592,69.5736725,4
501.801,76.89566749999999,4
502.01,72.71357499999999,4
502.218,78.2803625,4
502.427,73.258485,4
502.636,70.349625,4
502.844,64.1358075,4
503.053,71.46336249999999,4
503.262,65.32196,4
503.47,63.5820375,4
503.679,60.593485,4
503.887,62.947705000000006,4
504.096,56.452695,4
504.304,63.38597,4
504.513,49.8561925,4
504.721,62.86175250000001,4
504.93,56.9099675,4
505.138,58.0096875,4
505.347,53.063964999999996,4
505.555,56.02692999999999,4
505.764,46.10991249999999,4
505.972,55.5851725,4
506.18,52.69046,4
506.389,53.3693425,4
506.597,51.777497499999996,4
506.806,58.6504475,4
507.014,52.207875,4
507.222,51.430422500000006,4
507.431,46.8347375,4
507.639,54.6839775,4
507.847,54.866674999999994,4
508.055,61.434175,4
508.264,55.6157775,4
508.472,69.21516500000001,4
508.68,50.994055,4
508.888,59.697255000000006,4
509.096,53.514075,4
509.305,59.8402175,4
509.513,47.516045,4
509.721,63.1749025,4
509.929,52.3481675,4
510.137,56.9363975,4
510.345,50.87103,4
510.553,48.091525000000004,4
510.762,51.10324,4
510.97,54.9416675,4
511.178,51.76332000000001,4
511.386,59.67758750000001,4
511.594,46.4858625,4
511.802,64.40191,4
512.01,45.969215,4
512.218,58.313285,4
512.426,46.95385,4
512.634,53.8453975,4
512.842,35.66699,4
513.049,42.9344425,4
513.257,50.0176225,4
513.465,48.143969999999996,4
513.673,40.6899275,4
513.881,47.6665175,4
514.089,45.35973750000001,4
514.297,51.7983925,4
514.504,40.2009125,4
514.712,49.02595,4
514.92,51.25042500000001,4
515.128,58.114712499999996,4
515.336,49.7444275,4
515.543,48.9378175,4
515.751,44.060134999999995,4
515.959,46.34478,4
516.166,49.4346825,4
516.374,50.466952500000005,4
516.582,36.74199,4
516.789,54.331055,4
516.997,41.8780775,4
517.205,58.65759500000001,4
517.412,51.107025,4
517.62,52.93837249999999,4
517.827,57.53587499999999,4
518.035,49.666,4
518.243,54.416847499999996,4
518.45,56.407445,4
518.658,53.6547825,4
518.865,56.7427925,4
519.073,60.8945975,4
519.28,78.74947,4
519.488,78.5691175,4
519.695,86.4609875,4
519.902,85.75913499999999,4
520.11,101.976095,4
520.317,103.2298225,4
520.525,120.01545999999999,4
520.732,119.93184249999999,4
520.939,151.11888249999998,4
521.147,126.839105,4
521.354,155.43512749999996,4
521.561,146.399685,4
521.769,166.576295,4
521.976,145.902855,4
522.183,159.45500750000002,4
522.391,143.105955,4
522.598,167.694685,4
522.805,142.3277225,4
523.012,156.8861475,4
523.219,144.71164499999998,4
523.427,161.3985125,4
523.634,138.67945249999997,4
523.841,160.17287249999998,4
524.048,133.3519425,4
524.255,150.4218325,4
524.462,135.5090375,4
524.669,151.41043249999998,4
524.877,130.58784999999997,4
525.084,142.1762675,4
525.291,115.82327000000001,4
525.498,136.14614749999998,4
525.705,120.0059925,4
525.912,129.3141825,4
526.119,110.50868,4
526.326,121.115545,4
526.533,105.44731999999999,4
526.74,117.71454499999999,4
526.947,92.8376825,4
527.153,112.40011000000001,4
527.36,88.03639749999999,4
527.567,94.69669,4
527.774,83.635875,4
527.981,85.6111025,4
528.188,77.735715,4
528.395,79.78973749999999,4
528.602,62.91074750000001,4
528.808,65.721155,4
529.015,47.731825,4
529.222,58.907225,4
529.429,44.4831975,4
529.635,48.0719975,4
529.842,41.7450225,4
530.049,35.0241275,4
530.256,35.5644725,4
530.462,38.9118375,4
530.669,23.902694999999998,4
530.876,30.197982499999995,4
531.082,25.047622500000003,4
531.289,37.906819999999996,4
531.495,26.594265,4
531.702,29.73581,4
531.909,34.62856,4
532.115,35.638255,4
532.322,33.9239175,4
532.528,33.7664775,4
532.735,27.193442500000003,4
532.941,34.866200000000006,4
533.148,39.188635000000005,4
533.354,35.440807500000005,4
533.561,29.852725,4
533.767,38.342997499999996,4
533.974,32.224745,4
534.18,36.638864999999996,4
534.387,29.004817499999998,4
534.593,38.232420000000005,4
534.799,17.514715000000002,4
535.006,32.0752225,4
535.212,26.815575,4
535.418,37.59634,4
535.625,25.6819675,4
535.831,24.562015,4
536.037,28.4786275,4
536.244,35.432035,4
536.45,29.68956,4
536.656,29.609755000000003,4
536.862,20.326082500000002,4
537.068,28.645622499999998,4
537.275,30.227102499999997,4
537.481,31.840130000000002,4
537.687,31.6543225,4
537.893,28.152965,4
538.099,25.991345000000003,4
538.305,28.06881,4
538.512,33.0145975,4
538.718,28.717255,4
538.924,25.42873,4
539.13,29.7679825,4
539.336,28.4621825,4
539.542,32.1015425,4
539.748,31.0532775,4
539.954,27.716565,4
540.16,29.6500425,4
540.366,28.219314999999998,4
540.572,23.564735,4
540.778,23.254435,4
540.984,27.24221,4
541.19,31.080415,4
541.396,29.95046,4
541.602,37.4435525,4
541.807,31.842895,4
542.013,31.4763625,4
542.219,19.883765,4
542.425,31.329145,4
542.631,39.5471525,4
542.837,29.175555,4
543.042,33.3177075,4
543.248,33.7747625,4
543.454,28.389989999999997,4
543.66,29.0502175,4
543.865,27.6750675,4
544.071,27.007087499999997,4
544.277,31.07284,4
544.483,28.706665,4
544.688,29.772927499999998,4
544.894,37.9752175,4
545.1,26.682487499999997,4
545.305,29.293635000000002,4
545.511,29.10732,4
545.716,34.55462,4
545.922,29.40368,4
546.128,31.587799999999998,4
546.333,23.711185,4
546.539,26.33718,4
546.744,24.0139675,4
546.95,34.702715,4
547.155,24.530642500000003,4
547.361,36.2521,4
547.566,27.1285275,4
547.772,26.1090925,4
547.977,26.61354,4
548.182,23.302162499999998,4
548.388,25.8814175,4
548.593,23.4943475,4
548.799,23.3829725,4
549.004,24.0632025,4
549.209,18.30056,4
549.415,16.7774375,4
549.62,16.6891125,4
549.825,25.0930375,4
550.031,24.04084,4
550.236,15.15382,4
550.441,31.16493,4
550.646,24.796707499999997,4
550.852,19.2259325,4
551.057,21.733232500000003,4
551.262,19.97236,4
551.467,19.5469,4
551.672,18.620995,4
551.878,15.587905000000001,4
552.083,24.8249275,4
552.288,21.2951925,4
552.493,14.31071,4
552.698,21.777965,4
552.903,15.056820000000002,4
553.108,16.489974999999998,4
553.313,18.5101525,4
553.518,14.8994975,4
553.723,12.237715000000001,4
553.928,18.7233625,4
554.133,13.163332500000001,4
554.338,15.562879999999998,4
554.543,11.93334,4
554.748,21.430597499999998,4
554.953,19.0847275,4
555.158,22.52863,4
555.363,6.360892499999999,4
555.568,21.081129999999998,4
555.773,16.0708825,4
555.978,15.31407,4
556.182,23.718265,4
556.387,19.3063625,4
556.592,14.017307500000001,4
556.797,16.6313025,4
557.002,22.972015000000003,4
557.206,26.8341225,4
557.411,23.174097500000002,4
557.616,18.25487,4
557.821,19.710532500000003,4
558.025,18.810065,4
558.23,20.49293,4
558.435,18.23113,4
558.64,20.88373,4
558.844,25.6411725,4
559.049,24.921562500000004,4
559.253,29.686949999999996,4
559.458,29.1012475,4
559.663,31.051137500000003,4
559.867,22.533612500000004,4
560.072,27.759725000000003,4
560.276,29.9787025,4
560.481,32.2048725,4
560.685,30.918855,4
560.89,40.338035000000005,4
561.094,25.9859325,4
561.299,50.1054125,4
561.503,42.2438825,4
561.708,62.02195749999999,4
561.912,50.936035000000004,4
562.117,54.905002499999995,4
562.321,51.175957499999996,4
562.525,65.63395750000001,4
562.73,58.3614025,4
562.934,67.02694249999999,4
563.139,55.607549999999996,4
563.343,72.7011125,4
563.547,57.512115,4
563.752,68.24809499999999,4
563.956,58.3796275,4
564.16,64.47009750000001,4
564.364,70.06866000000001,4
564.569,66.859775,4
564.773,58.41906,4
564.977,64.82131,4
565.181,63.840044999999996,4
565.385,70.87491750000001,4
565.59,55.513307499999996,4
565.794,66.6387125,4
565.998,62.8999825,4
566.202,63.189989999999995,4
566.406,59.895275,4
566.61,56.595797499999996,4
566.814,49.0536775,4
567.018,59.426190000000005,4
567.222,49.1844075,4
567.426,62.7023225,4
567.63,52.768860000000004,4
567.834,55.99528750000001,4
568.038,55.2250275,4
568.242,48.06127750000001,4
568.446,52.956665,4
568.65,50.484049999999996,4
568.854,50.446099999999994,4
569.058,49.423067499999995,4
569.262,40.96776,4
569.466,50.16870000000001,4
569.67,45.36965,4
569.874,54.565712500000004,4
570.078,45.450397499999994,4
570.281,51.391414999999995,4
570.485,52.99213,4
570.689,48.696377500000004,4
570.893,41.1348025,4
571.097,40.3087575,4
571.3,40.677350000000004,4
571.504,48.85373500000001,4
571.708,43.1632075,4
571.912,48.530212500000005,4
572.115,36.9137725,4
572.319,33.95744249999999,4
572.523,43.3342725,4
572.726,36.887592500000004,4
572.93,40.37728,4
573.133,45.135122499999994,4
573.337,35.80258,4
573.541,49.7961175,4
573.744,41.1761475,4
573.948,45.4138575,4
574.151,43.123005,4
574.355,56.39963,4
574.558,49.7413125,4
574.762,55.53528,4
574.965,51.395522500000006,4
575.169,67.15530749999999,4
575.372,57.232745,4
575.576,62.960044999999994,4
575.779,66.91683499999999,4
575.983,70.598305,4
576.186,65.7214925,4
576.389,73.0622825,4
576.593,53.22270249999999,4
576.796,69.19584499999999,4
577.0,66.3465,4
577.203,81.1904475,4
577.406,72.2870925,4
577.609,73.2552675,4
577.813,72.0122825,4
578.016,82.48057,4
578.219,73.12225,4
578.423,85.7571275,4
578.626,80.328135,4
578.829,84.8700475,4
579.032,78.91591500000001,4
579.235,87.0716825,4
579.438,85.34436,4
579.642,79.7420475,4
579.845,81.8263075,4
580.048,95.34725,4
580.251,93.36699750000001,4
580.454,102.5717875,4
580.657,96.69576,4
580.86,104.973135,4
581.063,94.25836250000002,4
581.266,112.3099025,4
581.469,107.6182525,4
581.672,119.00037750000001,4
581.875,114.7497125,4
582.078,129.34397249999998,4
582.281,122.82108749999999,4
582.484,140.4621975,4
582.687,142.25678,4
582.89,157.1020975,4
583.093,142.5546375,4
583.296,152.542965,4
583.499,152.07134000000002,4
583.702,170.96020750000002,4
583.904,161.3336975,4
584.107,173.447615,4
584.31,171.6783725,4
584.513,184.584975,4
584.716,181.62501,4
584.918,201.07815000000002,4
585.121,179.7364175,4
585.324,193.7444525,4
585.527,192.18693,4
585.729,198.3095225,4
585.932,183.3597925,4
586.135,184.80101249999998,4
586.337,184.0229875,4
586.54,196.960515,4
586.743,184.4004025,4
586.945,192.3308075,4
587.148,177.381305,4
587.35,190.45622999999998,4
587.553,175.137205,4
587.755,174.912235,4
587.958,170.6427,4
588.161,177.08249999999998,4
588.363,163.1936725,4
588.566,170.27573,4
588.768,162.89401249999997,4
588.971,176.40991,4
589.173,163.1525125,4
589.375,178.57042249999998,4
589.578,160.2787925,4
589.78,179.5253525,4
589.983,169.59314000000003,4
590.185,175.39598999999998,4
590.387,164.74129,4
590.59,183.0438525,4
590.792,162.0317025,4
590.994,169.7369775,4
591.197,149.81240250000002,4
591.399,151.7419975,4
591.601,135.7094775,4
591.803,142.413825,4
592.006,133.83688,4
592.208,141.42874000000003,4
592.41,119.777295,4
592.612,125.5532875,4
592.815,117.81026750000001,4
593.017,123.2329975,4
593.219,119.03177499999998,4
593.421,118.4434625,4
593.623,108.9668375,4
593.825,111.71910249999999,4
594.027,117.15234749999999,4
594.229,129.83463500000002,4
594.432,124.80708750000002,4
594.634,132.079435,4
594.836,118.69290249999999,4
595.038,136.3027325,4
595.24,141.6051625,4
595.442,149.84077499999998,4
595.644,146.6461425,4
595.846,155.4164825,4
596.048,147.27376250000003,4
596.249,147.1019725,4
596.451,148.31966249999996,4
596.653,168.25704000000002,4
596.855,157.50108,4
597.057,158.18689500000002,4
597.259,148.45023250000003,4
597.461,170.7037925,4
597.663,162.4187475,4
597.864,165.4736225,4
598.066,160.31906500000002,4
598.268,171.4537475,4
598.47,163.07130499999997,4
598.671,167.879045,4
598.873,162.88912,4
599.075,180.07079000000002,4
599.277,173.56954000000002,4
599.478,174.10373750000002,4
599.68,172.92756000000003,4
599.882,193.03335750000002,4
600.083,174.21073000000004,4
600.285,197.52689750000002,4
600.487,180.42659500000002,4
600.688,188.21498,4
600.89,190.66346750000002,4
601.091,192.86991,4
601.293,180.2681325,4
601.494,199.1616075,4
601.696,191.50084249999998,4
601.898,197.5425,4
602.099,187.4669225,4
602.301,191.309,4
602.502,180.6916625,4
602.703,196.940705,4
602.905,179.142905,4
603.106,189.63295500000004,4
603.308,182.64689,4
603.509,206.48257999999998,4
603.711,207.03351499999997,4
603.912,208.269875,4
604.113,199.1768625,4
604.315,228.58669,4
604.516,226.02669999999998,4
604.717,231.8285125,4
604.919,227.05488999999997,4
605.12,249.56317,4
605.321,241.74725999999998,4
605.522,254.9764425,4
605.724,249.911765,4
605.925,255.516905,4
606.126,247.8809725,4
606.327,259.7174025,4
606.528,250.93640249999999,4
606.729,264.0343675,4
606.931,248.3879625,4
607.132,263.9334025,4
607.333,238.775815,4
607.534,257.068,4
607.735,236.45692749999998,4
607.936,256.858625,4
608.137,244.1363075,4
608.338,255.1346275,4
608.539,247.1707675,4
608.74,258.5849375,4
608.941,251.034195,4
609.142,265.41823,4
609.343,256.84630999999996,4
609.544,277.5365625,4
609.745,264.47918749999997,4
609.946,286.0402625,4
610.147,263.568325,4
610.348,292.65720500000003,4
610.549,266.867305,4
610.75,289.59499000000005,4
610.95,278.73720499999996,4
611.151,292.54490749999997,4
611.352,272.0937325,4
611.553,285.5537875,4
611.754,250.998895,4
611.954,266.49123,4
612.155,231.99606500000002,4
612.356,241.86455750000002,4
612.557,212.50856000000002,4
612.757,215.134915,4
612.958,194.9858775,4
613.159,200.23906250000002,4
613.359,186.08229749999998,4
613.56,188.1411225,4
613.761,184.4612725,4
613.961,197.44404749999998,4
614.162,175.5095575,4
614.362,181.299125,4
614.563,163.4743475,4
614.764,191.25652,4
614.964,176.6359275,4
615.165,172.68525250000002,4
615.365,164.61044249999998,4
615.566,173.61444,4
615.766,157.88220750000002,4
615.967,167.7216775,4
616.167,153.33048,4
616.368,164.47241999999997,4
616.568,149.72104249999998,4
616.768,149.7827475,4
616.969,138.8997525,4
617.169,133.6031125,4
617.37,123.7714925,4
617.57,125.54266,4
617.77,113.41739000000001,4
617.971,124.91279,4
618.171,107.87356,4
618.371,117.08475,4
618.571,99.97174,4
618.772,102.18209499999999,4
618.972,97.3418125,4
619.172,103.37656750000001,4
619.372,88.97878499999999,4
619.573,100.8107325,4
619.773,90.44865499999999,4
619.973,92.8685225,4
620.173,88.925445,4
620.373,92.180205,4
620.573,81.2247625,4
620.774,91.69923500000002,4
620.974,78.8801925,4
621.174,89.34143999999999,4
621.374,75.93569,4
621.574,81.65038,4
621.774,79.7214225,4
621.974,87.38891000000001,4
622.174,63.9858475,4
622.374,72.61609999999999,4
622.574,62.5261875,4
622.774,60.9808575,4
622.974,51.326135,4
623.174,53.8753075,4
623.374,53.800309999999996,4
623.574,55.291270000000004,4
623.774,51.396595,4
623.973,51.93942,4
624.173,42.360035,4
624.373,50.619654999999995,4
624.573,47.80235999999999,4
624.773,55.1926275,4
624.973,47.56863,4
625.172,44.907712499999995,4
625.372,50.10570499999999,4
625.572,52.798395000000006,4
625.772,39.105940000000004,4
625.971,49.76565000000001,4
626.171,49.169425,4
626.371,46.32581999999999,4
626.57,39.5097825,4
626.77,41.459027500000005,4
626.97,33.73652,4
627.169,37.212635000000006,4
627.369,33.55795,4
627.569,29.177460000000004,4
627.768,31.546065000000002,4
627.968,29.07297,4
628.167,29.0850975,4
628.367,34.141355,4
628.566,29.272675,4
628.766,30.6548675,4
628.965,31.5905625,4
629.165,24.1812325,4
629.364,24.12756,4
629.564,33.842225,4
629.763,29.659087500000002,4
629.963,29.782445000000003,4
630.162,20.8768875,4
630.362,20.1879275,4
630.561,24.2933075,4
630.76,24.237164999999997,4
630.96,28.38926,4
631.159,23.608142500000003,4
631.358,20.988145,4
631.558,31.669449999999998,4
631.757,22.837252499999998,4
631.956,23.570902500000003,4
632.155,24.0477875,4
632.355,26.6582175,4
632.554,18.8375875,4
632.753,15.917622499999998,4
632.952,20.639879999999998,4
633.152,15.65189,4
633.351,13.860805000000001,4
633.55,20.029675,4
633.749,16.071355,4
633.948,11.8977025,4
634.147,14.920095,4
634.346,20.9885825,4
634.545,21.7108025,4
634.744,14.4555825,4
634.944,12.529885,4
635.143,25.17348,4
635.342,13.17211,4
635.541,24.518712500000003,4
635.74,17.00665,4
635.939,19.0580125,4
636.138,14.10824,4
636.336,14.649469999999999,4
636.535,15.340160000000001,4
636.734,15.879552499999999,4
636.933,14.65062,4
637.132,13.446182499999999,4
637.331,16.062762499999998,4
637.53,9.205364999999999,4
637.729,10.818037499999999,4
637.928,14.292337499999999,4
638.126,19.990077499999998,4
638.325,14.790685,4
638.524,13.88691,4
638.723,20.8504425,4
638.921,14.71289,4
639.12,14.363802499999998,4
639.319,6.329155,4
639.518,17.8967225,4
639.716,7.5022775,4
639.915,14.285647500000001,4
640.114,8.86741,4
640.312,12.2980175,4
640.511,9.4113,4
640.71,10.5151475,4
640.908,7.13122,4
641.107,-1.1148849999999997,4
641.305,4.52403,4
641.504,10.3243975,4
641.702,6.421472499999999,4
641.901,3.1826499999999998,4
642.099,3.0605475,4
642.298,2.2359624999999994,4
642.496,12.10729,4
642.695,1.8195000000000001,4
642.893,14.9270925,4
643.092,4.0299325,4
643.29,4.1547525,4
643.489,5.40781,4
643.687,5.824012500000001,4
643.885,13.101469999999999,4
644.084,5.383982499999999,4
644.282,4.25591,4
644.48,3.5676275000000004,4
644.679,9.9543475,4
644.877,0.533425,4
645.075,11.5559075,4
645.274,10.15602,4
645.472,0.5110250000000003,4
645.67,7.5273175000000005,4
645.868,8.9726875,4
646.067,2.0226224999999998,4
646.265,4.8651625,4
646.463,7.279275,4
646.661,3.0263349999999996,4
646.859,0.61246,4
647.057,12.70854,4
647.256,3.43269,4
647.454,-2.2307175,4
647.652,-0.2675074999999998,4
647.85,6.9186075,4
648.048,6.2752125,4
648.246,0.5104274999999998,4
648.444,13.044844999999999,4
648.642,8.4871875,4
648.84,4.09826,4
649.038,4.72982,4
649.236,-1.8241200000000002,4
649.434,2.5305225,4
649.632,12.4476125,4
649.83,9.2095925,4
650.028,0.03719749999999977,4
650.226,5.8259725,4
650.423,9.705015,4
650.621,7.26922,4
650.819,3.2973375,4
651.017,9.797025,4
651.215,0.0591999999999997,4
651.413,-3.144005,4
651.61,2.970265,4
651.808,8.3856375,4
652.006,0.11645249999999996,4
652.204,3.230515,4
652.401,-1.8016450000000002,4
652.599,-1.65494,4
652.797,5.778745,4
652.995,5.814145,4
653.192,-4.937865,4
653.39,0.21785999999999994,4
653.588,-0.7184550000000001,4
653.785,10.8680725,4
653.983,6.8278425,4
654.18,1.7636224999999999,4
654.378,9.41237,4
654.576,8.7243575,4
654.773,6.625355,4
654.971,0.14990249999999972,4
655.168,3.7036900000000004,4
655.366,8.1924275,4
655.563,6.388245,4
655.761,8.7345275,4
655.958,7.0875725,4
656.156,7.3358349999999986,4
656.353,10.0492525,4
656.55,40.726350000000004,4
656.748,98.53499250000002,4
656.945,250.61740749999998,4
657.143,527.1631574999999,4
657.34,1031.656485,4
657.537,1799.9562675000002,4
657.735,2727.1658624999995,4
657.932,3498.3451400000004,4
658.129,4289.269535,4
658.326,4823.240585,4
658.524,5425.5496075,4
658.721,5760.2649075,4
658.918,6125.967677500001,4
659.115,6285.412375,4
659.313,6624.1509,4
659.51,6717.789415,4
659.707,6928.620755,4
659.904,6981.7199475,4
660.101,7133.9394775,4
660.298,7163.240197499999,4
660.496,7245.9866975,4
660.693,7245.421504999999,4
660.89,7309.46663,4
661.087,7283.6942925,4
661.284,7343.3381625,4
661.481,7307.4618775,4
661.678,7367.34543,4
661.875,7305.42453,4
662.072,7355.308905000001,4
662.269,7297.6596425,4
662.466,7323.350185,4
662.663,7219.609904999999,4
662.86,7212.7689375,4
663.057,7143.2201675,4
663.254,7204.989487500001,4
663.45,7165.75483,4
663.647,7156.873527499999,4
663.844,7118.463602499999,4
664.041,7105.6745825,4
664.238,7106.0207224999995,4
664.435,7100.485605,4
664.631,7037.6036175,4
664.828,7083.8917325,4
665.025,6951.588995,4
665.222,6877.5538825,4
665.419,6698.7724725,4
665.615,6535.9580875,4
665.812,6082.259655,4
666.009,5604.7414825000005,4
666.205,4944.6087475,4
666.402,4481.960647499999,4
666.599,3932.8400500000002,4
666.795,3604.8320375,4
666.992,3268.3209675,4
667.188,2868.8371100000004,4
667.385,2464.532275,4
667.582,2270.38908,4
667.778,1948.1406550000002,4
667.975,1588.5982950000002,4
668.171,1298.2815274999998,4
668.368,1119.6717499999997,4
668.564,919.73558,4
668.761,772.4340375,4
668.957,596.39106,4
669.154,487.3827125,4
669.35,346.96035750000004,4
669.547,255.2512075,4
669.743,164.1292225,4
669.939,87.0882575,4
670.136,41.142700000000005,4
670.332,17.578955,4
670.528,9.7587,4
670.725,5.3378950000000005,4
670.921,-1.057,4
671.117,9.525535,4
671.314,7.36961,4
671.51,-1.44044,4
671.706,-0.3123824999999998,4
671.902,-1.2944875000000002,4
672.099,1.5595674999999998,4
672.295,11.849755,4
672.491,-2.96325,4
672.687,5.31767,4
672.883,0.47741749999999994,4
673.08,10.46295,4
673.276,2.3049925,4
673.472,6.3561575,4
673.668,0.6465849999999997,4
673.864,6.738994999999999,4
674.06,4.8877025000000005,4
674.256,5.182895,4
674.452,-3.3696349999999997,4
674.648,1.3010950000000001,4
674.844,5.39597,4
675.04,0.7255900000000002,4
675.236,3.2631125,4
675.432,8.6801675,4
675.628,6.615295,4
675.824,4.594825,4
676.02,-2.46662,4
676.216,4.97927,4
676.412,-1.0687300000000002,4
676.608,-3.7195074999999997,4
676.804,2.259605,4
676.999,1.639145,4
677.195,4.8432675000000005,4
677.391,2.7902975,4
677.587,4.92235,4
677.783,1.8986350000000003,4
677.978,7.1674975000000005,4
678.174,4.4377825,4
678.37,-2.6362275,4
678.566,9.8089925,4
678.761,2.8352325,4
678.957,5.633345,4
679.153,6.47945,4
679.348,5.1827950000000005,4
679.544,5.384729999999999,4
679.74,5.0361525,4
679.935,2.8017749999999997,4
680.131,7.032772500000001,4
680.327,5.5660025,4
680.522,0.996475,4
680.718,5.463585,4
680.913,1.6397575,4
681.109,-0.14320750000000015,4
681.304,4.5847175,4
681.5,11.7717925,4
681.695,4.8100975,4
681.891,6.299627500000001,4
682.086,1.6509550000000002,4
682.282,-5.320905,4
682.477,-1.0913,4
682.672,-5.0390325,4
682.868,7.383194999999999,4
683.063,1.4362374999999998,4
683.259,4.9680275,4
683.454,-1.8802950000000003,4
683.649,0.5337775000000001,4
683.845,6.0618549999999995,4
684.04,8.7704225,4
684.235,-1.0908925,4
684.43,2.1701574999999997,4
684.626,-1.1358075000000003,4
684.821,3.9077475,4
685.016,2.1470825,4
685.211,4.787955,4
685.407,3.2301949999999997,4
685.602,2.7338925,4
685.797,10.360935000000001,4
685.992,2.5081775,4
686.187,1.8763199999999998,4
686.382,1.0529625,4
686.577,3.1737975,4
686.773,8.8275675,4
686.968,0.9848400000000002,4
687.163,-4.69034,4
687.358,0.7477600000000002,4
687.553,9.3461525,4
687.748,-1.5756525000000001,4
687.943,8.83897,4
688.138,7.969587499999999,4
688.333,0.09395249999999991,4
688.528,-0.6848050000000001,4
688.723,3.275715,4
688.918,-0.2562150000000001,4
689.112,4.245679999999999,4
689.307,7.26939,4
689.502,5.98324,4
689.697,0.9739275000000001,4
689.892,8.3197875,4
690.087,8.003015,4
690.282,8.0038425,4
690.476,-1.0569125000000001,4
690.671,-0.3236200000000002,4
690.866,6.53607,4
691.061,-5.04041,4
691.255,7.924455,4
691.45,8.139225,4
691.645,3.9631575000000003,4
691.84,2.7567,4
692.034,-1.2036924999999998,4
692.229,6.25364,4
692.424,6.11844,4
692.618,2.0794625,4
692.813,0.09376250000000014,4
693.007,7.5403775,4
693.202,-1.136205,4
693.397,4.6185275,4
693.591,0.6466075,4
693.786,5.3404425,4
693.98,8.1943825,4
694.175,2.5420724999999997,4
694.369,5.30616,4
694.564,7.7785675,4
694.758,3.9409050000000003,4
694.953,-1.47429,4
695.147,-5.490025,4
695.342,0.4324475,4
695.536,6.287640000000001,4
695.73,3.6930674999999997,4
695.925,8.308900000000001,4
696.119,4.234082500000001,4
696.313,-0.47055,4
696.508,2.6102724999999998,4
696.702,-6.731445,4
696.896,1.8989475,4
697.091,5.666859999999999,4
697.285,3.1291550000000004,4
697.479,2.2143675,4
697.673,4.9801975,4
697.868,5.49773,4
698.062,0.11646749999999995,4
698.256,-4.4863875,4
698.45,-3.5388075,4
698.644,2.71143,4
698.839,-0.74084,4
699.033,0.1616074999999999,4
699.227,6.694254999999999,4
699.421,4.2800225,4
699.615,-2.9185175,4
699.809,1.3122425000000002,4
700.003,0.5452925,4
700.197,-3.06473,4
700.391,-0.06409999999999982,4
700.585,0.996485,4
700.779,2.8244675,4
700.973,-1.4514425000000002,4
701.167,4.8330375,4
701.361,4.23445,4
701.555,4.077115,4
701.749,0.21784999999999988,4
701.943,-3.51611,4
702.137,7.110955000000001,4
702.331,-3.22288,4
702.525,4.1775875,4
702.718,0.9176375,4
702.912,1.25595,4
703.106,0.2292399999999999,4
703.3,1.2447599999999999,4
703.494,3.038405,4
703.687,7.4726425,4
703.881,1.9103575,4
704.075,10.519015,4
704.269,-1.7340399999999998,4
704.462,1.1092125000000002,4
704.656,-1.733955,4
704.85,10.06781,4
705.043,3.8166575,4
705.237,4.380825,4
705.431,0.6129975000000001,4
705.624,5.7014625,4
705.818,1.8765050000000003,4
706.012,0.9738049999999999,4
706.205,0.962825,4
706.399,6.445917499999999,4
706.592,-3.11011,4
706.786,-0.470105,4
706.979,-7.837074999999999,4
707.173,4.1210875,4
707.366,-0.7637450000000001,4
707.56,4.448409999999999,4
707.753,0.0261674999999999,4
707.947,-2.8164800000000003,4
708.14,-4.93875,4
708.333,2.9705775,4
708.527,-0.007657500000000095,4
708.72,4.832609999999999,4
708.914,2.1473675,4
709.107,-0.9553925000000001,4
709.3,-0.6284500000000002,4
709.494,4.978502499999999,4
709.687,4.49373,4
709.88,0.8610549999999999,4
710.073,9.5842125,4
710.267,0.1841925000000001,4
710.46,8.8157775,4
710.653,-2.365565,4
710.846,-1.654795,4
711.04,-2.3878675,4
711.233,2.4859999999999998,4
711.426,1.357515,4
711.619,0.25192,4
711.812,6.9424275,4
712.005,0.48883999999999994,4
712.198,-5.3438025,4
712.391,-0.2673349999999999,4
712.585,-5.196975,4
712.778,9.739952500000001,4
712.971,0.4774799999999999,4
713.164,-0.33474,4
713.357,-0.10941000000000001,4
713.55,-1.0344799999999998,4
713.743,4.888815,4
713.936,6.841335,4
714.129,-0.77464,4
714.322,8.511025,4
714.514,-2.2414650000000003,4
714.707,7.371765,4
714.9,1.6506949999999996,4
715.093,-8.20994,4
715.286,0.6462875000000001,4
715.479,1.5943500000000004,4
715.672,-10.0803,4
715.864,2.2827475,4
716.057,8.3751525,4
716.25,-0.4593974999999999,4
716.443,6.5704625000000005,4
716.636,2.3947950000000002,4
716.828,4.5845525,4
717.021,-1.5870075,4
717.214,7.5859024999999995,4
717.406,7.36019,4
717.599,2.8690975000000005,4
717.792,-2.3205675,4
717.984,-6.6402575,4
718.177,0.9289624999999999,4
718.37,1.3237175,4
718.562,5.938355,4
718.755,-7.7357975,4
718.947,-6.5399199999999995,4
719.14,-5.817304999999999,4
719.333,-3.753425,4
719.525,0.6354149999999998,4
719.718,2.30546,4
719.91,6.04988,4
720.103,-2.2758025,4
720.295,-1.8125575,4
720.487,6.920285,4
720.68,3.2416400000000003,4
720.872,7.20257,4
721.065,4.12135,4
721.257,-0.49275749999999996,4
721.449,-3.96779,4
721.642,-0.9213275000000001,4
721.834,0.849715,4
722.026,1.267325,4
722.219,12.504950000000001,4
722.411,-2.782915,4
722.603,3.5002924999999996,4
722.796,-1.192185,4
722.988,2.8804274999999997,4
723.18,-6.6974425,4
723.372,5.6678275,4
723.565,4.302595,4
723.757,2.9709974999999997,4
723.949,-1.677625,4
724.141,1.6847149999999997,4
724.333,2.350385,4
724.525,6.4454425,4
724.717,2.8128374999999997,4
724.91,0.4431449999999999,4
725.102,0.2744075,4
725.294,9.44802,4
725.486,-2.19634,4
725.678,0.2966424999999999,4
725.87,2.7000275,4
726.062,-9.765065,4
726.254,9.741060000000001,4
726.446,7.788410000000001,4
726.638,-0.8087925000000002,4
726.83,4.80921,4
727.022,4.6740275,4
727.213,-1.1470525,4
727.405,2.3159525000000003,4
727.597,5.2943050000000005,4
727.789,11.8495825,4
727.981,-5.49103,4
728.173,3.8505175000000005,4
728.365,6.252940000000001,4
728.556,6.953309999999999,4
728.748,-2.3653625,4
728.94,-7.8250775,4
729.132,4.0424225,4
729.324,3.7265875,4
729.515,1.3006475000000002,4
729.707,4.764575,4
729.899,11.477172500000002,4
730.09,8.329505,4
730.282,-3.5949925,4
730.474,10.4621,4
730.665,9.47947,4
730.857,6.185429999999999,4
731.049,8.520024999999999,4
731.24,9.0521775,4
731.432,4.9333425,4
731.623,18.5421525,4
731.815,2.5867475,4
732.006,9.108604999999999,4
732.198,9.096205,4
732.389,2.2824025000000003,4
732.581,5.553935,4
732.772,4.234405000000001,4
732.964,13.9138075,4
733.155,-1.3276225,4
733.347,7.32484,4
733.538,3.1962125,4
733.729,12.526595,4
733.921,3.004175,4
734.112,7.3237125,4
734.304,10.145990000000001,4
734.495,6.963835,4
734.686,9.9417275,4
734.877,0.9058800000000001,4
735.069,0.6687874999999996,4
735.26,3.3988450000000006,4
735.451,7.832725,4
735.643,5.4639475,4
735.834,0.48808749999999973,4
736.025,-0.7976025,4
736.216,1.311865,4
736.407,2.8012300000000003,4
736.599,0.6797374999999997,4
736.79,5.993174999999999,4
736.981,7.856504999999999,4
737.172,12.537525,4
737.363,3.30901,4
737.554,3.1394899999999994,4
737.745,2.9822525,4
737.936,7.9676525,4
738.127,3.8061274999999997,4
738.318,-1.50834,4
738.509,7.709505000000001,4
738.7,2.3048350000000006,4
738.891,6.456917500000001,4
739.082,2.5869649999999997,4
739.273,10.857357499999999,4
739.464,6.47822,4
739.655,1.7296425000000002,4
739.846,4.1211199999999995,4
740.037,1.2325775000000003,4
740.228,5.18124,4
740.419,2.3611725000000003,4
740.609,1.8763025,4
740.8,4.03153,4
740.991,6.445974999999999,4
741.182,9.8076575,4
741.373,4.7418675,4
741.563,4.8662025,4
741.754,16.17225,4
741.945,9.9333025,4
742.136,1.4812075,4
742.326,4.065440000000001,4
742.517,-4.0573950000000005,4
742.708,3.9182625,4
742.898,9.2434175,4
743.089,6.60381,4
743.28,-4.666600000000001,4
743.47,-0.9440750000000002,4
743.661,-0.6057599999999997,4
743.851,1.357245,4
744.042,-0.1432149999999999,4
744.233,9.0421025,4
744.423,4.538905,4
744.614,3.5574924999999995,4
744.804,1.8426725000000004,4
744.995,2.496955,4
745.185,11.287225,4
745.376,6.3902175,4
745.566,4.415245,4
745.756,-4.06907,4
745.947,5.611005,4
746.137,-7.4425175,4
746.328,1.61687,4
746.518,4.9345025,4
746.708,5.0350175,4
746.899,2.8807625,4
747.089,-3.538785,4
747.279,10.3963025,4
747.47,2.700005,4
747.66,7.2823875000000005,4
747.85,5.6001475,4
748.04,5.0469574999999995,4
748.231,-2.455575,4
748.421,3.2977625,4
748.611,3.3319225,4
748.801,1.6282199999999998,4
748.991,3.48956,4
749.182,4.212042500000001,4
749.372,8.9505075,4
749.562,4.031515,4
749.752,4.493455,4
749.942,-1.1921925,4
750.132,-0.041577500000000045,4
750.322,4.607155,4
750.512,3.839315,4
750.702,7.8110075,4
750.892,6.670907500000001,4
751.082,-6.042622499999999,4
751.272,6.851235,4
751.462,-6.201305,4
751.652,2.54196,4
751.842,1.5039125000000002,4
752.032,0.951495,4
752.222,1.2217475000000002,4
752.412,4.2237575,4
752.602,-1.2824874999999998,4
752.792,0.2970125,4
752.981,1.58299,4
753.171,-0.786205,4
753.361,-3.5500775,4
753.551,3.1737824999999997,4
753.741,-7.5432325,4
753.93,4.165975,4
754.12,-1.74501,4
754.31,-1.1133724999999999,4
754.5,3.5461900000000006,4
754.689,4.3471575,4
754.879,1.6619674999999998,4
755.069,-2.61365,4
755.258,4.4607425,4
755.448,-0.2449349999999999,4
755.638,1.7861849999999997,4
755.827,2.8686775,4
756.017,9.8085225,4
756.206,-2.34326,4
756.396,9.6177375,4
756.586,1.95474,4
756.775,0.5563850000000004,4
756.965,8.261795,4
757.154,-1.9032200000000001,4
757.344,3.9069225000000003,4
757.533,2.5871475000000004,4
757.723,-0.4364625000000001,4
757.912,0.7367424999999999,4
758.101,12.076165,4
758.291,-1.6208225,4
758.48,-2.4558075,4
758.67,-1.5762075,4
758.859,0.3079124999999998,4
759.048,-2.692805,4
759.238,5.126099999999999,4
759.427,0.20655249999999992,4
759.616,-2.35396,4
759.806,8.74771,4
759.995,-4.1250875,4
760.184,-1.5760450000000001,4
760.373,1.8872950000000002,4
760.563,2.0909774999999997,4
760.752,-3.15552,4
760.941,6.01696,4
761.13,6.7836125,4
761.319,5.14882,4
761.509,-4.904052500000001,4
761.698,10.622309999999999,4
761.887,2.8916125,4
762.076,3.7943925000000003,4
762.265,6.45651,4
762.454,0.6806075,4
762.643,-0.43645500000000026,4
762.832,5.6110925,4
763.021,2.0904949999999998,4
763.21,-1.5420224999999999,4
763.399,5.4190125,4
763.588,8.759079999999999,4
763.777,7.258145,4
763.966,2.3392675,4
764.155,2.2709799999999998,4
764.344,0.3533374999999999,4
764.533,4.437477499999999,4
764.722,5.035780000000001,4
764.911,7.00983,4
765.1,6.153057499999999,4
765.288,3.54645,4
765.477,4.4490099999999995,4
765.666,-0.07562749999999979,4
765.855,1.7519725000000002,4
766.044,-1.5192375,4
766.232,6.7623925,4
766.421,1.40268,4
766.61,2.9937924999999996,4
766.799,3.61361,4
766.987,4.0084725,4
767.176,3.4219199999999996,4
767.365,-0.368935,4
767.553,5.813610000000001,4
767.742,-1.14729,4
767.931,3.3985724999999998,4
768.119,4.97894,4
768.308,4.787497500000001,4
768.497,2.73395,4
768.685,6.6714525,4
768.874,7.0895125,4
769.062,2.2823450000000003,4
769.251,5.678745,4
769.439,1.4928050000000002,4
769.628,-3.2338649999999998,4
769.816,1.1996675,4
770.005,-7.317125,4
770.193,-3.9558075000000006,4
770.382,4.4041625,4
770.57,-0.09796249999999995,4
770.758,-0.6623300000000001,4
770.947,2.9929125,4
771.135,7.732212500000001,4
771.323,2.7787075000000003,4
771.512,4.8102675,4
771.7,6.7161625,4
771.888,3.3203975,4
772.077,0.09373000000000009,4
772.265,-0.3575649999999999,4
772.453,0.0034524999999996364,4
772.642,5.904555,4
772.83,11.20741,4
773.018,4.50526,4
773.206,2.8353124999999997,4
773.394,2.7902525000000002,4
773.583,-2.9072250000000004,4
773.771,8.985355,4
773.959,3.03877,4
774.147,6.931080000000001,4
774.335,12.008957500000001,4
774.523,3.7610125,4
774.711,3.8395099999999998,4
774.899,7.5188725,4
775.087,4.3700525,4
775.275,12.3135325,4
775.463,-2.9745749999999997,4
775.651,-2.8734175,4
775.839,2.0455275,4
776.027,5.4417925,4
776.215,-0.3575425,4
776.403,6.6840025,4
776.591,4.5957975,4
776.779,0.98526,4
776.967,3.71475,4
777.155,3.2642750000000005,4
777.343,-10.316545,4
777.531,0.18415249999999989,4
777.718,4.505535,4
777.906,-5.2875024999999996,4
778.094,4.821375000000001,4
778.282,-1.65522,4
778.47,-3.662635,4
778.657,1.018815,4
778.845,6.490200000000001,4
779.033,2.09082,4
779.22,-0.42528500000000025,4
779.408,1.2109675,4
779.596,2.5081375,4
779.783,-2.455825,4
779.971,3.3316225,4
780.159,3.907185,4
780.346,0.4549725,4
780.534,-1.9824525,4
780.722,3.2300849999999994,4
780.909,6.41204,4
781.097,0.17250500000000013,4
781.284,-1.8464,4
781.472,-6.5392925,4
781.659,6.525684999999999,4
781.847,1.2101025000000005,4
782.034,2.7228775,4
782.222,7.122657500000001,4
782.409,-4.2500100000000005,4
782.597,3.3879349999999997,4
782.784,-0.6057575000000001,4
782.971,-0.7635824999999999,4
783.159,1.0078625,4
783.346,3.1622700000000004,4
783.533,5.521310000000001,4
783.721,2.2592250000000003,4
783.908,-1.7563325,4
784.095,2.48561,4
784.283,-0.09825250000000008,4
784.47,0.3647225,4
784.657,0.39837750000000005,4
784.844,-2.45589,4
785.032,10.1367875,4
785.219,-5.62599,4
785.406,1.7061175,4
785.593,5.802754999999999,4
785.78,1.6397399999999998,4
785.968,2.2146749999999997,4
786.155,-4.2947725000000005,4
786.342,6.999082499999999,4
786.529,8.6239075,4
786.716,3.489775,4
786.903,-0.4475625,4
787.09,-8.140934999999999,4
787.277,5.5999324999999995,4
787.464,-1.745335,4
787.651,-1.0797375000000002,4
787.838,-3.3023,4
788.025,4.889175,4
788.212,-0.7526575,4
788.399,2.1696,4
788.586,-6.3819175,4
788.773,5.2055375,4
788.96,6.0846425,4
789.147,3.0276250000000005,4
789.334,-2.5009875,4
789.521,2.8920025000000003,4
789.707,3.4448024999999998,4
789.894,1.52692,4
790.081,-1.846555,4
790.268,6.4239025000000005,4
790.455,-1.18111,4
790.641,1.9555675000000001,4
790.828,-5.8967600000000004,4
791.015,1.8085200000000001,4
791.202,-0.5605,4
791.388,4.2123425,4
791.575,4.065112500000001,4
791.762,3.433235,4
791.948,1.89885,4
792.135,5.9726125,4
792.322,3.10621,4
792.508,6.11909,4
792.695,5.2160875,4
792.881,2.4523824999999997,4
793.068,-4.9264525,4
793.254,1.2785549999999999,4
793.441,-0.8424399999999999,4
793.627,-8.29989,4
793.814,-3.2910399999999997,4
794.0,-3.674245,4
794.187,-1.158455,4
794.373,-3.8551149999999996,4
794.56,8.092475,4
794.746,1.9893025,4
794.933,5.62186,4
795.119,4.629825,4
795.305,-4.306205,4
795.492,-1.0793949999999999,4
795.678,-6.686255000000001,4
795.864,3.580175,4
796.051,3.8282299999999996,4
796.237,3.6481125000000003,4
796.423,1.5154200000000002,4
796.61,3.6368974999999995,4
796.796,-7.938327500000001,4
796.982,2.4521275,4
797.168,-4.6893325,4
797.355,2.20388,4
797.541,-3.989775,4
797.727,1.3575150000000002,4
797.913,0.5790125000000002,4
798.099,-8.2540925,4
798.285,6.8294,4
798.471,3.6927425000000005,4
798.658,-4.0573375,4
798.844,1.60584,4
799.03,-4.0795625,4
799.216,-2.35458,4
799.402,-5.1293925,4
799.588,-8.4801425,4
799.774,4.291045,4
799.96,1.6058375000000003,4
800.146,6.19727,4
800.332,-2.501115,4
800.518,-3.437335,4
800.704,4.144385,4
800.89,2.2262525,4
801.075,-1.0906150000000001,4
801.261,2.64352,4
801.447,1.2110275,4
801.633,2.8246425000000004,4
801.819,-1.2943375,4
802.005,9.2787725,4
802.19,5.182487500000001,4
802.376,-1.7451574999999997,4
802.562,4.2355350000000005,4
802.748,-3.8661275,4
802.934,-3.8666125,4
803.119,-2.782985,4
803.305,1.3574475,4
803.491,0.3758974999999999,4
803.676,5.690635,4
803.862,0.8723199999999999,4
804.048,-1.7113075,4
804.233,-1.090875,4
804.419,3.06135,4
804.605,-6.9450225,4
804.79,-1.0009674999999998,4
804.976,2.1921875,4
805.161,0.2519199999999999,4
805.347,-3.78668,4
805.532,1.2104475000000001,4
805.718,-7.67965,4
805.903,-9.54072,4
806.089,4.989905,4
806.274,2.0119875,4
806.46,2.6547,4
806.645,0.6242300000000001,4
806.831,7.856292500000001,4
807.016,-0.6394125,4
807.201,-4.023935,4
807.387,-4.04678,4
807.572,2.1699450000000002,4
807.757,-1.9369725000000002,4
807.943,-10.44174,4
808.128,-0.5720025000000002,4
808.313,-9.156165,4
808.499,-4.64446,4
808.684,-5.8071025,4
808.869,-3.5955950000000003,4
809.054,3.97517,4
809.24,7.29354,4
809.425,-4.316915,4
809.61,-1.2376975000000001,4
809.795,-2.6250975,4
809.98,2.9714575,4
810.165,-6.820752500000001,4
810.35,5.137345,4
810.536,-1.5756774999999998,4
810.721,5.6453575,4
810.906,2.677155,4
811.091,-0.7299525,4
811.276,-0.27857,4
811.461,2.82439,4
811.646,-3.1895125,4
811.831,5.54374,4
812.016,4.482685,4
812.201,-5.863735,4
812.386,-5.68172,4
812.571,-3.8550525,4
812.756,-3.6176925000000004,4
812.941,0.9967575000000001,4
813.125,-1.0797874999999997,4
813.31,8.162965,4
813.495,8.5119325,4
813.68,4.9001975,4
813.865,-7.8138825,4
814.05,7.9023825,4
814.234,-4.079985,4
814.419,2.1696375000000003,4
814.604,0.5114475,4
814.789,-0.8428450000000001,4
814.973,-7.001935,4
815.158,-1.3728975,4
815.343,4.3248825,4
815.528,-5.78468,4
815.712,-3.4149174999999996,4
815.897,0.16142000000000012,4
816.081,-1.632185,4
816.266,-1.8015925,4
816.451,2.9822499999999996,4
816.635,-0.07551249999999987,4
816.82,-3.33552,4
817.004,3.5125725,4
817.189,-4.9374975,4
817.374,-5.681914999999999,4
817.558,5.689615,4
817.743,3.558,4
817.927,5.069635,4
818.111,-1.9938225,4
818.296,-2.46718,4
818.48,1.0864825,4
818.665,-0.7413175000000001,4
818.849,2.136035,4
819.034,5.690295,4
819.218,-1.745085,4
819.402,4.08805,4
819.587,4.923299999999999,4
819.771,1.3342849999999997,4
819.955,0.6239825000000001,4
820.14,0.09397250000000001,4
820.324,-0.9780899999999999,4
820.508,0.5904099999999999,4
820.692,1.2781225000000003,4
820.877,0.6128699999999999,4
821.061,-1.8019874999999996,4
821.245,-3.076505,4
821.429,-6.3477025000000005,4
821.613,-1.632535,4
821.798,-0.6958350000000001,4
821.982,-7.836847499999999,4
822.166,-4.56662,4
822.35,0.6805475,4
822.534,2.9147575000000003,4
822.718,5.542820000000001,4
822.902,4.8670775,4
823.086,-4.3966275,4
823.27,0.4437675,4
823.454,-6.2013675,4
823.638,0.17288250000000005,4
823.822,-7.7800899999999995,4
824.006,-3.5392725,4
824.19,-0.7071124999999999,4
824.374,0.9290025000000002,4
824.558,-4.249885,4
824.742,2.9707775,4
824.926,0.4549374999999999,4
825.11,-4.7575775,4
825.294,-0.86493,4
825.477,0.9852600000000001,4
825.661,6.7848575,4
825.845,1.09816,4
826.029,-3.629465,4
826.213,-6.844422499999999,4
826.396,4.22286,4
826.58,-1.9825149999999998,4
826.764,-2.9072050000000003,4
826.948,-0.8089725000000001,4
827.131,-5.1410675,4
827.315,-1.2601749999999998,4
827.499,0.11648999999999998,4
827.682,-1.14716,4
827.866,0.15023750000000008,4
828.05,-3.426515,4
828.233,10.350615,4
828.417,2.3165175,4
828.6,-3.8436774999999996,4
828.784,-5.671965,4
828.967,2.11348,4
829.151,0.6242200000000002,4
829.335,-0.8763999999999998,4
829.518,4.8893825,4
829.701,-5.0958025,4
829.885,-0.3461675000000001,4
830.068,4.3584175,4
830.252,6.615517499999999,4
830.435,2.23732,4
830.619,4.6977675,4
830.802,4.5507575,4
830.985,-7.149165,4
831.169,-1.0004225,4
831.352,-1.0231624999999998,4
831.535,-11.175645,4
831.719,-1.9596624999999999,4
831.902,-3.4490600000000002,4
832.085,-7.735497499999999,4
832.269,8.374845,4
832.452,0.12758249999999993,4
832.635,-7.5438125000000005,4
832.818,-2.6928099999999997,4
833.002,6.04032,4
833.185,0.73685,4
833.368,4.708565,4
833.551,3.637085,4
833.734,3.4785924999999995,4
833.917,6.176285,4
834.1,-4.644285,4
834.284,4.4498925,4
834.467,4.22315,4
834.65,1.2224075,4
834.833,1.1884025,4
835.016,3.34361,4
835.199,-0.6619700000000001,4
835.382,-6.57356,4
835.565,7.1238025,4
835.748,-0.2561975000000001,4
835.931,-1.99308,4
836.114,-0.819925,4
836.297,1.6622199999999998,4
836.479,-1.3727624999999999,4
836.662,-4.2612749999999995,4
836.845,0.20607000000000014,4
837.028,1.6167349999999998,4
837.211,-11.153845,4
837.394,6.456905000000001,4
837.577,-7.905125000000001,4
837.759,2.6890075,4
837.942,-7.1717025,4
838.125,0.27435750000000003,4
838.308,5.4310775,4
838.49,-0.18820000000000006,4
838.673,-5.998777500000001,4
838.856,0.46621749999999995,4
839.039,-1.2374625,4
839.221,-1.3050525,4
839.404,-0.36947499999999966,4
839.587,-0.7866975000000002,4
839.769,2.1475325,4
839.952,0.90623,4
840.134,0.30810249999999995,4
840.317,1.00779,4
840.499,-3.7425875,4
840.682,-2.760395,4
840.865,-0.08655749999999993,4
841.047,1.797405,4
841.23,-4.8141975,4
841.412,2.9143874999999997,4
841.595,1.36904,4
841.777,3.3656,4
841.959,6.2324649999999995,4
842.142,-3.200135,4
842.324,-6.40456,4
842.507,-2.47846,4
842.689,-5.976097500000001,4
842.871,2.47493,4
843.054,-4.3959649999999995,4
843.236,-2.4446075,4
843.418,-0.255745,4
843.601,1.9218825000000002,4
843.783,4.5843825,4
843.965,-2.7603524999999998,4
844.147,4.5060075,4
844.33,3.4108199999999997,4
844.512,0.5001825,4
844.694,1.3913425000000001,4
844.876,-9.4742,4
845.059,-2.6821849999999996,4
845.241,-1.8242425000000002,4
845.423,-2.3540799999999997,4
845.605,5.035385,4
845.787,5.1937725,4
845.969,4.7310175,4
846.151,-1.6208999999999998,4
846.333,5.0591025,4
846.515,-1.2037325,4
846.697,8.342335,4
846.879,0.387205,4
847.061,5.2731675,4
847.243,-12.449967500000001,4
847.425,4.1108,4
847.607,-0.7184849999999999,4
847.789,-3.8776675,4
847.971,5.34022,4
848.153,-4.0356075,4
848.335,-4.59892,4
848.517,-3.606815,4
848.699,-8.017015,4
848.881,4.697979999999999,4
849.062,3.5230925000000006,4
849.244,8.3080225,4
849.426,2.75631,4
849.608,-8.130465000000001,4
849.789,1.6735475000000002,4
849.971,1.6849775,4
850.153,-0.10938999999999965,4
850.335,4.133115,4
850.516,7.3041575000000005,4
850.698,-2.659165,4
850.88,-2.6136299999999997,4
851.061,-1.9367249999999998,4
851.243,1.7297424999999997,4
851.425,1.369,4
851.606,3.9865524999999997,4
851.788,-7.0481025,4
851.969,2.9477475,4
852.151,0.27426499999999987,4
852.333,1.5380825,4
852.514,-2.8847,4
852.696,1.481435,4
852.877,-0.6396474999999999,4
853.059,5.62264,4
853.24,8.69233,4
853.422,-1.8576675000000002,4
853.603,-1.48603,4
853.784,2.7903325,4
853.966,3.7723775,4
854.147,-1.6772875,4
854.329,0.7255499999999999,4
854.51,-2.5573924999999997,4
854.691,-1.8354825,4
854.873,0.3080524999999999,4
855.054,4.550845,4
855.235,-0.68451,4
855.416,-4.1824425000000005,4
855.598,-12.359615,4
855.779,4.2461325,4
855.96,5.2838725,4
856.141,-8.2207975,4
856.323,-4.429952500000001,4
856.504,9.9224125,4
856.685,7.2350225,4
856.866,2.4180025,4
857.047,-2.1286675,4
857.228,0.06008999999999998,4
857.409,-0.5155249999999999,4
857.591,1.1657575,4
857.772,7.799862500000001,4
857.953,-4.1370474999999995,4
858.134,-3.2116949999999997,4
858.315,6.8870125,4
858.496,-3.6855,4
858.677,4.008985,4
858.858,-5.4340525,4
859.039,1.86542,4
859.22,5.949635,4
859.401,12.6641575,4
859.582,1.3801750000000002,4
859.762,2.7905599999999997,4
859.943,-3.662735,4
860.124,-3.8888875,4
860.305,8.692272500000001,4
860.486,-9.833655,4
860.667,2.5873600000000003,4
860.848,-1.2713675000000002,4
861.028,-1.83552,4
861.209,3.9634875,4
861.39,-8.660689999999999,4
861.571,1.7752175,4
861.751,2.779365,4
861.932,0.43252,4
862.113,4.020129999999999,4
862.293,-2.2758375,4
862.474,-7.0361675,4
862.655,2.0348425,4
862.835,3.0838225,4
863.016,-1.0119124999999998,4
863.197,1.8089674999999998,4
863.377,-1.9374624999999999,4
863.558,-6.9235775,4
863.738,-0.819965,4
863.919,-2.467165,4
864.099,0.6807050000000001,4
864.28,2.169795,4
864.46,2.9146324999999997,4
864.641,-2.8955075,4
864.821,-3.3699624999999997,4
865.002,-1.3390650000000002,4
865.182,-2.65945,4
865.363,-3.1891774999999996,4
865.543,-7.510045,4
865.723,4.3475525,4
865.904,5.0140225,4
866.084,3.1173374999999997,4
866.264,2.1927725000000002,4
866.445,1.4702650000000002,4
866.625,4.5171675,4
866.805,3.5575574999999997,4
866.986,-3.7760725,4
867.166,1.6394524999999995,4
867.346,-3.5728600000000004,4
867.526,-4.8478125,4
867.707,-2.8847475,4
867.887,-2.4559175,4
868.067,-4.848000000000001,4
868.247,-1.20358,4
868.427,2.53083,4
868.607,-0.8875275,4
868.788,3.3657874999999993,4
868.968,-4.8251100000000005,4
869.148,-0.07558500000000012,4
869.328,3.72681,4
869.508,-3.25708,4
869.688,-3.4036049999999998,4
869.868,6.1421425,4
870.048,-4.7120975000000005,4
870.228,1.1205824999999998,4
870.408,-1.4968599999999999,4
870.588,1.22223,4
870.768,1.492815,4
870.948,-2.2757125,4
871.128,-4.4755325,4
871.307,-3.1892625,4
871.487,5.75778,4
871.667,-4.9496025,4
871.847,-1.1133775,4
872.027,-4.148155,4
872.207,2.0005175,4
872.387,-4.961035000000001,4
872.566,0.9513525,4
872.746,3.7948575,4
872.926,-0.44796500000000017,4
873.106,0.12779500000000005,4
873.285,4.923565,4
873.465,3.0613,4
873.645,-4.779887500000001,4
873.824,5.5321975000000005,4
874.004,-2.3319975,4
874.184,-3.3925850000000004,4
874.363,-4.1703675,4
874.543,0.9513875,4
874.723,-3.6966625,4
874.902,-3.4149175,4
875.082,-1.56477,4
875.261,-4.4642125,4
875.441,5.47572,4
875.62,-0.8424725000000001,4
875.8,7.26981,4
875.979,-1.7680625,4
876.159,4.9113975,4
876.338,0.8836250000000001,4
876.518,-2.1961999999999997,4
876.697,-5.7846775,4
876.876,-4.6216425,4
877.056,0.3984175000000001,4
877.235,-3.6636800000000003,4
877.415,-0.5268449999999999,4
877.594,1.2786075000000001,4
877.773,-4.1373999999999995,4
877.953,2.2150274999999997,4
878.132,-0.09796250000000006,4
878.311,-4.8926324999999995,4
878.49,-0.030135000000000023,4
878.67,5.82581,4
878.849,15.779377500000002,4
879.028,5.227655,4
879.207,-5.829352500000001,4
879.387,-0.8989924999999999,4
879.566,-0.39149749999999983,4
879.745,-6.1564425,4
879.924,-7.2287225,4
880.103,2.2826024999999994,4
880.282,1.9669324999999998,4
880.461,-4.5429525,4
880.64,-3.81007,4
880.819,-11.954807500000001,4
880.998,5.5779725000000004,4
881.178,0.37575749999999986,4
881.357,-2.1287975,4
881.536,8.3083475,4
881.715,-4.340295,4
881.893,1.8876999999999997,4
882.072,-4.159587500000001,4
882.251,-2.2866775,4
882.43,4.0999175,4
882.609,-8.852035,4
882.788,-0.1883325,4
882.967,1.4703374999999999,4
883.146,1.707455,4
883.325,-1.406575,4
883.503,-2.08359,4
883.682,-7.0129275,4
883.861,3.2533000000000003,4
884.04,-5.806032500000001,4
884.219,-1.9264125,4
884.397,2.7114175,4
884.576,-3.2798125000000002,4
884.755,2.2370300000000003,4
884.933,-3.8211899999999996,4
885.112,1.5720900000000002,4
885.291,-3.1781525,4
885.469,-5.3326424999999995,4
885.648,4.16732,4
885.827,-10.7482375,4
886.005,2.384115,4
886.184,3.73827,4
886.363,-5.2540775,4
886.541,0.36471750000000003,4
886.72,9.41502,4
886.898,-0.5830675,4
887.077,7.3381375,4
887.255,6.0628150000000005,4
887.434,0.003659999999999955,4
887.612,8.274899999999999,4
887.791,-1.15857,4
887.969,0.39859249999999996,4
888.147,1.6736875000000002,4
888.326,-1.8693000000000002,4
888.504,2.2148950000000003,4
888.682,-5.3434124999999995,4
888.861,4.4043849999999996,4
889.039,3.7944499999999994,4
889.218,5.690295,4
889.396,-3.595255,4
889.574,-0.7747949999999999,4
889.752,-2.2978025,4
889.931,-0.300915,4
890.109,-9.044382500000001,4
890.287,-1.0568725,4
890.465,-5.964862500000001,4
890.643,-8.469672500000001,4
890.822,-4.0691125,4
891.0,3.37747,4
891.178,7.1452675,4
891.356,-0.27838000000000007,4
891.534,5.972075,4
891.712,1.8766900000000002,4
891.89,1.7409975,4
892.068,-5.3563075,4
892.247,1.87642,4
892.425,2.7229,4
892.603,-1.5420250000000002,4
892.781,-2.9748349999999997,4
892.959,4.9677025,4
893.137,7.33809,4
893.314,-2.421715,4
893.492,0.6240975000000002,4
893.67,0.6242275,4
893.848,-6.0093075,4
894.026,-2.0612524999999997,4
894.204,-3.3138225,4
894.382,-3.0197399999999996,4
894.56,-2.873970000000001,4
894.738,-1.2372975000000002,4
894.915,-2.0611099999999998,4
895.093,-2.3088425,4
895.271,-1.15858,4
895.449,-0.504305,4
895.626,-5.840265,4
895.804,0.29658500000000015,4
895.982,-2.0162,4
896.16,6.0068675,4
896.337,-1.4973025000000002,4
896.515,-2.58018,4
896.693,3.2416675,4
896.87,12.178327499999998,4
897.048,-6.1569,4
897.225,11.2081975,4
897.403,-0.4366225,4
897.581,1.67321,4
897.758,0.2065975000000001,4
897.936,-4.328955,4
898.113,-1.0117825,4
898.291,-1.1361700000000001,4
898.468,3.8622,4
898.646,-3.9789774999999996,4
898.823,-2.3999274999999995,4
899.001,-4.035615,4
899.178,0.39856749999999996,4
899.356,-2.636435,4
899.533,-1.4406875,4
899.71,3.3207775,4
899.888,5.9057725,4
900.065,-0.3462899999999999,4
900.242,-2.35443,4
900.42,-3.4262675,4
900.597,6.920705,4
900.774,1.5380525,4
900.952,-8.49251,4
901.129,-1.643665,4
901.306,6.19872,4
901.483,10.21522,4
901.661,-0.5835149999999998,4
901.838,-4.0238949999999996,4
902.015,-4.035185,4
902.192,-2.072205,4
902.369,-2.4785600000000003,4
902.546,-5.693745,4
902.723,0.2067225000000001,4
902.901,2.3837475,4
903.078,2.045875,4
903.255,-2.5235,4
903.432,-2.6592575,4
903.609,5.03595,4
903.786,-5.3449375,4
903.963,1.278545,4
904.14,0.03751249999999995,4
904.317,-5.784065,4
904.494,-3.3248475,4
904.671,-1.0797825,4
904.848,3.4451050000000003,4
905.024,-0.9329449999999999,4
905.201,-4.6223575,4
905.378,-8.5475525,4
905.555,-2.004825,4
905.732,-3.8096625,4
905.909,0.36449,4
906.086,2.0342249999999997,4
906.262,4.1899875,4
906.439,-3.606655,4
906.616,-3.2344175,4
906.793,6.175305,4
906.969,1.932775,4
907.146,0.5112325,4
907.323,3.760865,4
907.5,-1.2604475000000002,4
907.676,-1.0681900000000002,4
907.853,-7.4985800000000005,4
908.03,-5.5365075,4
908.206,-2.6250725,4
908.383,-1.5308599999999999,4
908.559,-2.5914200000000003,4
908.736,-4.0017875,4
908.912,3.7379675,4
909.089,4.742775,4
909.266,-2.8622425,4
909.442,-2.8397949999999996,4
909.619,-1.7338075,4
909.795,-1.8693149999999998,4
909.972,-2.500865,4
910.148,-4.1601,4
910.324,-3.8661524999999997,4
910.501,-4.554762500000001,4
910.677,-1.9486675,4
910.854,-2.2304424999999997,4
911.03,3.174155,4
911.206,5.397545,4
911.383,-8.40162,4
911.559,-3.054195,4
911.735,-4.4303375,4
911.912,5.66835,4
912.088,0.26287250000000006,4
912.264,1.369075,4
912.44,2.9933600000000005,4
912.617,-1.4067025,4
912.793,-1.6774125000000002,4
912.969,-3.5734775,4
913.145,-3.1554175,4
913.321,-1.4744424999999999,4
913.498,3.3882075,4
913.674,1.52682,4
913.85,-0.42523750000000016,4
914.026,-2.1403975,4
914.202,0.816005,4
914.378,-3.4035824999999997,4
914.554,-5.1068325,4
914.73,-2.3209024999999994,4
914.906,-4.9950125,4
915.082,3.636995,4
915.258,0.50008,4
915.434,-11.2228,4
915.61,-4.452215,4
915.786,2.215035,4
915.962,-6.934505,4
916.138,1.8315125,4
916.314,1.977695,4
916.49,-3.403435,4
916.665,-0.1993875,4
916.841,0.5678350000000001,4
917.017,1.188055,4
917.193,3.04993,4
917.369,-5.490419999999999,4
917.545,-3.9339575,4
917.72,-4.1593,4
917.896,-5.1408475,4
918.072,2.4629700000000003,4
918.247,2.8016375,4
918.423,1.2447599999999999,4
918.599,5.7130825000000005,4
918.775,-0.9213899999999999,4
918.95,-2.9299525,4
919.126,7.3598324999999996,4
919.301,-0.13167,4
919.477,1.1432075,4
919.653,4.2798575,4
919.828,-6.0657725,4
920.004,2.5310875,4
920.179,-1.7000225000000002,4
920.355,5.8489075,4
920.53,-0.07533749999999995,4
920.706,5.8036525,4
920.881,-2.0725175,4
921.057,-0.6961175,4
921.232,2.15831,4
921.408,1.210925,4
921.583,4.2127475,4
921.759,0.18421749999999992,4
921.934,-5.625640000000001,4
922.109,4.3366375,4
922.285,5.0125125,4
922.46,2.81324,4
922.635,-2.568625,4
922.811,3.7166000000000006,4
922.986,-4.2612575,4
923.161,-1.5987875,4
923.336,-2.07221,4
923.512,1.42489,4
923.687,-7.961065,4
923.862,-4.5885275,4
924.037,1.27848,4
924.212,1.24473,4
924.388,-4.97161,4
924.563,-8.458262499999998,4
924.738,-1.6096274999999998,4
924.913,5.4762200000000005,4
925.088,-10.1836625,4
925.263,-0.7977524999999999,4
925.438,-0.628285,4
925.613,2.6328625000000003,4
925.788,-11.232405,4
925.963,0.9626575,4
926.138,3.2756925,4
926.313,-0.93282,4
926.488,-0.9102399999999999,4
926.663,-0.10912000000000005,4
926.838,-3.087895,4
927.013,-7.6346775000000004,4
927.188,-1.1021324999999997,4
927.363,-3.0657575,4
927.538,4.5049325,4
927.713,2.2153099999999997,4
927.888,-2.715255,4
928.062,-0.7974500000000002,4
928.237,-6.7196575,4
928.412,5.3069125,4
928.587,-0.6394375,4
928.761,-8.672857500000001,4
928.936,-13.545087499999998,4
929.111,5.295865,4
929.286,0.8836600000000001,4
929.46,-0.6621549999999998,4
929.635,-7.701725,4
929.81,-3.26876,4
929.984,1.8540925,4
930.159,-2.929935,4
930.334,-1.361545,4
930.508,1.4136374999999997,4
930.683,0.7709249999999999,4
930.857,3.568795,4
931.032,7.304142499999999,4
931.206,-4.250445000000001,4
931.381,-1.1921775,4
931.556,-1.2602425,4
931.73,1.9444724999999998,4
931.904,-5.9191775,4
932.079,-0.5378899999999999,4
932.253,2.0233175,4
932.428,-0.9217150000000002,4
932.602,2.9370924999999994,4
932.777,-11.674175,4
932.951,-4.4647575,4
933.125,-2.4105875,4
933.3,7.2704,4
933.474,5.836657499999999,4
933.648,2.7114575000000003,4
933.823,1.2786825,4
933.997,-4.1260325,4
934.171,-0.6172924999999996,4
934.345,1.459225,4
934.52,-3.2345825000000006,4
934.694,5.5892599999999995,4
934.868,1.2896625,4
935.042,1.31238,4
935.217,-1.3728075000000002,4
935.391,3.26448,4
935.565,7.5305225,4
935.739,5.634564999999999,4
935.913,0.08236749999999993,4
936.087,-5.321945,4
936.261,-8.77407,4
936.435,-8.3902175,4
936.609,3.8165250000000004,4
936.783,-5.2425325,4
936.957,1.25595,4
937.131,-3.2459299999999995,4
937.305,-4.328412500000001,4
937.479,2.1360625,4
937.653,-5.3216675,4
937.827,-3.51684,4
938.001,1.030435,4
938.175,-0.23350499999999985,4
938.349,-4.0240575000000005,4
938.523,-8.423919999999999,4
938.697,-2.6025324999999997,4
938.87,0.07126249999999981,4
939.044,-3.9570275,4
939.218,-2.73805,4
939.392,-1.045525,4
939.566,-2.2867724999999997,4
939.739,7.620000000000001,4
939.913,0.5227474999999999,4
940.087,-4.667205,4
940.261,-12.678014999999998,4
940.434,-3.0318325,4
940.608,1.289885,4
940.782,2.4291599999999995,4
940.955,3.0504275,4
941.129,-6.1671725,4
941.302,1.3013075,4
941.476,-3.56158,4
941.65,-3.29108,4
941.823,-5.1632975000000005,4
941.997,-3.86652,4
942.17,-0.34607499999999997,4
942.344,2.28289,4
942.517,-9.506630000000001,4
942.691,-3.8548925,4
942.864,0.74822,4
943.038,-1.135905,4
943.211,-1.93685,4
943.385,-5.11796,4
943.558,1.40284,4
943.731,-10.229735,4
943.905,7.04452,4
944.078,6.818865,4
944.251,1.5380225,4
944.425,2.82459,4
944.598,1.0305225,4
944.771,-7.251497499999999,4
944.945,6.243285,4
945.118,-4.938644999999999,4
945.291,-5.09614,4
945.464,1.4027649999999998,4
945.638,-0.39143500000000003,4
945.811,-1.15897,4
945.984,1.8201,4
946.157,-1.2714750000000001,4
946.33,-5.953390000000001,4
946.503,0.11606250000000029,4
946.677,-2.3769825,4
946.85,-2.68213,4
947.023,-9.258927499999999,4
947.196,-3.2233574999999997,4
947.369,-2.3994524999999998,4
947.542,-0.03022249999999993,4
947.715,-9.630205,4
947.888,0.748345,4
948.061,4.223255,4
948.234,4.1676625000000005,4
948.407,-3.1217625,4
948.58,0.6803524999999999,4
948.753,-1.429335,4
948.926,-7.3862875,4
949.099,8.263555,4
949.271,-1.9595150000000001,4
949.444,-9.088905,4
949.617,-2.9188175,4
949.79,-6.370355,4
949.963,-3.51646,4
950.136,3.523745,4
950.308,-6.528515,4
950.481,-6.7084575,4
950.654,-0.69594,4
950.827,-4.521185,4
950.999,-1.6437675,4
951.172,-0.8543174999999997,4
951.345,2.779205,4
951.517,-5.9073525,4
951.69,-6.0100975,4
951.863,4.1670375,4
952.035,-1.58748,4
952.208,1.6282800000000002,4
952.381,-1.64383,4
952.553,-4.2270425,4
952.726,0.816125,4
952.898,4.5618325,4
953.071,-5.6833825000000004,4
953.243,-1.5535174999999999,4
953.416,-2.9302599999999996,4
953.588,1.391505,4
953.761,-5.28811,4
953.933,2.8129875,4
954.106,-3.4262525,4
954.278,0.37596,4
954.45,2.2488875000000004,4
954.623,3.117975,4
954.795,-5.0622625,4
954.967,-5.084235,4
955.14,6.841827500000001,4
955.312,-9.49647,4
955.484,0.8950425,4
955.657,-1.0906675,4
955.829,-2.79436,4
956.001,-5.840465,4
956.173,1.4142849999999998,4
956.346,1.5040875,4
956.518,-2.6029675,4
956.69,-0.007652499999999951,4
956.862,-5.683465,4
957.034,-4.1821725,4
957.207,-7.2853725,4
957.379,-1.29401,4
957.551,-3.5727700000000002,4
957.723,5.3289100000000005,4
957.895,-5.265115000000001,4
958.067,-5.6832424999999995,4
958.239,0.4550249999999999,4
958.411,-1.395535,4
958.583,-5.5474025000000005,4
958.755,-2.34331,4
958.927,1.97821,4
959.099,3.287025,4
959.271,-6.450035,4
959.443,-2.2977175,4
959.615,-4.4194775,4
959.787,-0.9102099999999999,4
959.959,-1.4295275,4
960.13,-9.133915000000002,4
960.302,-5.84112,4
960.474,4.4267175,4
960.646,-1.8692,4
960.818,6.344762500000001,4
960.99,-4.1031450000000005,4
961.161,-0.1091899999999999,4
961.333,-4.9492275,4
961.505,-10.43314,4
961.677,-2.2868874999999997,4
961.848,4.4712675,4
962.02,-2.5575025,4
962.192,-2.3318125,4
962.363,-1.2489299999999999,4
962.535,0.5564425,4
962.707,-1.7004299999999997,4
962.878,-2.478365,4
963.05,-9.1232675,4
963.221,-3.24564,4
963.393,0.35337000000000013,4
963.564,-3.8550750000000003,4
963.736,-1.2374625,4
963.907,7.247095000000001,4
964.079,-3.9454575000000003,4
964.25,-1.73358,4
964.422,1.04157,4
964.593,3.5241225,4
964.765,0.014962499999999934,4
964.936,-4.554675,4
965.108,4.957089999999999,4
965.279,0.9623224999999999,4
965.45,-4.9495375,4
965.622,-1.4067124999999998,4
965.793,0.7706624999999998,4
965.964,4.7196299999999995,4
966.136,-9.473287500000001,4
966.307,1.98943,4
966.478,6.244057499999999,4
966.65,-3.482315,4
966.821,-6.6868425,4
966.992,-2.636765,4
967.163,2.4296725,4
967.334,0.9849975000000002,4
967.506,1.7413425,4
967.677,-1.6325275,4
967.848,4.0093749999999995,4
968.019,-5.28745,4
968.19,-10.4428,4
968.361,3.3771825,4
968.532,-0.6170599999999999,4
968.703,0.18424500000000005,4
968.874,2.2265,4
969.045,2.8807275,4
969.216,-1.7563874999999998,4
969.387,4.358765,4
969.558,-3.9453674999999997,4
969.729,-4.12603,4
969.9,-5.930722500000001,4
970.071,1.0414474999999999,4
970.242,-4.7578225,4
970.413,-0.27890000000000037,4
970.584,-2.1741875000000004,4
970.755,3.2645325000000005,4
970.926,-3.0540374999999997,4
971.097,6.627324999999999,4
971.267,-3.460335,4
971.438,-3.1780475,4
971.609,-5.356415,4
971.78,2.0005675,4
971.951,-4.6450875,4
972.121,-1.4744449999999998,4
972.292,-9.666365,4
972.463,-5.863099999999999,4
972.633,0.04880749999999995,4
972.804,3.6363825,4
972.975,-1.98213,4
973.145,-2.275685,4
973.316,0.0036475000000000257,4
973.487,-2.794015,4
973.657,3.4225525,4
973.828,1.14302,4
973.998,-4.06902,4
974.169,2.89235,4
974.339,3.67075,4
974.51,-3.3133925,4
974.68,-0.24483999999999984,4
974.851,-1.7903075,4
975.021,3.9976475000000002,4
975.192,-3.69685,4
975.362,7.642875,4
975.533,-1.60976,4
975.703,-2.084105,4
975.874,3.027885,4
976.044,3.7609075,4
976.214,-2.388445,4
976.385,0.05973749999999978,4
976.555,3.162565,4
976.725,-5.5026874999999995,4
976.896,-7.487655,4
977.066,-7.1262099999999995,4
977.236,-3.313525,4
977.406,-4.904780000000001,4
977.577,-3.6516374999999996,4
977.747,-2.9188549999999993,4
977.917,-6.720797500000001,4
978.087,7.5647424999999995,4
978.257,-8.187075,4
978.427,-1.2488375,4
978.598,2.3165075,4
978.768,-6.0330075,4
978.938,2.3618025,4
979.108,-2.9975325,4
979.278,-3.99044,4
979.448,-2.8174825,4
979.618,-1.316535,4
979.788,-3.5279125000000002,4
979.958,-4.0020725,4
980.128,0.7933575000000002,4
980.298,4.0538625,4
980.468,-3.6749675,4
980.638,-4.6220125,4
980.808,-5.9984675,4
980.978,1.7072749999999999,4
981.148,0.5789124999999999,4
981.317,-5.648705,4
981.487,-1.7114250000000002,4
981.657,-4.1477975,4
981.827,-0.1542075,4
981.997,-1.677485,4
982.167,0.3421449999999999,4
982.336,-4.034994999999999,4
982.506,-4.373985,4
982.676,-0.741295,4
982.846,3.8513200000000003,4
983.015,-4.0579825,4
983.185,6.558864999999999,4
983.355,3.7495525,4
983.524,1.7867375,4
983.694,-4.0349825,4
983.864,1.1659125,4
984.033,0.9625374999999998,4
984.203,4.14479,4
984.372,3.0163349999999998,4
984.542,4.77645,4
984.712,-0.2220125,4
984.881,-9.440425000000001,4
985.051,-0.684555,4
985.22,5.961992499999999,4
985.39,0.28570749999999995,4
985.559,1.1319050000000002,4
985.728,-2.3543874999999996,4
985.898,0.11647499999999988,4
986.067,2.1021725,4
986.237,-6.3255225,4
986.406,-3.5727475,4
986.576,2.9822800000000003,4
986.745,-6.100355,4
986.914,6.1194025,4
987.084,-0.932815,4
987.253,-2.252985,4
987.422,2.2829800000000002,4
987.591,-6.28088,4
987.761,-0.09830000000000028,4
987.93,0.7936325,4
988.099,2.4745274999999998,4
988.268,-2.6256025000000003,4
988.438,-0.7867650000000004,4
988.607,-3.527655,4
988.776,-3.06534,4
988.945,-8.04107,4
989.114,-5.79505,4
989.283,-6.77699,4
989.452,-0.32355249999999997,4
989.621,-4.2723825,4
989.791,-2.5915600000000003,4
989.96,1.944165,4
990.129,-0.49266499999999996,4
990.298,-4.4307075,4
990.467,-2.2752425000000005,4
990.636,2.8581075,4
990.805,-7.037167500000001,4
990.974,-3.0318650000000003,4
991.142,-3.9339725,4
991.311,1.54948,4
991.48,-2.7833749999999995,4
991.649,-9.7892075,4
991.818,1.1544174999999999,4
991.987,4.077285000000001,4
992.156,-1.3840125,4
992.325,-2.5803975,4
992.493,4.054375,4
992.662,-0.8198975,4
992.831,1.9555924999999998,4
993.0,2.8359525000000003,4
993.168,1.718495,4
993.337,1.752285,4
993.506,-2.9525475,4
993.675,1.4363700000000001,4
993.843,-2.1063324999999997,4
994.012,0.5786150000000001,4
994.181,-6.901445,4
994.349,-9.7203175,4
994.518,3.298375,4
994.686,-0.030349999999999988,4
994.855,-3.1438025,4
995.024,4.5849025,4
995.192,0.18419000000000002,4
995.361,-4.8030825,4
995.529,-4.080135,4
995.698,-0.8088774999999999,4
995.866,-1.51931,4
996.035,0.7483550000000001,4
996.203,-2.6479025000000003,4
996.371,-2.5692325,4
996.54,-4.859609999999999,4
996.708,-8.1310775,4
996.877,-0.3803675000000002,4
997.045,1.1428925,4
997.213,-8.841235000000001,4
997.382,-5.434715000000001,4
997.55,8.195297499999999,4
997.718,-1.30525,4
997.887,6.1977925,4
998.055,1.560535,4
998.223,3.9640325,4
998.391,3.106485,4
998.56,11.196245,4
998.728,-1.3164825,4
998.896,-3.4377225,4
999.064,9.72026,4
999.232,-1.0116175,4
999.401,3.2532625,4
999.569,-2.8399875,4
999.737,0.33089750000000007,4
999.905,-5.118575,4
1000.073,-0.67333,4
1000.241,5.4981100000000005,4
1000.409,-8.58182,4
1000.577,-1.0908925,4
1000.745,0.7929675,4
1000.913,-1.8582400000000001,4
1001.081,-1.3502100000000001,4
1001.249,-7.081085,4
1001.417,1.4591675,4
1001.585,-3.92285,4
1001.753,-5.7393350000000005,4
1001.921,-11.1872425,4
1002.089,-3.6636049999999996,4
1002.256,-5.7613025,4
1002.424,-14.1201775,4
1002.592,-2.3657399999999997,4
1002.76,-0.3688175,4
1002.928,5.351707500000001,4
1003.096,0.6806174999999999,4
1003.263,-2.693035,4
1003.431,-5.581524999999999,4
1003.599,-2.7266500000000002,4
1003.767,-2.580225,4
1003.934,1.1317724999999998,4
1004.102,-1.8357849999999998,4
1004.27,-0.718325,4
1004.437,0.567925,4
1004.605,-1.1585300000000003,4
1004.773,5.962047500000001,4
1004.94,2.4632850000000004,4
1005.108,1.030515,4
1005.275,1.086705,4
1005.443,6.4351400000000005,4
1005.61,2.33918,4
1005.778,-1.2379674999999999,4
1005.945,-3.0877175,4
1006.113,8.0833175,4
1006.28,0.30837749999999997,4
1006.448,3.43391,4
1006.615,6.559162500000001,4
1006.783,4.2233525,4
1006.95,0.8047050000000001,4
1007.118,-1.58724,4
1007.285,2.02303,4
1007.452,-2.37702,4
1007.62,6.26597,4
1007.787,-2.624995,4
1007.954,-1.1358875,4
1008.122,-7.466635000000001,4
1008.289,-7.36305,4
1008.456,-11.91136,4
1008.623,-1.5423874999999998,4
1008.791,1.3120049999999999,4
1008.958,-0.684375,4
1009.125,-6.540485,4
1009.292,3.151475,4
1009.459,1.6171824999999997,4
1009.627,-2.6702225,4
1009.794,0.7821075,4
1009.961,1.6622599999999998,4
1010.128,-1.1698775,4
1010.295,7.2358125,4
1010.462,2.1477424999999997,4
1010.629,-0.6058724999999998,4
1010.796,-2.8625225000000003,4
1010.963,-3.9899000000000004,4
1011.13,5.72453,4
1011.297,-9.6641275,4
1011.464,-0.944065,4
1011.631,-7.938867500000001,4
1011.798,-0.5718100000000002,4
1011.965,0.9738950000000001,4
1012.132,-10.97421,4
1012.299,-3.5163275,4
1012.466,-3.4037500000000005,4
1012.633,-5.8854425,4
1012.799,2.0343050000000003,4
1012.966,-5.6714199999999995,4
1013.133,-2.3772075,4
1013.3,3.45625,4
1013.467,2.8245875000000003,4
1013.633,-11.954935,4
1013.8,2.4408675,4
1013.967,1.52683,4
1014.134,-9.20303,4
1014.3,-1.655115,4
1014.467,-2.8170325,4
1014.634,5.6458075,4
1014.8,0.8837649999999998,4
1014.967,-6.223339999999999,4
1015.134,-4.4755725,4
1015.3,-5.050375000000001,4
1015.467,-3.7310675,4
1015.633,-4.6559925,4
1015.8,0.7707600000000002,4
1015.966,-6.17896,4
1016.133,3.5577300000000003,4
1016.3,0.35333499999999995,4
1016.466,4.2007875,4
1016.632,-0.10950000000000015,4
1016.799,-5.457762499999999,4
1016.965,-8.5473175,4
1017.132,3.2869099999999998,4
1017.298,-0.08670000000000011,4
1017.465,2.0344175,4
1017.631,-4.63281,4
1017.797,-1.15876,4
1017.964,0.17281,4
1018.13,-2.8734224999999998,4
1018.296,-5.163365,4
1018.463,-4.11444,4
1018.629,-2.230495,4
1018.795,1.831435,4
1018.961,-7.1384375,4
1019.128,-5.8297525,4
1019.294,0.6128474999999999,4
1019.46,-2.0950825,4
1019.626,1.2672525000000001,4
1019.792,-2.54672,4
1019.959,-4.576425,4
1020.125,-2.8736675000000003,4
1020.291,1.9550999999999998,4
1020.457,-6.1564825,4
1020.623,-8.660525,4
1020.789,-11.32361,4
1020.955,2.10199,4
1021.121,1.9778499999999999,4
1021.287,-4.2611125,4
1021.453,-1.9594999999999998,4
1021.619,-5.5585724999999995,4
1021.785,1.7073725,4
1021.951,-5.964405,4
1022.117,5.8601075,4
1022.283,2.914675,4
1022.449,5.4759475,4
1022.615,-3.3811725,4
1022.781,3.4560924999999996,4
1022.946,1.0418025,4
1023.112,-2.19686,4
1023.278,5.7464474999999995,4
1023.444,-1.7337475,4
1023.61,-0.3462075,4
1023.775,-5.1076,4
1023.941,-0.22255250000000015,4
1024.107,-4.984265,4
1024.273,-1.9708,4
1024.438,-5.017029999999999,4
1024.604,-7.285395,4
1024.77,2.24893,4
1024.935,-7.3411075,4
1025.101,1.2671425,4
1025.267,0.17274249999999974,4
1025.432,2.7342125000000004,4
1025.598,-7.6226875000000005,4
1025.763,-0.5267249999999999,4
1025.929,-7.7243775,4
1026.095,-6.776975,4
1026.26,0.09385500000000002,4
1026.426,-10.0033625,4
1026.591,-1.4065875,4
1026.757,-5.8747475,4
1026.922,4.777097499999999,4
1027.087,-4.848265,4
1027.253,-1.5080175,4
1027.418,4.15573,4
1027.584,1.43656,4
1027.749,0.9060500000000002,4
1027.914,-1.37294,4
1028.08,0.73682,4
1028.245,-5.23188,4
1028.41,0.8724224999999999,4
1028.576,-4.84742,4
1028.741,3.4447425,4
1028.906,5.0923300000000005,4
1029.072,7.8013525,4
1029.237,8.9732225,4
1029.402,-5.953905,4
1029.567,2.192975,4
1029.732,-6.0882925000000006,4
1029.898,-1.2712250000000003,4
1030.063,-6.088885,4
1030.228,-5.43437,4
1030.393,4.4612375,4
1030.558,-2.33186,4
1030.723,-3.5728975,4
1030.888,-5.874045,4
1031.053,-2.343435,4
1031.218,-3.04274,4
1031.383,-5.062395,4
1031.548,-0.26714250000000006,4
1031.713,-4.3738475,4
1031.878,-3.3812999999999995,4
1032.043,0.3196725,4
1032.208,0.6806475000000001,4
1032.373,-4.475785,4
1032.538,0.7594874999999999,4
1032.703,-2.9635675,4
1032.868,-5.5019,4
1033.033,-6.9237325,4
1033.198,2.8128125,4
1033.362,3.6258125,4
1033.527,-0.07525000000000004,4
1033.692,-0.8200475,4
1033.857,-1.068115,4
1034.021,0.5453300000000001,4
1034.186,1.5040075000000002,4
1034.351,-3.9339725000000003,4
1034.516,-3.30199,4
1034.68,5.9959774999999995,4
1034.845,-7.37409,4
1035.01,-3.04291,4
1035.174,-3.7305,4
1035.339,0.17277999999999993,4
1035.504,-2.4451925,4
1035.668,0.45497499999999996,4
1035.833,-7.4314374999999995,4
1035.997,-2.6252325,4
1036.162,0.30807249999999975,4
1036.326,2.1701075,4
1036.491,-1.3730725,4
1036.655,-3.41543,4
1036.82,2.21508,4
1036.984,7.9027425,4
1037.149,2.53091,4
1037.313,2.6218675,4
1037.478,-6.302247499999999,4
1037.642,5.05895,4
1037.807,-1.1809675,4
1037.971,-4.5660975,4
1038.135,-0.9781449999999999,4
1038.3,-3.7533174999999996,4
1038.464,0.9063924999999999,4
1038.628,-15.078867500000001,4
1038.792,3.7606975,4
1038.957,4.099675,4
1039.121,-4.2155875,4
1039.285,-2.241975,4
1039.449,-0.042200000000000015,4
1039.614,-2.3883875,4
1039.778,-3.87757,4
1039.942,-2.9751675000000004,4
1040.106,-1.1583125,4
1040.27,-4.8251125,4
1040.434,4.0656425,4
1040.599,0.6578574999999999,4
1040.763,2.147205,4
1040.927,-6.5621599999999995,4
1041.091,-4.136915,4
1041.255,-4.44163,4
1041.419,7.4616025,4
1041.583,0.6354175,4
1041.747,-9.4165125,4
1041.911,-1.124865,4
1042.075,-5.671385,4
1042.239,0.6919624999999999,4
1042.403,4.8553125,4
1042.567,-1.3389825000000002,4
1042.731,0.8046400000000001,4
1042.894,3.2874549999999996,4
1043.058,-9.100565,4
1043.222,-1.451795,4
1043.386,1.7751424999999998,4
1043.55,-1.9260374999999998,4
1043.714,-1.44042,4
1043.877,1.3125674999999999,4
1044.041,-5.56993,4
1044.205,3.5239849999999997,4
1044.369,-8.22053,4
1044.532,-4.836250000000001,4
1044.696,-4.2270975,4
1044.86,1.4136350000000002,4
1045.023,-2.5915175,4
1045.187,-1.76813,4
1045.351,3.7266274999999998,4
1045.514,2.0235025,4
1045.678,-0.1770449999999999,4
1045.841,-1.9151,4
