wavelength_nm,intensity_mean,
345.386,-28.668834,
345.605,-28.668834,
345.824,-28.668834,
346.044,20.631644,
346.263,-16.446906,
346.482,53.083892,
346.701,8.177842,
346.92,10.209656,
347.139,17.196304,
347.358,-8.067414,
347.577,-20.01422,
347.796,-14.841852,
348.015,-9.205452,
348.234,-8.519026,
348.453,12.250992,
348.672,-17.100088,
348.891,-23.196766,
349.11,-4.00848,
349.329,558.06499,
349.548,936.259088,
349.767,976.142714,
349.986,1065.086308,
350.205,1142.053896,
350.424,1206.416136,
350.643,1257.676764,
350.862,1313.852382,
351.08,1383.040966,
351.299,1433.18011,
351.518,1511.092842,
351.737,1594.020878,
351.956,1655.302812,
352.174,1796.287936,
352.393,1876.10836,
352.612,1949.596684,
352.831,2101.263858,
353.049,2283.587568,
353.268,2378.412608,
353.487,2590.55154,
353.705,2679.63285,
353.924,2834.805028,
354.143,2913.687694,
354.361,3089.24833,
354.58,3104.253288,
354.798,3153.863452,
355.017,3255.753268,
355.236,3187.512668,
355.454,3293.192062,
355.673,3375.584318,
355.891,3375.952466,
356.11,3342.999702,
356.328,3393.265448,
356.547,3388.084054,
356.765,3296.639404,
356.984,3344.501878,
357.202,3281.169922,
357.42,3350.186446,
357.639,3239.28547,
357.857,3127.512634,
358.076,3037.206542,
358.294,2935.383952,
358.512,2854.700742,
358.731,2792.595082,
358.949,2757.797346,
359.167,2756.828566,
359.386,2722.731848,
359.604,2693.35726,
359.822,2703.975414,
360.04,2634.883026,
360.259,2576.922638,
360.477,2420.82273,
360.695,2371.702788,
360.913,2197.854362,
361.131,2108.79785,
361.35,1956.390138,
361.568,1717.654226,
361.786,1577.6291,
362.004,1401.777104,
362.222,1126.34093,
362.44,1000.626254,
362.658,801.981218,
362.876,640.491252,
363.094,570.303056,
363.312,570.835128,
363.53,562.025982,
363.749,560.251482,
363.967,578.678994,
364.184,595.1826,
364.402,585.583832,
364.62,617.762196,
364.838,631.976492,
365.056,568.13245,
365.274,690.03056,
365.492,667.610672,
365.71,659.85856,
365.928,733.403618,
366.146,710.339026,
366.364,746.614202,
366.581,788.939514,
366.799,827.815432,
367.017,895.863894,
367.235,880.823092,
367.453,943.0079,
367.67,949.848056,
367.888,994.843456,
368.106,1003.18468,
368.323,1028.06197,
368.541,1001.53716,
368.759,1079.24275,
368.977,1073.639912,
369.194,1059.342706,
369.412,1067.849042,
369.629,1139.513062,
369.847,1149.128842,
370.065,1163.968684,
370.282,1276.577304,
370.5,1269.877698,
370.717,1359.846164,
370.935,1346.65484,
371.152,1459.423724,
371.37,1526.83555,
371.588,1556.681422,
371.805,1605.494312,
372.022,1683.29814,
372.24,1695.078394,
372.457,1721.102224,
372.675,1751.729506,
372.892,1744.645004,
373.11,1794.30602,
373.327,1755.211296,
373.544,1746.079782,
373.762,1826.55833,
373.979,1784.427386,
374.196,1799.71642,
374.414,1753.882696,
374.631,1813.07266,
374.848,1821.342274,
375.066,1779.250738,
375.283,1831.960576,
375.5,1849.937878,
375.717,1852.399406,
375.935,1887.331722,
376.152,1950.58579,
376.369,2015.297316,
376.586,2069.702916,
376.803,2110.527852,
377.02,2198.205818,
377.238,2257.511302,
377.455,2271.857194,
377.672,2317.090508,
377.889,2355.226608,
378.106,2351.14089,
378.323,2410.821668,
378.54,2408.655838,
378.757,2364.649968,
378.974,2313.49124,
379.191,2316.929418,
379.408,2283.185088,
379.625,2236.942916,
379.842,2164.22499,
380.059,2190.824322,
380.276,2146.222772,
380.493,2054.89817,
380.71,2063.52019,
380.927,2072.097096,
381.143,2080.695516,
381.36,2194.840036,
381.577,2302.325724,
381.794,2311.21766,
382.011,2371.273874,
382.228,2549.773266,
382.444,2635.7786,
382.661,2684.496622,
382.878,2760.031072,
383.095,2887.535848,
383.311,3035.440338,
383.528,3088.877444,
383.745,3307.454954,
383.962,3572.61578,
384.178,3779.502594,
384.395,3958.446684,
384.612,4165.183976,
384.828,4545.921548,
385.045,4871.846334,
385.261,5252.310512,
385.478,5595.870556,
385.695,5948.991822,
385.911,6339.651408,
386.128,6427.502214,
386.344,6626.526388,
386.561,6796.905302,
386.777,7037.326208,
386.994,7252.721598,
387.21,7385.774752,
387.427,7647.437476,
387.643,7843.11414,
387.86,8067.048122,
388.076,7970.493926,
388.292,8216.139842,
388.509,8073.403794,
388.725,8325.903786,
388.942,8468.770912,
389.158,8601.60197,
389.374,8756.140236,
389.591,8517.601542,
389.807,8603.811162,
390.023,8987.190354,
390.239,8728.695848,
390.456,8810.037794,
390.672,8761.508714,
390.888,8701.542782,
391.104,8889.416792,
391.321,8741.035982,
391.537,8863.246362,
391.753,8374.157534,
391.969,8429.932776,
392.185,8254.545072,
392.401,8050.047592,
392.618,7509.99778,
392.834,7082.619586,
393.05,7071.835148,
393.266,6517.29018,
393.482,6175.344118,
393.698,5430.554082,
393.914,4801.496604,
394.13,4393.112594,
394.346,3725.717558,
394.562,3226.91759,
394.778,2888.796972,
394.994,2774.520042,
395.21,2707.436574,
395.426,2639.040836,
395.642,2491.184268,
395.858,2501.951304,
396.073,2289.094394,
396.289,2226.331936,
396.505,2174.906474,
396.721,2034.069826,
396.937,1943.264338,
397.153,1768.850006,
397.369,1811.46238,
397.584,1782.452046,
397.8,1779.122408,
398.016,1704.725656,
398.232,1775.474438,
398.447,1691.256808,
398.663,1660.615122,
398.879,1651.187654,
399.094,1670.824116,
399.31,1628.438462,
399.526,1602.17768,
399.741,1610.598402,
399.957,1574.19654,
400.173,1553.975498,
400.388,1567.128328,
400.604,1611.295056,
400.82,1589.795164,
401.035,1713.53966,
401.251,1675.394504,
401.466,1606.918734,
401.682,1686.136672,
401.897,1788.18409,
402.113,1711.389302,
402.328,1761.181218,
402.544,1758.447918,
402.759,1693.263594,
402.974,1692.075116,
403.19,1692.506592,
403.405,1815.41395,
403.621,1788.228416,
403.836,1675.809218,
404.051,1749.513788,
404.267,1705.340978,
404.482,1610.205388,
404.697,1533.527758,
404.913,1517.60889,
405.128,1578.598988,
405.343,1525.777906,
405.559,1502.804456,
405.774,1546.515928,
405.989,1566.775598,
406.204,1545.81708,
406.42,1514.90082,
406.635,1538.96813,
406.85,1520.993862,
407.065,1561.096376,
407.28,1508.898714,
407.495,1564.489018,
407.71,1454.486516,
407.926,1504.808368,
408.141,1560.62063,
408.356,1511.502732,
408.571,1489.994132,
408.786,1434.062514,
409.001,1458.616814,
409.216,1489.422998,
409.431,1500.546232,
409.646,1446.132764,
409.861,1485.582136,
410.076,1426.547352,
410.291,1459.186226,
410.506,1442.28938,
410.721,1441.26908,
410.936,1394.31667,
411.15,1374.61916,
411.365,1380.152224,
411.58,1413.624604,
411.795,1424.873352,
412.01,1407.870364,
412.225,1450.583392,
412.439,1387.150466,
412.654,1425.577054,
412.869,1436.677028,
413.084,1445.293456,
413.299,1452.671676,
413.513,1380.473722,
413.728,1402.191368,
413.943,1523.005124,
414.157,1459.425502,
414.372,1480.976458,
414.587,1513.441554,
414.801,1593.186484,
415.016,1564.883338,
415.231,1617.734356,
415.445,1632.729362,
415.66,1671.972786,
415.874,1769.037984,
416.089,1764.357724,
416.304,1861.542272,
416.518,1888.26723,
416.733,1858.464084,
416.947,1905.66046,
417.162,1923.740234,
417.376,1973.656332,
417.59,2010.506572,
417.805,2048.796524,
418.019,1997.262698,
418.234,1964.965558,
418.448,1931.182886,
418.663,2011.817008,
418.877,1955.573748,
419.091,2053.312176,
419.306,2022.339386,
419.52,2051.256992,
419.734,1994.390354,
419.949,2064.156528,
420.163,2189.61602,
420.377,2014.99339,
420.591,2047.640338,
420.806,2155.872734,
421.02,2140.428096,
421.234,2210.405982,
421.448,2182.881066,
421.663,2201.030742,
421.877,2201.416048,
422.091,2196.021492,
422.305,2232.400336,
422.519,2231.590176,
422.733,2424.144076,
422.947,2334.707842,
423.161,2296.146144,
423.376,2371.019626,
423.59,2436.61576,
423.804,2444.951116,
424.018,2443.620526,
424.232,2435.32436,
424.446,2533.7041,
424.66,2465.724972,
424.874,2378.100672,
425.088,2253.455186,
425.302,2236.304284,
425.515,2383.583632,
425.729,2261.67816,
425.943,2252.669318,
426.157,2234.900826,
426.371,2143.307166,
426.585,2204.956918,
426.799,2171.60727,
427.013,2194.781054,
427.226,2206.153408,
427.44,2016.753352,
427.654,2026.518108,
427.868,2039.28248,
428.081,2050.060806,
428.295,1908.402618,
428.509,1925.779272,
428.723,1872.380328,
428.936,1857.700538,
429.15,1747.33341,
429.364,1838.30056,
429.577,1787.847384,
429.791,1767.144854,
430.005,1900.030944,
430.218,1905.037512,
430.432,1770.08612,
430.645,1777.401232,
430.859,1823.496006,
431.073,1858.744292,
431.286,1870.926064,
431.5,1895.282084,
431.713,1678.507426,
431.927,1662.462092,
432.14,1675.782482,
432.354,1612.350738,
432.567,1464.838686,
432.781,1488.910094,
432.994,1417.381794,
433.207,1438.921794,
433.421,1432.970644,
433.634,1378.759482,
433.848,1383.403006,
434.061,1303.41441,
434.274,1227.48426,
434.488,1309.467574,
434.701,1290.326902,
434.914,1306.298974,
435.127,1402.647142,
435.341,1420.058896,
435.554,1434.875472,
435.767,1448.71708,
435.98,1509.67737,
436.194,1446.864862,
436.407,1436.092084,
436.62,1565.087742,
436.833,1527.30034,
437.046,1458.221346,
437.259,1430.41441,
437.473,1528.362142,
437.686,1522.304036,
437.899,1447.811548,
438.112,1560.85391,
438.325,1445.51945,
438.538,1413.898832,
438.751,1501.988012,
438.964,1421.23815,
439.177,1355.959304,
439.39,1313.822096,
439.603,1345.61231,
439.816,1258.080162,
440.029,1302.969894,
440.242,1272.164494,
440.455,1242.02432,
440.668,1175.748964,
440.881,1154.833056,
441.094,1098.028698,
441.306,1134.449714,
441.519,1180.750248,
441.732,1184.650964,
441.945,1276.359472,
442.158,1216.770616,
442.37,1277.790288,
442.583,1420.67232,
442.796,1586.100158,
443.009,1757.41289,
443.222,1868.482178,
443.434,2065.389662,
443.647,2703.764128,
443.86,3105.857392,
444.072,3353.02336,
444.285,3441.95957,
444.498,3634.04486,
444.71,3662.030426,
444.923,3837.141202,
445.136,3854.396846,
445.348,3781.524104,
445.561,3846.457958,
445.773,3961.72996,
445.986,3811.25272,
446.198,4167.167792,
446.411,4136.805926,
446.623,4327.17848,
446.836,4226.253138,
447.048,4327.468992,
447.261,4508.065912,
447.473,4511.09644,
447.686,4403.716938,
447.898,4480.259342,
448.11,4736.913618,
448.323,4780.734274,
448.535,4721.498856,
448.748,4534.620478,
448.96,4590.508018,
449.172,4587.136782,
449.385,4413.461412,
449.597,4734.966668,
449.809,4713.935742,
450.021,4796.301944,
450.234,4899.20897,
450.446,4557.918338,
450.658,4561.311174,
450.87,4569.555408,
451.083,4602.354298,
451.295,4540.872238,
451.507,4286.143232,
451.719,4065.807952,
451.931,3956.602008,
452.143,3638.60974,
452.356,3144.471864,
452.568,2932.79163,
452.78,2686.817118,
452.992,2498.329188,
453.204,2452.979226,
453.416,2137.04089,
453.628,1910.38971,
453.84,1756.568328,
454.052,1650.356362,
454.264,1752.220894,
454.476,1697.729096,
454.688,1724.744342,
454.9,1732.229266,
455.112,1634.407292,
455.324,1546.04663,
455.536,1615.643018,
455.747,1612.400932,
455.959,1629.051198,
456.171,1638.234754,
456.383,1593.732644,
456.595,1561.061236,
456.807,1574.593626,
457.018,1506.990884,
457.23,1588.506722,
457.442,1567.242872,
457.654,1577.976754,
457.865,1539.693092,
458.077,1458.536792,
458.289,1526.91455,
458.501,1552.050756,
458.712,1591.011572,
458.924,1613.680628,
459.136,1521.693734,
459.347,1481.454786,
459.559,1420.09066,
459.77,1565.882688,
459.982,1582.138866,
460.194,1527.238206,
460.405,1435.731998,
460.617,1422.547834,
460.828,1502.584224,
461.04,1494.182996,
461.251,1448.780256,
461.463,1572.760568,
461.674,1541.128776,
461.886,1535.93407,
462.097,1439.449766,
462.309,1468.709938,
462.52,1424.588132,
462.731,1526.936474,
462.943,1417.539818,
463.154,1370.316542,
463.366,1398.076158,
463.577,1475.82698,
463.788,1432.099824,
464,1426.44957,
464.211,1481.074474,
464.422,1498.536828,
464.634,1482.804888,
464.845,1487.00373,
465.056,1492.464352,
465.267,1513.210174,
465.478,1390.807806,
465.69,1435.906328,
465.901,1382.32555,
466.112,1433.938596,
466.323,1475.826558,
466.534,1493.445936,
466.745,1570.969112,
466.957,1578.61142,
467.168,1619.480718,
467.379,1638.404538,
467.59,1741.727762,
467.801,1965.90071,
468.012,2118.17524,
468.223,2350.59056,
468.434,2337.170576,
468.645,2524.6791,
468.856,2603.10811,
469.067,2619.808972,
469.278,2637.566642,
469.489,2641.369556,
469.7,2553.153502,
469.911,2529.151868,
470.122,2704.069134,
470.333,2759.497126,
470.543,2558.072512,
470.754,2653.542408,
470.965,2669.862478,
471.176,2632.74935,
471.387,2704.11754,
471.598,2594.23708,
471.808,2615.527846,
472.019,2643.331166,
472.23,2606.542262,
472.441,2574.922818,
472.651,2649.808156,
472.862,2574.988814,
473.073,2635.261996,
473.283,2594.453344,
473.494,2534.021642,
473.705,2555.842386,
473.915,2574.761606,
474.126,2695.050672,
474.337,2603.792504,
474.547,2593.041426,
474.758,2610.128848,
474.968,2524.872828,
475.179,2514.564352,
475.389,2449.096494,
475.6,2368.803926,
475.81,2344.976494,
476.021,2292.52753,
476.231,2208.273766,
476.442,2020.929568,
476.652,1836.87207,
476.863,1763.288392,
477.073,1714.05077,
477.284,1667.999672,
477.494,1604.440242,
477.704,1671.400164,
477.915,1667.260438,
478.125,1504.927448,
478.335,1503.59346,
478.546,1547.481418,
478.756,1582.214674,
478.966,1596.937408,
479.177,1614.478786,
479.387,1647.032426,
479.597,1759.359642,
479.807,1772.405762,
480.018,1859.204504,
480.228,1887.248592,
480.438,1932.977436,
480.648,2022.30163,
480.858,1963.09389,
481.068,1974.229922,
481.279,2026.902934,
481.489,2129.132932,
481.699,2167.38799,
481.909,2251.381904,
482.119,2417.9352,
482.329,2593.547202,
482.539,2779.723148,
482.749,3120.42744,
482.959,3527.001034,
483.169,3976.318972,
483.379,4162.107996,
483.589,4493.01123,
483.799,4542.727656,
484.009,4565.91758,
484.219,4674.089226,
484.429,4775.592256,
484.639,4737.456994,
484.849,4836.447006,
485.059,4969.658174,
485.268,4907.432934,
485.478,5019.266926,
485.688,4903.780736,
485.898,4992.52463,
486.108,4995.625302,
486.317,5054.249602,
486.527,5096.104514,
486.737,5149.409994,
486.947,5054.381284,
487.156,5138.83775,
487.366,5137.102824,
487.576,5074.474762,
487.785,5095.972218,
487.995,5099.79241,
488.205,5248.300248,
488.414,5388.31597,
488.624,5485.931158,
488.834,5796.355052,
489.043,6164.094216,
489.253,6480.89104,
489.462,6764.22438,
489.672,6969.08078,
489.882,7038.688188,
490.091,7068.8048,
490.301,7039.671912,
490.51,6991.671246,
490.72,7023.238292,
490.929,6891.86128,
491.138,6695.46929,
491.348,6295.212072,
491.557,6078.161086,
491.767,5912.47733,
491.976,5761.026754,
492.185,5541.443562,
492.395,5494.321232,
492.604,5466.187126,
492.813,5298.040856,
493.023,5206.484724,
493.232,5102.728466,
493.441,4994.27302,
493.651,4998.100854,
493.86,4840.405994,
494.069,4841.940046,
494.278,4879.891538,
494.488,4820.124664,
494.697,4884.869088,
494.906,4759.941462,
495.115,4841.252836,
495.324,4790.237614,
495.533,4766.320962,
495.743,4701.277442,
495.952,4792.541102,
496.161,4655.753068,
496.37,4509.281026,
496.579,4497.155484,
496.788,4505.362854,
496.997,4575.048204,
497.206,4528.615484,
497.415,4513.764592,
497.624,4673.700066,
497.833,4965.293848,
498.042,5659.694958,
498.251,6952.36729,
498.46,8445.504428,
498.669,9776.401336,
498.878,10918.14699,
499.087,11658.56948,
499.296,12308.44358,
499.504,12605.52874,
499.713,12687.23693,
499.922,12952.97105,
500.131,13143.25909,
500.34,13379.29182,
500.549,13470.72203,
500.757,13346.4952,
500.966,13733.21141,
501.175,13588.36336,
501.384,14068.21271,
501.592,13961.32837,
501.801,14061.89087,
502.01,14156.62849,
502.218,14233.10528,
502.427,14345.97483,
502.636,14385.70057,
502.844,14510.26873,
503.053,14418.15313,
503.262,14370.80583,
503.47,14342.65632,
503.679,14390.55449,
503.887,14331.31857,
504.096,14295.35199,
504.304,14403.49192,
504.513,14378.94382,
504.721,14245.51182,
504.93,14057.44048,
505.138,14121.9471,
505.347,13856.67443,
505.555,13587.13607,
505.764,13372.75673,
505.972,13065.35998,
506.18,12560.63984,
506.389,11983.98576,
506.597,11183.92201,
506.806,10087.29497,
507.014,8847.559282,
507.222,7953.315026,
507.431,7368.377222,
507.639,6820.01328,
507.847,6436.43183,
508.055,5903.515246,
508.264,5446.008858,
508.472,5131.251526,
508.68,4519.332696,
508.888,4080.802852,
509.096,3677.119734,
509.305,3424.852514,
509.513,3308.633756,
509.721,3248.241136,
509.929,3133.55012,
510.137,2980.995808,
510.345,2992.472874,
510.553,2894.593176,
510.762,2812.97116,
510.97,2751.624818,
511.178,2829.598458,
511.386,2756.915548,
511.594,2660.16376,
511.802,2606.075432,
512.01,2588.297368,
512.218,2531.81335,
512.426,2523.804386,
512.634,2426.966686,
512.842,2366.27609,
513.049,2374.876552,
513.257,2337.820902,
513.465,2333.857808,
513.673,2281.649518,
513.881,2281.270564,
514.089,2294.829632,
514.297,2314.344558,
514.504,2297.460436,
514.712,2280.915442,
514.92,2301.469198,
515.128,2361.290224,
515.336,2401.98246,
515.543,2447.511244,
515.751,2459.142936,
515.959,2432.585422,
516.166,2531.40363,
516.374,2591.89196,
516.582,2626.521874,
516.789,2690.119052,
516.997,2673.655606,
517.205,2727.199724,
517.412,2714.486428,
517.62,2774.112584,
517.827,2699.668318,
518.035,2761.17525,
518.243,2731.895716,
518.45,2703.8477,
518.658,2715.005156,
518.865,2636.831148,
519.073,2720.12285,
519.28,2684.667318,
519.488,2727.761852,
519.695,2603.461876,
519.902,2616.453048,
520.11,2567.418968,
520.317,2593.134002,
520.525,2583.668442,
520.732,2509.00585,
520.939,2531.49068,
521.147,2476.65271,
521.354,2526.296254,
521.561,2472.774448,
521.769,2554.131426,
521.976,2463.109516,
522.183,2464.885914,
522.391,2397.846278,
522.598,2411.003742,
522.805,2419.638102,
523.012,2429.330724,
523.219,2412.467262,
523.427,2425.72246,
523.634,2314.534668,
523.841,2391.093106,
524.048,2323.485896,
524.255,2303.283448,
524.462,2255.658002,
524.669,2183.348536,
524.877,2164.5351,
525.084,2146.554092,
525.291,2073.15908,
525.498,2096.762866,
525.705,2047.18639,
525.912,2018.24645,
526.119,2066.435644,
526.326,1988.214078,
526.533,2001.134546,
526.74,1991.395514,
526.947,1965.746692,
527.153,1949.104996,
527.36,1982.03354,
527.567,1951.11073,
527.774,1969.519724,
527.981,1926.117732,
528.188,1902.545878,
528.395,1945.853338,
528.602,1956.463168,
528.808,1942.386822,
529.015,1946.029518,
529.222,1990.849076,
529.429,1921.2197,
529.635,1957.817344,
529.842,1959.320002,
530.049,2009.963722,
530.256,1890.47339,
530.462,1952.58046,
530.669,2009.942316,
530.876,1950.108954,
531.082,1993.110348,
531.289,1997.764098,
531.495,1993.891042,
531.702,1984.331872,
531.909,2011.600266,
532.115,2051.804506,
532.322,2001.584158,
532.528,2060.767246,
532.735,2072.891474,
532.941,2103.340378,
533.148,2076.39639,
533.354,2099.621414,
533.561,2138.184542,
533.767,2148.028308,
533.974,2171.539762,
534.18,2200.851058,
534.387,2217.053516,
534.593,2215.189214,
534.799,2250.500944,
535.006,2260.310998,
535.212,2246.416068,
535.418,2307.279732,
535.625,2310.19939,
535.831,2365.740552,
536.037,2358.384542,
536.244,2390.529034,
536.45,2286.976634,
536.656,2341.694582,
536.862,2417.164152,
537.068,2424.66799,
537.275,2443.153396,
537.481,2443.62316,
537.687,2455.411778,
537.893,2449.337486,
538.099,2440.533996,
538.305,2442.196476,
538.512,2512.572044,
538.718,2447.774882,
538.924,2473.339938,
539.13,2427.32779,
539.336,2497.679004,
539.542,2479.761234,
539.748,2534.267602,
539.954,2495.520954,
540.16,2505.560218,
540.366,2479.286102,
540.572,2481.725638,
540.778,2521.231538,
540.984,2508.78563,
541.19,2450.222096,
541.396,2429.137388,
541.602,2441.78239,
541.807,2451.292188,
542.013,2424.902984,
542.219,2420.004612,
542.425,2387.556668,
542.631,2439.382918,
542.837,2352.406416,
543.042,2331.669414,
543.248,2337.11117,
543.454,2305.66449,
543.66,2343.882004,
543.865,2287.9112,
544.071,2346.982276,
544.277,2272.109738,
544.483,2331.618906,
544.688,2255.02189,
544.894,2284.013268,
545.1,2290.029002,
545.305,2269.861786,
545.511,2241.127298,
545.716,2223.622524,
545.922,2244.988772,
546.128,2208.630198,
546.333,2184.567378,
546.539,2253.956706,
546.744,2180.608442,
546.95,2149.955074,
547.155,2141.622376,
547.361,2155.900972,
547.566,2066.750048,
547.772,2126.90934,
547.977,2059.105972,
548.182,2058.8585,
548.388,2018.316064,
548.593,2051.579038,
548.799,1962.646068,
549.004,2015.243914,
549.209,2010.421866,
549.415,1997.21664,
549.62,1946.571884,
549.825,1966.933606,
550.031,1926.81656,
550.236,1892.25716,
550.441,1928.046256,
550.646,1924.650356,
550.852,1930.787626,
551.057,1962.210702,
551.262,1895.41718,
551.467,1898.765848,
551.672,1908.060066,
551.878,1880.942412,
552.083,1860.913816,
552.288,1885.471576,
552.493,1890.24765,
552.698,1851.60481,
552.903,1873.331322,
553.108,1912.944892,
553.313,1826.291722,
553.518,1911.337224,
553.723,1875.118422,
553.928,1928.13046,
554.133,1935.146474,
554.338,1899.52195,
554.543,1939.9119,
554.748,1952.600158,
554.953,1879.094918,
555.158,1954.244154,
555.363,1922.341266,
555.568,1887.766488,
555.773,1968.192078,
555.978,1955.901574,
556.182,1975.297278,
556.387,1960.822602,
556.592,1969.849478,
556.797,1992.083036,
557.002,1985.57462,
557.206,2051.824716,
557.411,2017.950082,
557.616,2037.903666,
557.821,2082.627404,
558.025,2060.94352,
558.23,2019.933296,
558.435,2088.309724,
558.64,2078.037282,
558.844,2063.863224,
559.049,2083.368222,
559.253,2054.206912,
559.458,2038.834898,
559.663,2038.2209,
559.867,2041.239706,
560.072,2025.768108,
560.276,1976.779,
560.481,1968.8825,
560.685,1998.766046,
560.89,1989.30586,
561.094,1968.712048,
561.299,1931.75929,
561.503,1938.032816,
561.708,1869.671498,
561.912,1865.792816,
562.117,1883.0665,
562.321,1913.87241,
562.525,1861.503098,
562.73,1808.44714,
562.934,1845.718844,
563.139,1819.759196,
563.343,1852.764338,
563.547,1849.115992,
563.752,1841.924312,
563.956,1820.819846,
564.16,1834.900098,
564.364,1820.030938,
564.569,1829.99742,
564.773,1860.56343,
564.977,1825.920056,
565.181,1830.890682,
565.385,1808.37963,
565.59,1824.339198,
565.794,1870.953908,
565.998,1836.319644,
566.202,1847.723598,
566.406,1839.286046,
566.61,1817.670452,
566.814,1848.079642,
567.018,1834.107434,
567.222,1850.027698,
567.426,1819.05675,
567.63,1831.777222,
567.834,1802.208706,
568.038,1835.202852,
568.242,1812.76831,
568.446,1826.055508,
568.65,1846.571418,
568.854,1822.97886,
569.058,1893.814202,
569.262,1890.307632,
569.466,1923.86442,
569.67,1885.831722,
569.874,1979.035376,
570.078,1978.400964,
570.281,2042.340476,
570.485,2049.383042,
570.689,2034.334402,
570.893,2135.162138,
571.097,2167.067952,
571.3,2145.214216,
571.504,2276.471824,
571.708,2260.09559,
571.912,2325.943532,
572.115,2394.250958,
572.319,2418.402726,
572.523,2495.409988,
572.726,2512.006792,
572.93,2556.879122,
573.133,2554.260802,
573.337,2615.33397,
573.541,2673.48487,
573.744,2670.000738,
573.948,2675.035298,
574.151,2708.879856,
574.355,2703.47702,
574.558,2776.505028,
574.762,2832.539652,
574.965,2848.093232,
575.169,2901.402502,
575.372,2935.066492,
575.576,2948.78385,
575.779,3052.745772,
575.983,3102.67386,
576.186,3141.317168,
576.389,3136.526922,
576.593,3254.796326,
576.796,3288.17719,
577,3353.068112,
577.203,3418.194976,
577.406,3419.447754,
577.609,3503.847198,
577.813,3557.266904,
578.016,3566.820582,
578.219,3566.481298,
578.423,3581.826078,
578.626,3608.38663,
578.829,3615.322694,
579.032,3637.289182,
579.235,3701.328174,
579.438,3714.948302,
579.642,3704.857728,
579.845,3669.450396,
580.048,3738.124664,
580.251,3696.191362,
580.454,3805.949012,
580.657,3716.79892,
580.86,3746.416814,
581.063,3719.364676,
581.266,3751.416504,
581.469,3827.462444,
581.672,3845.546672,
581.875,3861.368498,
582.078,3905.919446,
582.281,3889.599552,
582.484,3981.089504,
582.687,4068.70205,
582.89,4081.605542,
583.093,4215.37556,
583.296,4564.640428,
583.499,5495.695854,
583.702,6855.013172,
583.904,8776.1507,
584.107,11728.47659,
584.31,16568.26946,
584.513,24282.84005,
584.716,32346.5821,
584.918,35362.12092,
585.121,35449.7728,
585.324,35719.24045,
585.527,35729.98142,
585.729,35889.80477,
585.932,35950.51638,
586.135,36041.30177,
586.337,36023.14409,
586.54,36148.25421,
586.743,36106.94522,
586.945,36184.83595,
587.148,36190.15546,
587.35,36185.89024,
587.553,36221.0709,
587.755,36347.17134,
587.958,36300.36704,
588.161,36313.14378,
588.363,36311.35039,
588.566,36388.79162,
588.768,36372.0223,
588.971,36347.20992,
589.173,36402.28394,
589.375,36404.4221,
589.578,36434.55318,
589.78,36452.05143,
589.983,36382.94132,
590.185,36448.29022,
590.387,36456.09896,
590.59,36511.435,
590.792,36464.2046,
590.994,36506.67943,
591.197,36502.97558,
591.399,36474.05326,
591.601,36539.76344,
591.803,36539.12057,
592.006,36553.24524,
592.208,36562.04058,
592.41,36559.78309,
592.612,36573.44479,
592.815,36566.00569,
593.017,36583.11335,
593.219,36585.9752,
593.421,36618.53872,
593.623,36575.68309,
593.825,36572.90322,
594.027,36593.73592,
594.229,36605.03394,
594.432,36595.39674,
594.634,36639.02926,
594.836,36658.16807,
595.038,36619.83419,
595.24,36609.58912,
595.442,36623.51849,
595.644,36622.22966,
595.846,36693.68178,
596.048,36652.11573,
596.249,36686.32532,
596.451,36671.33318,
596.653,36682.59739,
596.855,36675.82294,
597.057,36688.79146,
597.259,36667.00977,
597.461,36683.80256,
597.663,36665.71626,
597.864,36700.80744,
598.066,36720.88859,
598.268,36701.24678,
598.47,36686.6137,
598.671,36714.7628,
598.873,36714.20905,
599.075,36728.48209,
599.277,36673.28275,
599.478,36751.43216,
599.68,36530.62981,
599.882,25215.61315,
600.083,8401.15559,
600.285,3576.70996,
600.487,3573.499978,
600.688,3601.863462,
600.89,3625.078908,
601.091,3615.511086,
601.293,3664.388286,
601.494,3679.046426,
601.696,3752.173258,
601.898,3783.79532,
602.099,3741.35977,
602.301,3769.894976,
602.502,3864.808296,
602.703,3872.061846,
602.905,3875.974806,
603.106,3974.817992,
603.308,3899.913684,
603.509,3909.130496,
603.711,3957.148444,
603.912,3921.625582,
604.113,3911.415656,
604.315,3952.007902,
604.516,3936.73578,
604.717,3883.097054,
604.919,3884.227452,
605.12,3895.160574,
605.321,3870.874748,
605.522,3799.944926,
605.724,3787.284264,
605.925,3662.467386,
606.126,3628.66653,
606.327,3627.14072,
606.528,3588.35074,
606.729,3485.583716,
606.931,3460.977862,
607.132,3395.195988,
607.333,3276.543164,
607.534,3225.03975,
607.735,3183.675104,
607.936,3106.366848,
608.137,3088.153638,
608.338,3032.484824,
608.539,2991.723346,
608.74,2931.267664,
608.941,2855.155248,
609.142,2859.128498,
609.343,2779.86685,
609.544,2774.828716,
609.745,2676.034862,
609.946,2691.640482,
610.147,2559.197082,
610.348,2514.125692,
610.549,2473.325238,
610.75,2456.196092,
610.95,2390.470588,
611.151,2323.824274,
611.352,2269.065276,
611.553,2270.788228,
611.754,2219.954536,
611.954,2186.081464,
612.155,2101.212572,
612.356,2133.172476,
612.557,2035.629708,
612.757,2020.075336,
612.958,1956.919656,
613.159,1975.358656,
613.359,1938.6809,
613.56,1901.711836,
613.761,1874.416116,
613.961,1848.033568,
614.162,1834.726044,
614.362,1841.42201,
614.563,1877.578404,
614.764,1843.859968,
614.964,1837.044764,
615.165,1823.33519,
615.365,1842.430224,
615.566,1840.38629,
615.766,1812.383422,
615.967,1785.361148,
616.167,1792.214138,
616.368,1714.295492,
616.568,1802.418446,
616.768,1692.50007,
616.969,1774.002326,
617.169,1740.580106,
617.37,1709.360018,
617.57,1665.823906,
617.77,1703.710558,
617.971,1644.184782,
618.171,1650.214514,
618.371,1598.384716,
618.571,1611.113148,
618.772,1648.655204,
618.972,1599.600842,
619.172,1622.608038,
619.372,1595.169082,
619.573,1543.73285,
619.773,1582.165848,
619.973,1538.102062,
620.173,1623.19362,
620.373,1573.41273,
620.573,1581.77911,
620.774,1585.234454,
620.974,1562.786836,
621.174,1590.052104,
621.374,1597.944904,
621.574,1577.772738,
621.774,1562.101918,
621.974,1560.112,
622.174,1565.621928,
622.374,1608.406716,
622.574,1548.731906,
622.774,1585.90053,
622.974,1561.317548,
623.174,1630.070226,
623.374,1615.805728,
623.574,1619.033636,
623.774,1591.736944,
623.973,1641.985702,
624.173,1581.020392,
624.373,1598.985382,
624.573,1638.437366,
624.773,1565.189162,
624.973,1625.467274,
625.172,1630.809358,
625.372,1644.714016,
625.572,1702.033562,
625.772,1677.961014,
625.971,1721.606412,
626.171,1767.06961,
626.371,1770.841826,
626.57,1804.988294,
626.77,1789.450226,
626.97,1817.50868,
627.169,1891.90528,
627.369,1915.676466,
627.569,1942.332794,
627.768,1902.957206,
627.968,1937.00113,
628.167,1994.32233,
628.367,2016.527212,
628.566,2008.376744,
628.766,2096.387976,
628.965,2096.077508,
629.165,2141.454894,
629.364,2163.51381,
629.564,2240.021164,
629.763,2242.241624,
629.963,2260.505272,
630.162,2228.957608,
630.362,2223.28061,
630.561,2256.632124,
630.76,2313.534018,
630.96,2229.17078,
631.159,2246.890318,
631.358,2243.03203,
631.558,2238.85302,
631.757,2198.67364,
631.956,2212.84227,
632.155,2238.143894,
632.355,2188.324706,
632.554,2188.712036,
632.753,2213.510216,
632.952,2247.324108,
633.152,2230.775438,
633.351,2242.071384,
633.55,2294.615142,
633.749,2288.37125,
633.948,2318.411002,
634.147,2296.44538,
634.346,2344.787334,
634.545,2364.562408,
634.744,2383.670062,
634.944,2364.407656,
635.143,2400.535316,
635.342,2434.642624,
635.541,2456.7913,
635.74,2471.075386,
635.939,2444.171816,
636.138,2478.763342,
636.336,2492.956542,
636.535,2462.198874,
636.734,2515.680728,
636.933,2518.166408,
637.132,2485.569662,
637.331,2473.806974,
637.53,2528.546526,
637.729,2479.727904,
637.928,2448.848034,
638.126,2453.462304,
638.325,2441.0399,
638.524,2442.77332,
638.723,2499.877588,
638.921,2439.307094,
639.12,2480.133054,
639.319,2468.984918,
639.518,2533.214864,
639.716,2506.43877,
639.915,2515.161378,
640.114,2627.886486,
640.312,2555.20869,
640.511,2624.475094,
640.71,2699.042714,
640.908,2732.354668,
641.107,2719.476306,
641.305,2791.799894,
641.504,2814.61085,
641.702,2824.395572,
641.901,2877.88839,
642.099,2921.608532,
642.298,2950.750022,
642.496,3039.63693,
642.695,2959.907056,
642.893,3070.206376,
643.092,3151.963878,
643.29,3187.283234,
643.489,3234.099356,
643.687,3192.296128,
643.885,3319.889362,
644.084,3290.998726,
644.282,3358.489958,
644.48,3392.427628,
644.679,3447.576216,
644.877,3399.521078,
645.075,3389.983696,
645.274,3467.922388,
645.472,3455.25857,
645.67,3405.933462,
645.868,3434.667714,
646.067,3432.708086,
646.265,3494.781344,
646.463,3458.123814,
646.661,3475.230342,
646.859,3474.527238,
647.057,3505.65752,
647.256,3524.700256,
647.454,3542.010604,
647.652,3602.158442,
647.85,3570.296412,
648.048,3629.56498,
648.246,3706.629348,
648.444,3715.80432,
648.642,3758.768838,
648.84,3770.683496,
649.038,3851.035554,
649.236,3861.448916,
649.434,3840.73438,
649.632,3904.268946,
649.83,3978.640714,
650.028,3936.878756,
650.226,4048.26039,
650.423,4042.937236,
650.621,4136.707354,
650.819,4109.226948,
651.017,4130.748544,
651.215,4252.955016,
651.413,4204.502258,
651.61,4257.93982,
651.808,4292.464472,
652.006,4301.098216,
652.204,4303.475902,
652.401,4372.065472,
652.599,4436.07409,
652.797,4739.670772,
652.995,5259.45704,
653.192,6278.99519,
653.39,7805.196018,
653.588,9528.515516,
653.785,10951.22223,
653.983,12264.02909,
654.18,13288.80952,
654.378,14156.67895,
654.576,15003.93486,
654.773,15489.0594,
654.971,16240.99822,
655.168,16564.49494,
655.366,16954.58516,
655.563,17175.53586,
655.761,17385.53395,
655.958,17523.99652,
656.156,17684.4357,
656.353,17548.09316,
656.55,17664.57655,
656.748,17839.25622,
656.945,17746.31275,
657.143,17819.44063,
657.34,17888.2521,
657.537,17994.15058,
657.735,18005.78787,
657.932,17865.70611,
658.129,18062.03155,
658.326,17968.68649,
658.524,18118.53304,
658.721,18076.41606,
658.918,17972.52642,
659.115,17705.7434,
659.313,17870.30763,
659.51,17610.11891,
659.707,17801.81205,
659.904,17728.49527,
660.101,17679.14321,
660.298,17607.1313,
660.496,17368.50444,
660.693,17275.87441,
660.89,17129.97003,
661.087,16782.14345,
661.284,16489.91027,
661.481,15847.36598,
661.678,15153.6264,
661.875,13759.16324,
662.072,12097.44371,
662.269,10938.1484,
662.466,10189.11288,
662.663,9489.334754,
662.86,8972.468066,
663.057,8550.807244,
663.254,8179.491086,
663.45,7757.94457,
663.647,7366.60315,
663.844,7069.011928,
664.041,6944.057068,
664.238,7155.3145,
664.435,7644.912172,
664.631,8975.491618,
664.828,11522.22592,
665.025,14502.41463,
665.222,17635.4458,
665.419,20619.09218,
665.615,23476.05362,
665.812,25274.6374,
666.009,27242.20381,
666.205,28500.11083,
666.402,30023.62759,
666.599,31011.80009,
666.795,31730.09081,
666.992,32183.12143,
667.188,32301.5884,
667.385,32383.69206,
667.582,33053.95806,
667.778,32938.06556,
667.975,33048.15525,
668.171,32810.66125,
668.368,32858.94713,
668.564,33041.88844,
668.761,33289.52423,
668.957,33085.82859,
669.154,33188.87281,
669.35,32943.27783,
669.547,32905.69012,
669.743,32954.1852,
669.939,33025.52268,
670.136,32818.53345,
670.332,32757.3133,
670.528,32490.10107,
670.725,32526.65563,
670.921,32284.17976,
671.117,32169.54176,
671.314,31945.41912,
671.51,32072.71374,
671.706,31996.04939,
671.902,31966.80016,
672.099,31934.88815,
672.295,31520.61921,
672.491,31393.01607,
672.687,30698.62422,
672.883,29780.92128,
673.08,28537.58981,
673.276,26875.42075,
673.472,24013.45635,
673.668,20734.08708,
673.864,18378.05999,
674.06,16724.51726,
674.256,15476.97789,
674.452,14321.46092,
674.648,13449.65606,
674.844,12588.84073,
675.04,11849.45611,
675.236,10899.84229,
675.432,10105.97905,
675.628,9215.992278,
675.824,8421.529422,
676.02,7621.641426,
676.216,6792.025078,
676.412,6093.334214,
676.608,5461.287042,
676.804,4823.002176,
676.999,4398.686516,
677.195,4048.264346,
677.391,3883.15723,
677.587,3682.846398,
677.783,3576.552142,
677.978,3491.61578,
678.174,3477.937594,
678.37,3373.548548,
678.566,3314.472138,
678.761,3252.635814,
678.957,3240.782896,
679.153,3090.039486,
679.348,3069.732814,
679.544,2955.092762,
679.74,2864.800514,
679.935,2776.61615,
680.131,2733.004574,
680.327,2622.387774,
680.522,2531.679486,
680.718,2444.19647,
680.913,2419.724992,
681.109,2315.858744,
681.304,2279.58806,
681.5,2211.298542,
681.695,2166.747416,
681.891,2082.0974,
682.086,1991.052588,
682.282,1962.410172,
682.477,1883.44876,
682.672,1858.27899,
682.868,1790.651102,
683.063,1761.893918,
683.259,1744.899492,
683.454,1685.326794,
683.649,1663.80819,
683.845,1618.143806,
684.04,1585.000906,
684.235,1547.181732,
684.43,1526.739266,
684.626,1463.060304,
684.821,1438.63418,
685.016,1431.82443,
685.211,1389.14555,
685.407,1345.49159,
685.602,1342.413256,
685.797,1264.784534,
685.992,1321.964642,
686.187,1289.743018,
686.382,1248.176396,
686.577,1239.460146,
686.773,1192.323314,
686.968,1192.199964,
687.163,1185.502168,
687.358,1215.130508,
687.553,1151.504834,
687.748,1126.266264,
687.943,1141.443702,
688.138,1116.065754,
688.333,1093.772238,
688.528,1072.467492,
688.723,1054.615232,
688.918,1067.64616,
689.112,1023.324074,
689.307,1037.17298,
689.502,998.987974,
689.697,965.472544,
689.892,991.10608,
690.087,937.031488,
690.282,943.952978,
690.476,962.720318,
690.671,902.862936,
690.866,906.566708,
691.061,914.699756,
691.255,854.196724,
691.45,878.65625,
691.645,849.313738,
691.84,849.031302,
692.034,775.148582,
692.229,808.36954,
692.424,806.318678,
692.618,805.497068,
692.813,745.545188,
693.007,785.020278,
693.202,752.670736,
693.397,750.017178,
693.591,734.989576,
693.786,776.475238,
693.98,809.184934,
694.175,775.726816,
694.369,782.682184,
694.564,794.324746,
694.758,775.342384,
694.953,787.737598,
695.147,776.077636,
695.342,808.236692,
695.536,817.861996,
695.73,882.39735,
695.925,880.259334,
696.119,826.25277,
696.313,865.299416,
696.508,872.595072,
696.702,861.820992,
696.896,888.179562,
697.091,887.2976,
697.285,908.220848,
697.479,838.014794,
697.673,917.636514,
697.868,865.581024,
698.062,917.569716,
698.256,929.336736,
698.45,906.633922,
698.644,922.467898,
698.839,922.186002,
699.033,953.288628,
699.227,966.212416,
699.421,944.048272,
699.615,952.112918,
699.809,940.70958,
700.003,1004.107898,
700.197,980.560974,
700.391,1002.12897,
700.585,1003.410568,
700.779,978.970918,
700.973,1024.382352,
701.167,982.848476,
701.361,1010.460176,
701.555,1009.47171,
701.749,956.646058,
701.943,1016.436324,
702.137,1029.781348,
702.331,1083.317744,
702.525,1051.98653,
702.718,1125.21094,
702.912,1271.024456,
703.106,1707.439016,
703.3,2694.949488,
703.494,4708.576064,
703.687,7520.116268,
703.881,10331.65078,
704.075,13067.23559,
704.269,15420.09989,
704.462,17686.73102,
704.656,19414.67249,
704.85,20905.49058,
705.043,22356.6212,
705.237,23357.72776,
705.431,24395.24149,
705.624,25037.54241,
705.818,25626.20436,
706.012,25989.52416,
706.205,26385.81851,
706.399,26425.61489,
706.592,26990.38621,
706.786,26779.01035,
706.979,27041.94183,
707.173,26793.68353,
707.366,27002.67732,
707.56,27153.39543,
707.753,27108.24946,
707.947,27093.49038,
708.14,27110.66627,
708.333,27010.48191,
708.527,26942.10304,
708.72,26839.43705,
708.914,26969.69117,
709.107,26691.9013,
709.3,26326.02917,
709.494,26097.57457,
709.687,25915.3778,
709.88,25958.30422,
710.073,25992.17957,
710.267,25790.43449,
710.46,25612.36298,
710.653,25605.90776,
710.846,25453.9352,
711.04,25256.74341,
711.233,24840.65051,
711.426,24480.50545,
711.619,23961.57916,
711.812,23296.77811,
712.005,21850.46123,
712.198,18988.16648,
712.391,16087.20461,
712.585,13850.35657,
712.778,12503.5912,
712.971,11570.32595,
713.164,10717.85591,
713.357,9912.557188,
713.55,9258.213392,
713.743,8489.569512,
713.936,7982.38029,
714.129,7379.324546,
714.322,6763.347802,
714.514,6167.407158,
714.707,5553.534532,
714.9,4863.243662,
715.093,4296.955116,
715.286,3756.48755,
715.479,3356.300884,
715.672,2843.916724,
715.864,2462.131022,
716.057,2273.106212,
716.25,2120.747572,
716.443,2006.62769,
716.636,1931.877214,
716.828,1924.070034,
717.021,1931.36532,
717.214,1834.492206,
717.406,1839.827942,
717.599,1840.603812,
717.792,1850.062448,
717.984,1769.624984,
718.177,1750.024914,
718.37,1741.178974,
718.562,1711.235388,
718.755,1721.256894,
718.947,1664.926286,
719.14,1623.751164,
719.333,1632.58651,
719.525,1556.501006,
719.718,1655.267792,
719.91,1575.299094,
720.103,1593.460398,
720.295,1558.086162,
720.487,1552.649262,
720.68,1518.910844,
720.872,1500.694468,
721.065,1442.724274,
721.257,1461.245254,
721.449,1391.240834,
721.642,1396.457178,
721.834,1407.828644,
722.026,1430.43131,
722.219,1418.91239,
722.411,1436.104418,
722.603,1414.766122,
722.796,1448.746952,
722.988,1402.49558,
723.18,1459.972714,
723.372,1462.707996,
723.565,1502.589476,
723.757,1572.038052,
723.949,1587.310592,
724.141,1558.648432,
724.333,1613.343068,
724.525,1627.632516,
724.717,1744.922888,
724.91,1920.018144,
725.102,2317.432904,
725.294,3018.626564,
725.486,3630.352438,
725.678,4325.005142,
725.87,4876.04948,
726.062,5287.450832,
726.254,5709.607772,
726.446,6055.54205,
726.638,6415.966,
726.83,6597.851354,
727.022,6929.76991,
727.213,7119.610888,
727.405,7249.07349,
727.597,7366.58734,
727.789,7441.155546,
727.981,7519.081286,
728.173,7543.177408,
728.365,7539.117952,
728.556,7605.229316,
728.748,7506.752592,
728.94,7561.742216,
729.132,7537.798438,
729.324,7495.988388,
729.515,7445.007884,
729.707,7414.210406,
729.899,7478.427532,
730.09,7508.67475,
730.282,7392.512938,
730.474,7388.71244,
730.665,7269.4692,
730.857,7262.588054,
731.049,7231.21547,
731.24,7259.903392,
731.432,7189.943134,
731.623,7220.01462,
731.815,7171.767644,
732.006,7176.406356,
732.198,7034.11015,
732.389,7085.05253,
732.581,7049.70983,
732.772,6990.759632,
732.964,6876.380964,
733.155,6864.865888,
733.347,6858.835248,
733.538,6579.730438,
733.729,6027.867108,
733.921,5440.175658,
734.112,4868.075514,
734.304,4534.483664,
734.495,4190.728322,
734.686,4001.438538,
734.877,3863.435434,
735.069,3638.040592,
735.26,3519.644322,
735.451,3465.157038,
735.643,3302.522778,
735.834,3252.29108,
736.025,3165.548624,
736.216,3071.468436,
736.407,2881.80281,
736.599,2813.960572,
736.79,2666.639278,
736.981,2649.04702,
737.172,2561.656432,
737.363,2470.202484,
737.554,2377.708048,
737.745,2341.135874,
737.936,2302.102248,
738.127,2255.950786,
738.318,2277.021042,
738.509,2247.955588,
738.7,2242.063174,
738.891,2248.128614,
739.082,2234.905182,
739.273,2184.987718,
739.464,2143.378166,
739.655,2248.085308,
739.846,2165.36741,
740.037,2204.883996,
740.228,2175.12435,
740.419,2135.06783,
740.609,2068.51251,
740.8,2096.407582,
740.991,2054.832916,
741.182,2026.588492,
741.373,2062.670248,
741.563,2009.599174,
741.754,1994.283192,
741.945,1996.903772,
742.136,2011.12729,
742.326,2002.125314,
742.517,2003.159794,
742.708,2040.790514,
742.898,1952.579668,
743.089,1991.60125,
743.28,1973.814474,
743.47,1969.89058,
743.661,1981.281118,
743.851,1987.296244,
744.042,2061.350856,
744.233,2058.879428,
744.423,2112.515978,
744.614,2131.94251,
744.804,2180.239184,
744.995,2220.306542,
745.185,2179.010228,
745.376,2289.479198,
745.566,2357.14186,
745.756,2363.760936,
745.947,2429.690832,
746.137,2489.191976,
746.328,2455.257014,
746.518,2558.00725,
746.708,2560.284618,
746.899,2583.020902,
747.089,2653.602678,
747.279,2696.190614,
747.47,2720.799732,
747.66,2775.698038,
747.85,2832.638322,
748.04,2948.481096,
748.231,2999.882732,
748.421,3000.009432,
748.611,3079.010578,
748.801,3092.885184,
748.991,3124.97521,
749.182,3169.102388,
749.372,3173.185988,
749.562,3210.806082,
749.752,3202.432476,
749.942,3196.71943,
750.132,3164.86994,
750.322,3162.006792,
750.512,3052.233492,
750.702,3138.401838,
750.892,3075.586416,
751.082,3006.540796,
751.272,2985.800738,
751.462,2965.31948,
751.652,2908.720336,
751.842,2856.525162,
752.032,2784.913366,
752.222,2798.898466,
752.412,2714.235532,
752.602,2590.864452,
752.792,2535.652288,
752.981,2469.12075,
753.171,2414.148156,
753.361,2362.980396,
753.551,2311.646062,
753.741,2233.048372,
753.93,2179.847786,
754.12,2158.585652,
754.31,2120.146182,
754.5,2083.455046,
754.689,2042.469078,
754.879,1996.07594,
755.069,1951.239548,
755.258,1919.91494,
755.448,1908.273504,
755.638,1913.22141,
755.827,1851.37363,
756.017,1788.365378,
756.206,1748.136044,
756.396,1745.758838,
756.586,1657.61468,
756.775,1683.723634,
756.965,1656.378222,
757.154,1682.022858,
757.344,1592.838704,
757.533,1605.33006,
757.723,1581.04604,
757.912,1624.996268,
758.101,1693.530514,
758.291,1732.869328,
758.48,1720.859964,
758.67,1739.350286,
758.859,1777.043786,
759.048,1824.405176,
759.238,1843.739784,
759.427,1849.832722,
759.616,1898.995344,
759.806,1934.128802,
759.995,1970.190896,
760.184,1974.065298,
760.373,1990.769734,
760.563,2070.799836,
760.752,2086.866504,
760.941,2155.793166,
761.13,2161.550604,
761.319,2209.97904,
761.509,2225.948896,
761.698,2223.862182,
761.887,2266.35833,
762.076,2275.744364,
762.265,2219.575262,
762.454,2289.242172,
762.643,2227.946696,
762.832,2222.58844,
763.021,2183.674068,
763.21,2199.513406,
763.399,2169.086624,
763.588,2119.600584,
763.777,2104.732776,
763.966,2127.516886,
764.155,2082.202538,
764.344,2027.540654,
764.533,1959.55293,
764.722,1963.696212,
764.911,1918.321786,
765.1,1903.91888,
765.288,1868.009702,
765.477,1830.8399,
765.666,1793.037104,
765.855,1779.243132,
766.044,1698.185652,
766.232,1700.368444,
766.421,1668.854172,
766.61,1623.430126,
766.799,1552.747534,
766.987,1526.507522,
767.176,1509.113852,
767.365,1524.479322,
767.553,1509.595272,
767.742,1461.589056,
767.931,1472.541076,
768.119,1480.578712,
768.308,1416.596604,
768.497,1490.438248,
768.685,1491.0674,
768.874,1473.443292,
769.062,1454.614664,
769.251,1431.08126,
769.439,1433.291156,
769.628,1459.244852,
769.816,1440.837698,
770.005,1458.613198,
770.193,1517.206562,
770.382,1556.743584,
770.57,1536.199088,
770.758,1553.840924,
770.947,1582.031232,
771.135,1678.103836,
771.323,1691.329028,
771.512,1724.51929,
771.7,1701.0573,
771.888,1743.150416,
772.077,1848.886572,
772.265,1831.91313,
772.453,1879.730112,
772.642,1894.298792,
772.83,1891.954354,
773.018,1981.0657,
773.206,1957.731028,
773.394,1939.290104,
773.583,2054.324556,
773.771,2025.22022,
773.959,2020.224496,
774.147,2062.64092,
774.335,2135.81972,
774.523,2133.900634,
774.711,2313.928226,
774.899,2445.276346,
775.087,2553.626976,
775.275,2685.285206,
775.463,2750.649376,
775.651,2879.96944,
775.839,3001.392454,
776.027,3044.33104,
776.215,3018.662186,
776.403,3020.69337,
776.591,3110.785246,
776.779,3138.908628,
776.967,3065.867216,
777.155,3130.02319,
777.343,3089.790204,
777.531,3093.384866,
777.718,3032.607582,
777.906,3051.000358,
778.094,2984.134602,
778.282,2921.61759,
778.47,2939.79555,
778.657,2903.864628,
778.845,2803.951476,
779.033,2780.657516,
779.22,2755.408692,
779.408,2749.648568,
779.596,2714.286004,
779.783,2637.994586,
779.971,2569.983362,
780.159,2591.611358,
780.346,2528.073356,
780.534,2550.893292,
780.722,2473.89412,
780.909,2431.747282,
781.097,2373.430944,
781.284,2367.723796,
781.472,2297.783816,
781.659,2308.672974,
781.847,2313.475552,
782.034,2266.518376,
782.222,2258.181642,
782.409,2195.102878,
782.597,2111.748206,
782.784,2130.639754,
782.971,1966.822152,
783.159,1942.277426,
783.346,1743.90095,
783.533,1605.391106,
783.721,1513.994912,
783.908,1416.740322,
784.095,1315.108712,
784.283,1277.282176,
784.47,1211.498378,
784.657,1189.155306,
784.844,1091.19479,
785.032,1120.47379,
785.219,1092.960242,
785.406,1060.236982,
785.593,1017.98725,
785.78,1034.106554,
785.968,967.183352,
786.155,953.090332,
786.342,942.635778,
786.529,969.919568,
786.716,899.4369,
786.903,879.505672,
787.09,898.399592,
787.277,883.67846,
787.464,879.408888,
787.651,903.129626,
787.838,875.645186,
788.025,964.123976,
788.212,824.034734,
788.399,901.95642,
788.586,840.181092,
788.773,864.832104,
788.96,869.89606,
789.147,813.505716,
789.334,858.908834,
789.521,827.057794,
789.707,844.573068,
789.894,827.921536,
790.081,786.152084,
790.268,832.33383,
790.455,840.304876,
790.641,835.428166,
790.828,816.077046,
791.015,798.962946,
791.202,817.311878,
791.388,813.034202,
791.575,789.852354,
791.762,774.71074,
791.948,740.604474,
792.135,791.634496,
792.322,744.871528,
792.508,719.437846,
792.695,714.668292,
792.881,749.020906,
793.068,746.634222,
793.254,721.226424,
793.441,742.304454,
793.627,739.576672,
793.814,711.0651,
794,711.20918,
794.187,701.14348,
794.373,718.733382,
794.56,691.845698,
794.746,699.363658,
794.933,619.205144,
795.119,636.015922,
795.305,633.078722,
795.492,614.765468,
795.678,595.020288,
795.864,598.744746,
796.051,571.901754,
796.237,588.799048,
796.423,581.077392,
796.61,519.677722,
796.796,549.43885,
796.982,578.70832,
797.168,563.453524,
797.355,558.523838,
797.541,516.676514,
797.727,576.87818,
797.913,515.845018,
798.099,507.494934,
798.285,521.269882,
798.471,542.768168,
798.658,573.973486,
798.844,537.951294,
799.03,557.407352,
799.216,565.942884,
799.402,556.995344,
799.588,596.0781,
799.774,546.848072,
799.96,587.61748,
800.146,547.097842,
800.332,585.544648,
800.518,549.62989,
800.704,571.738996,
800.89,565.231546,
801.075,553.365478,
801.261,551.237932,
801.447,531.677944,
801.633,554.931246,
801.819,514.178692,
802.005,512.724956,
802.19,543.024108,
802.376,523.682292,
802.562,497.93864,
802.748,532.358726,
802.934,538.213276,
803.119,499.65367,
803.305,504.731496,
803.491,494.302634,
803.676,540.588636,
803.862,500.274962,
804.048,470.385634,
804.233,471.962218,
804.419,487.203194,
804.605,455.687176,
804.79,445.254272,
804.976,509.116202,
805.161,471.76962,
805.347,477.604842,
805.532,450.327964,
805.718,447.327342,
805.903,458.828522,
806.089,435.631826,
806.274,410.24607,
806.46,434.847468,
806.645,400.535094,
806.831,443.265162,
807.016,429.62928,
807.201,395.930604,
807.387,363.775178,
807.572,421.955374,
807.757,392.234038,
807.943,380.212452,
808.128,401.546298,
808.313,384.124624,
808.499,385.717922,
808.684,394.5216,
808.869,468.542018,
809.054,546.774734,
809.24,550.225486,
809.425,557.090244,
809.61,614.57305,
809.795,725.004604,
809.98,701.33089,
810.165,643.642172,
810.35,718.512974,
810.536,720.593888,
810.721,737.368238,
810.906,763.006174,
811.091,715.556066,
811.276,718.838102,
811.461,702.322672,
811.646,745.068648,
811.831,755.597884,
812.016,734.8796,
812.201,720.426608,
812.386,730.30819,
812.571,774.701764,
812.756,737.628574,
812.941,773.14186,
813.125,753.891164,
813.31,740.501666,
813.495,736.034908,
813.68,730.456254,
813.865,724.128534,
814.05,739.32664,
814.234,720.878998,
814.419,709.009776,
814.604,686.118042,
814.789,691.468314,
814.973,711.8125,
815.158,706.261988,
815.343,649.178028,
815.528,679.637698,
815.712,716.605354,
815.897,673.640666,
816.081,639.882762,
816.266,686.54147,
816.451,681.232232,
816.635,704.168056,
816.82,674.148072,
817.004,633.549938,
817.189,590.013636,
817.374,507.35827,
817.558,497.388468,
817.743,504.771256,
817.927,442.917164,
818.111,410.93439,
818.296,427.27004,
818.48,373.375168,
818.665,397.016138,
818.849,377.653796,
819.034,335.730896,
819.218,372.888662,
819.402,336.667666,
819.587,350.091304,
819.771,364.234648,
819.955,361.346502,
820.14,346.69211,
820.324,327.296362,
820.508,378.40897,
820.692,382.544184,
820.877,336.246898,
821.061,321.373256,
821.245,344.634054,
821.429,355.603514,
821.613,339.360266,
821.798,315.604976,
821.982,328.75682,
822.166,343.387696,
822.35,375.667818,
822.534,420.29796,
822.718,362.044208,
822.902,359.839074,
823.086,338.427028,
823.27,369.817184,
823.454,352.377496,
823.638,351.914782,
823.822,362.852568,
824.006,391.843984,
824.19,371.773388,
824.374,340.445622,
824.558,392.02002,
824.742,356.564816,
824.926,337.791142,
825.11,357.108556,
825.294,352.9245,
825.477,390.462758,
825.661,347.218502,
825.845,366.966898,
826.029,372.722606,
826.213,374.048216,
826.396,341.936924,
826.58,350.833672,
826.764,369.492852,
826.948,331.18805,
827.131,359.98836,
827.315,326.391636,
827.499,330.221604,
827.682,328.817694,
827.866,313.93835,
828.05,287.258594,
828.233,329.79015,
828.417,297.299474,
828.6,280.830676,
828.784,307.375892,
828.967,281.140666,
829.151,328.523958,
829.335,295.822184,
829.518,267.53017,
829.701,284.56318,
829.885,226.158372,
830.068,263.742228,
830.252,253.900432,
830.435,249.272044,
830.619,295.153162,
830.802,255.384264,
830.985,239.468714,
831.169,306.841232,
831.352,237.952826,
831.535,238.821638,
831.719,283.302618,
831.902,274.458812,
832.085,273.235296,
832.269,286.57595,
832.452,254.690978,
832.635,239.976732,
832.818,235.179544,
833.002,250.160732,
833.185,223.677038,
833.368,246.205246,
833.551,197.23465,
833.734,192.455134,
833.917,230.839282,
834.1,241.746978,
834.284,200.224504,
834.467,202.460416,
834.65,230.509242,
834.833,230.66168,
835.016,206.084374,
835.199,175.015724,
835.382,206.628288,
835.565,246.73868,
835.748,226.08211,
835.931,157.927434,
836.114,180.404284,
836.297,202.526434,
836.479,229.618474,
836.662,186.057618,
836.845,219.091678,
837.028,192.405246,
837.211,164.897664,
837.394,188.446268,
837.577,202.119796,
837.759,209.985034,
837.942,228.72147,
838.125,199.802532,
838.308,190.385054,
838.49,207.293682,
838.673,333.26527,
838.856,214.158654,
839.039,208.839212,
839.221,216.297776,
839.404,202.436166,
839.587,216.811314,
839.769,253.74103,
839.952,270.484914,
840.134,244.596112,
840.317,289.778536,
840.499,290.288222,
840.682,279.43093,
840.865,263.48002,
841.047,304.368496,
841.23,266.15065,
841.412,302.01963,
841.595,247.33107,
841.777,290.324798,
841.959,315.067036,
842.142,321.772444,
842.324,400.54732,
842.507,367.879274,
842.689,414.547198,
842.871,421.499756,
843.054,424.459,
843.236,429.150126,
843.418,472.67131,
843.601,439.849016,
843.783,462.042024,
843.965,464.559704,
844.147,456.198164,
844.33,431.455222,
844.512,476.065678,
844.694,516.022952,
844.876,485.041124,
845.059,461.909196,
845.241,489.088284,
845.423,490.658004,
845.605,497.253898,
845.787,508.356158,
845.969,523.527972,
846.151,525.82106,
846.333,493.878704,
846.515,516.337774,
846.697,526.703868,
846.879,522.144862,
847.061,455.22481,
847.243,474.116128,
847.425,499.716028,
847.607,457.95812,
847.789,457.09966,
847.971,454.68844,
848.153,477.972074,
848.335,483.897114,
848.517,435.586142,
848.699,460.199728,
848.881,475.31777,
849.062,468.206858,
849.244,403.322418,
849.426,430.715236,
849.608,465.841826,
849.789,453.251024,
849.971,452.325854,
850.153,425.425566,
850.335,465.073234,
850.516,374.03111,
850.698,400.39022,
850.88,384.565412,
851.061,325.767756,
851.243,313.596062,
851.425,321.926508,
851.606,324.092462,
851.788,313.005958,
851.969,350.20379,
852.151,319.710246,
852.333,331.526534,
852.514,313.663338,
852.696,276.996844,
852.877,285.215514,
853.059,320.926702,
853.24,317.084374,
853.422,298.503854,
853.603,328.508852,
853.784,263.185936,
853.966,256.64376,
854.147,282.487872,
854.329,316.702734,
854.51,318.114936,
854.691,293.333084,
854.873,325.148568,
855.054,275.806018,
855.235,314.366192,
855.416,272.501242,
855.598,272.666346,
855.779,266.88648,
855.96,258.071224,
856.141,295.715224,
856.323,262.747492,
856.504,278.337182,
856.685,263.273578,
856.866,241.58921,
857.047,313.828986,
857.228,272.931768,
857.409,255.588022,
857.591,261.632022,
857.772,286.664778,
857.953,275.98857,
858.134,264.051506,
858.315,298.576332,
858.496,224.609482,
858.677,225.571742,
858.858,237.762562,
859.039,206.92882,
859.22,245.467364,
859.401,235.82998,
859.582,174.76777,
859.762,243.073144,
859.943,185.422134,
860.124,218.936598,
860.305,207.394864,
860.486,217.123254,
860.667,203.077924,
860.848,181.564126,
861.028,218.468562,
861.209,214.147182,
861.39,233.002452,
861.571,251.55471,
861.751,215.636212,
861.932,225.40195,
862.113,260.436338,
862.293,259.958826,
862.474,238.111454,
862.655,265.92794,
862.835,278.847144,
863.016,263.814908,
863.197,257.347034,
863.377,330.301404,
863.558,293.29177,
863.738,283.673656,
863.919,349.6359,
864.099,334.142232,
864.28,353.330756,
864.46,362.928606,
864.641,317.11815,
864.821,386.821118,
865.002,398.203468,
865.182,370.006852,
865.363,430.71112,
865.543,425.997554,
865.723,483.889646,
865.904,463.050848,
866.084,518.408402,
866.264,562.36897,
866.445,586.961768,
866.625,598.246964,
866.805,600.916232,
866.986,622.40994,
867.166,651.194008,
867.346,705.941008,
867.526,682.058656,
867.707,705.139302,
867.887,695.718966,
868.067,699.593932,
868.247,770.028532,
868.427,756.241458,
868.607,778.174642,
868.788,774.765254,
868.968,831.751336,
869.148,841.564318,
869.328,798.427054,
869.508,814.81798,
869.688,833.195996,
869.868,876.553718,
870.048,837.237616,
870.228,868.183476,
870.408,909.375794,
870.588,843.607168,
870.768,889.91638,
870.948,837.475488,
871.128,855.066934,
871.307,864.84626,
871.487,861.83563,
871.667,862.191582,
871.847,855.404484,
872.027,852.32968,
872.207,837.062996,
872.387,819.217492,
872.566,839.748312,
872.746,802.353114,
872.926,840.076856,
873.106,778.88729,
873.285,796.170616,
873.465,772.14565,
873.645,746.355812,
873.824,736.940534,
874.004,702.75335,
874.184,696.906144,
874.363,648.142762,
874.543,667.078566,
874.723,517.078124,
874.902,554.856508,
875.082,527.541516,
875.261,510.09113,
875.441,499.039856,
875.62,466.30318,
875.8,476.43074,
875.979,434.833762,
876.159,408.544648,
876.338,404.593468,
876.518,396.39217,
876.697,417.364128,
876.876,364.301518,
877.056,386.065054,
877.235,346.602294,
877.415,323.306926,
877.594,345.91656,
877.773,292.112098,
877.953,331.683268,
878.132,262.196398,
878.311,217.559182,
878.49,277.44858,
878.67,247.974938,
878.849,155.743876,
879.028,183.971394,
879.207,205.261424,
879.387,216.86996,
879.566,214.384094,
879.745,180.715404,
879.924,217.700944,
880.103,194.613472,
880.282,206.086702,
880.461,231.896268,
880.64,254.743366,
880.819,251.812292,
880.998,215.901708,
881.178,238.293454,
881.357,235.528762,
881.536,244.704766,
881.715,258.256888,
881.893,329.088336,
882.072,249.70553,
882.251,302.89818,
882.43,292.885714,
882.609,300.486634,
882.788,322.895818,
882.967,332.397932,
883.146,336.46573,
883.325,373.907116,
883.503,414.373796,
883.682,389.705466,
883.861,404.866698,
884.04,384.037876,
884.219,478.928912,
884.397,475.884596,
884.576,455.084746,
884.755,539.961676,
884.933,504.936586,
885.112,534.260028,
885.291,496.391208,
885.469,529.549744,
885.648,569.905924,
885.827,586.624632,
886.005,564.59635,
886.184,640.901714,
886.363,616.712274,
886.541,614.633634,
886.72,665.902284,
886.898,665.997174,
887.077,675.67707,
887.255,649.4058,
887.434,721.330226,
887.612,758.400002,
887.791,712.44164,
887.969,744.301936,
888.147,784.641216,
888.326,731.93888,
888.504,748.49695,
888.682,801.162838,
888.861,771.261604,
889.039,795.897558,
889.218,783.63787,
889.396,810.198952,
889.574,800.70082,
889.752,802.533114,
889.931,768.65148,
890.109,810.334748,
890.287,791.82156,
890.465,805.248332,
890.643,814.391166,
890.822,780.55599,
891,768.572332,
891.178,763.570488,
891.356,741.560652,
891.534,758.615902,
891.712,745.24572,
891.89,679.459828,
892.068,767.462552,
892.247,668.703778,
892.425,709.080464,
892.603,677.216312,
892.781,647.518434,
892.959,589.226066,
893.137,665.32528,
893.314,667.33681,
893.492,636.67631,
893.67,625.037454,
893.848,570.546388,
894.026,610.11724,
894.204,564.631096,
894.382,549.441212,
894.56,527.447952,
894.738,505.652748,
894.915,501.048124,
895.093,520.644064,
895.271,464.406598,
895.449,427.001712,
895.626,439.618528,
895.804,449.67304,
895.982,404.538614,
896.16,342.742648,
896.337,369.97534,
896.515,389.092658,
896.693,358.542094,
896.87,330.927892,
897.048,307.291162,
897.225,289.088162,
897.403,233.396324,
897.581,248.857788,
897.758,273.27714,
897.936,210.816576,
898.113,191.90318,
898.291,216.427962,
898.468,183.488584,
898.646,201.175646,
898.823,171.039686,
899.001,195.38425,
899.178,167.814536,
899.356,155.57038,
899.533,110.80648,
899.71,97.473062,
899.888,153.579052,
900.065,133.282094,
900.242,100.512116,
900.42,107.430696,
900.597,118.394286,
900.774,98.229474,
900.952,83.464982,
901.129,75.788512,
901.306,91.596828,
901.483,115.911934,
901.661,81.427418,
901.838,72.191928,
902.015,85.723904,
902.192,53.481936,
902.369,82.40067,
902.546,57.064076,
902.723,56.839832,
902.901,95.438164,
903.078,81.255742,
903.255,75.610086,
903.432,68.849764,
903.609,77.552382,
903.786,84.846388,
903.963,25.98241,
904.14,48.483426,
904.317,55.068678,
904.494,82.841974,
904.671,66.34776,
904.848,75.368622,
905.024,52.353594,
905.201,62.953828,
905.378,42.233434,
905.555,78.050946,
905.732,21.017474,
905.909,131.719328,
906.086,46.881198,
906.262,58.446272,
906.439,58.61786,
906.616,44.909246,
906.793,105.13472,
906.969,59.601682,
907.146,53.432492,
907.323,67.433366,
907.5,69.705076,
907.676,83.714174,
907.853,70.330034,
908.03,64.251726,
908.206,63.378444,
908.383,103.517156,
908.559,84.122022,
908.736,77.766808,
908.912,98.996982,
909.089,110.87218,
909.266,107.218066,
909.442,79.381284,
909.619,100.831932,
909.795,111.331692,
909.972,133.896606,
910.148,87.353368,
910.324,109.565586,
910.501,148.569854,
910.677,127.178594,
910.854,140.598752,
911.03,131.98977,
911.206,168.857004,
911.383,147.66752,
911.559,132.74128,
911.735,157.113916,
911.912,163.519452,
912.088,126.971722,
912.264,143.827564,
912.44,149.758736,
912.617,169.514806,
912.793,167.71463,
912.969,157.663106,
913.145,146.7687,
913.321,190.88958,
913.498,209.52203,
913.674,156.600566,
913.85,185.354494,
914.026,144.825348,
914.202,179.767552,
914.378,176.954324,
914.554,163.538248,
914.73,156.99547,
914.906,170.993128,
915.082,204.721186,
915.258,192.674242,
915.434,219.569098,
915.61,201.997296,
915.786,197.416162,
915.962,174.356004,
916.138,169.92844,
916.314,163.837256,
916.49,207.557342,
916.665,209.919162,
916.841,174.455568,
917.017,231.343056,
917.193,192.55666,
917.369,187.421426,
917.545,153.631446,
917.72,156.679004,
917.896,196.892396,
918.072,166.395168,
918.247,198.685834,
918.423,192.086254,
918.599,164.118172,
918.775,164.81498,
918.95,150.18125,
919.126,177.105102,
919.301,95.640388,
919.477,141.500918,
919.653,182.342234,
919.828,127.155126,
920.004,175.4302,
920.179,166.803396,
920.355,209.735568,
920.53,154.573684,
920.706,149.732222,
920.881,148.916566,
921.057,157.954182,
921.232,146.841552,
921.408,150.438974,
921.583,176.74067,
921.759,138.154264,
921.934,99.327344,
922.109,147.976764,
922.285,159.107618,
922.46,137.887668,
922.635,130.729554,
922.811,142.783846,
922.986,148.337234,
923.161,123.410982,
923.336,137.505404,
923.512,133.765706,
923.687,128.884722,
923.862,103.484718,
924.037,92.824454,
924.212,131.40016,
924.388,91.084412,
924.563,117.194306,
924.738,113.300042,
924.913,114.818728,
925.088,91.28902,
925.263,125.102232,
925.438,107.390762,
925.613,107.18458,
925.788,56.14934,
925.963,107.324196,
926.138,105.976116,
926.313,134.909494,
926.488,108.479962,
926.663,39.658316,
926.838,118.776124,
927.013,68.764964,
927.188,109.89468,
927.363,88.691212,
927.538,92.700864,
927.713,109.62604,
927.888,98.819832,
928.062,67.392332,
928.237,71.878242,
928.412,101.784592,
928.587,67.432612,
928.761,65.383428,
928.936,72.42578,
929.111,52.355636,
929.286,92.243344,
929.46,60.44721,
929.635,118.286092,
929.81,77.226176,
929.984,28.018658,
930.159,90.012158,
930.334,58.253602,
930.508,71.604286,
930.683,76.067496,
930.857,89.173366,
931.032,73.797012,
931.206,78.340142,
931.381,58.904494,
931.556,32.51997,
931.73,62.72118,
931.904,20.119436,
932.079,27.53869,
932.253,33.171984,
932.428,89.868978,
932.602,74.722112,
932.777,51.9192,
932.951,66.826728,
933.125,23.932272,
933.3,11.083314,
933.474,41.77875,
933.648,9.754126,
933.823,68.383564,
933.997,55.102144,
934.171,49.895878,
934.345,84.223322,
934.52,62.346374,
934.694,39.527028,
934.868,54.666942,
935.042,58.69442,
935.217,58.921648,
935.391,48.789314,
935.565,45.366644,
935.739,62.938566,
935.913,46.725752,
936.087,66.083348,
936.261,48.534696,
936.435,52.33854,
936.609,92.303786,
936.783,36.344706,
936.957,73.068632,
937.131,105.059892,
937.305,127.867928,
937.479,71.321432,
937.653,55.296826,
937.827,86.800074,
938.001,108.237536,
938.175,111.397906,
938.349,109.563862,
938.523,114.533504,
938.697,77.98909,
938.87,136.389184,
939.044,121.553196,
939.218,77.744648,
939.392,132.459164,
939.566,106.888414,
939.739,100.670854,
939.913,175.898408,
940.087,109.92157,
940.261,94.84191,
940.434,117.697412,
940.608,129.711058,
940.782,134.205496,
940.955,123.512806,
941.129,128.81367,
941.302,121.091286,
941.476,118.191808,
941.65,146.655642,
941.823,144.920422,
941.997,94.74535,
942.17,153.128566,
942.344,144.694864,
942.517,114.964954,
942.691,123.456762,
942.864,125.934634,
943.038,118.222804,
943.211,120.98918,
943.385,138.37908,
943.558,125.839652,
943.731,135.764014,
943.905,135.831908,
944.078,125.493998,
944.251,137.239706,
944.425,160.581682,
944.598,105.2078,
944.771,156.493186,
944.945,129.292634,
945.118,130.728246,
945.291,104.983224,
945.464,114.4963,
945.638,93.543858,
945.811,106.050874,
945.984,91.466358,
946.157,64.879046,
946.33,73.069858,
946.503,96.002946,
946.677,55.932426,
946.85,126.593704,
947.023,94.730332,
947.196,87.25156,
947.369,75.753848,
947.542,73.052728,
947.715,100.539916,
947.888,76.449744,
948.061,81.370086,
948.234,64.27075,
948.407,71.272948,
948.58,67.044782,
948.753,58.875628,
948.926,70.85947,
949.099,66.36558,
949.271,81.69159,
949.444,21.672896,
949.617,44.032864,
949.79,89.623314,
949.963,45.823686,
950.136,58.916228,
950.308,21.025224,
950.481,42.888714,
950.654,62.318256,
950.827,40.438666,
950.999,63.89478,
951.172,42.20776,
951.345,60.49536,
951.517,55.067946,
951.69,68.702256,
951.863,21.698012,
952.035,33.883198,
952.208,52.381474,
952.381,53.554846,
952.553,32.99152,
952.726,22.371252,
952.898,54.67744,
953.071,51.69411,
953.243,30.274558,
953.416,29.6231,
953.588,54.627032,
953.761,30.062134,
953.933,45.202368,
954.106,64.168094,
954.278,43.343048,
954.45,35.210974,
954.623,47.671104,
954.795,37.302614,
954.967,-3.778166,
955.14,41.129198,
955.312,-7.16207,
955.484,35.445924,
955.657,19.230852,
955.829,32.746794,
956.001,-4.460836,
956.173,-6.262726,
956.346,56.938388,
956.518,46.771928,
956.69,17.883444,
956.862,22.392678,
957.034,-9.638938,
957.207,41.136394,
957.379,4.558168,
957.551,27.122532,
957.723,46.258796,
957.895,29.382552,
958.067,56.446192,
958.239,9.303734,
958.411,53.077712,
958.583,14.702528,
958.755,51.935152,
958.927,40.661404,
959.099,19.662996,
959.271,55.110176,
959.443,23.510198,
959.615,34.337444,
959.787,42.417978,
959.959,48.32434,
960.13,58.955674,
960.302,70.86561,
960.474,0.95491,
960.646,79.975134,
960.818,64.105818,
960.99,78.755402,
961.161,19.44723,
961.333,39.71918,
961.505,-3.102428,
961.677,63.376924,
961.848,40.205212,
962.02,43.373942,
962.192,37.97091,
962.363,72.26144,
962.535,73.105364,
962.707,43.134328,
962.878,59.827368,
963.05,42.233444,
963.221,8.395182,
963.393,48.492926,
963.564,29.56446,
963.736,86.914106,
963.907,50.10164,
964.079,85.078392,
964.25,95.753276,
964.422,57.084564,
964.593,53.956736,
964.765,32.2949,
964.936,45.792794,
965.108,43.343932,
965.279,61.13652,
965.45,77.846998,
965.622,76.505698,
965.793,69.304584,
965.964,75.151106,
966.136,50.780508,
966.307,49.239068,
966.478,79.894982,
966.65,34.57166,
966.821,71.100628,
966.992,62.50871,
967.163,58.901456,
967.334,46.703512,
967.506,69.292988,
967.677,90.937636,
967.848,45.777748,
968.019,38.149158,
968.19,35.222044,
968.361,83.770428,
968.532,95.700728,
968.703,52.12793,
968.874,41.742876,
969.045,51.891098,
969.216,32.520322,
969.387,23.50778,
969.558,85.528738,
969.729,74.699624,
969.9,71.813054,
970.071,26.882772,
970.242,56.200004,
970.413,30.702628,
970.584,10.863948,
970.755,66.170968,
970.926,32.300084,
971.097,70.395892,
971.267,15.386788,
971.438,37.26739,
971.609,11.32952,
971.78,61.160328,
971.951,94.860836,
972.121,74.076726,
972.292,38.601156,
972.463,65.492508,
972.633,26.202248,
972.804,36.806528,
972.975,16.506798,
973.145,22.604788,
973.316,28.930984,
973.487,51.740858,
973.657,64.600172,
973.828,41.552226,
973.998,29.602708,
974.169,60.994644,
974.339,42.487988,
974.51,17.420624,
974.68,29.13633,
974.851,22.614644,
975.021,22.393032,
975.192,-8.50908,
975.362,32.518514,
975.533,30.296376,
975.703,60.30837,
975.874,24.84526,
976.044,42.938822,
976.214,11.101748,
976.385,54.631448,
976.555,12.677438,
976.725,53.303668,
976.896,9.756356,
977.066,49.051642,
977.236,33.669794,
977.406,25.299664,
977.577,42.940632,
977.747,28.911926,
977.917,10.655638,
978.087,114.759016,
978.257,43.581634,
978.427,9.071972,
978.598,-7.611524,
978.768,22.394022,
978.938,-2.653858,
979.108,-2.200066,
979.278,20.777798,
979.448,20.34755,
979.618,48.110496,
979.788,15.615,
979.958,24.421178,
980.128,19.017776,
980.298,0.955368,
980.468,-11.678176,
980.638,-36.904814,
980.808,-22.51477,
980.978,-9.637636,
981.148,16.735856,
981.317,0.497924,
981.487,11.790258,
981.657,-6.490366,
981.827,-9.875156,
981.997,12.24188,
982.167,36.393532,
982.336,52.222852,
982.506,40.22535,
982.676,12.674324,
982.846,7.493428,
983.015,7.924138,
983.185,23.301172,
983.355,14.473452,
983.524,6.36722,
983.694,21.951392,
983.864,14.485758,
984.033,48.60434,
984.203,39.326676,
984.372,-8.072984,
984.542,25.762814,
984.712,25.320048,
984.881,-5.819884,
985.051,31.179152,
985.22,59.4439,
985.39,47.008496,
985.559,20.117592,
985.728,24.405126,
985.898,27.1196,
986.067,63.025362,
986.237,39.069816,
986.406,6.590922,
986.576,8.40169,
986.745,19.90625,
986.914,47.906902,
987.084,34.560504,
987.253,34.13315,
987.422,26.886296,
987.591,49.92612,
987.761,23.289844,
987.93,29.589934,
988.099,30.50987,
988.268,-13.709476,
988.438,23.943602,
988.607,5.243828,
988.776,9.294148,
988.945,8.846358,
989.114,37.96573,
989.283,39.550642,
989.452,39.084508,
989.621,18.765144,
989.791,44.050512,
989.96,74.781548,
990.129,21.465938,
990.298,37.071204,
990.467,49.902034,
990.636,51.98745,
990.805,30.968582,
990.974,46.955004,
991.142,27.366782,
991.311,18.087606,
991.48,90.23937,
991.649,55.316024,
991.818,77.0221,
991.987,58.519052,
992.156,11.545176,
992.325,7.4947,
992.493,-21.600336,
992.662,89.272874,
992.831,42.461966,
993,38.173096,
993.168,35.25833,
993.337,20.1357,
993.506,-14.619044,
993.675,28.713484,
993.843,29.842998,
994.012,42.267644,
994.181,-11.445056,
994.349,13.36097,
994.518,-2.430826,
994.686,2.080968,
994.855,41.093662,
995.024,41.568792,
995.192,58.515992,
995.361,14.94018,
995.529,-0.402644,
995.698,28.71621,
995.866,23.965816,
996.035,21.035094,
996.203,44.738102,
996.371,36.809594,
996.54,-8.973314,
996.708,67.764404,
996.877,8.853182,
997.045,20.151326,
997.213,-5.815276,
997.382,-29.481478,
997.55,32.088932,
997.718,4.561994,
997.887,5.016574,
998.055,26.443918,
998.223,59.43277,
998.391,16.51905,
998.56,21.714376,
998.728,60.76086,
998.896,17.65205,
999.064,49.938184,
999.232,2.305532,
999.401,74.51196,
999.569,23.075604,
999.737,25.116656,
999.905,20.810772,
1000.073,10.433294,
1000.241,-8.529044,
1000.409,-15.739764,
1000.577,34.561606,
1000.745,9.5313,
1000.913,37.737856,
1001.081,12.005566,
1001.249,14.495628,
1001.417,39.530232,
1001.585,28.725574,
1001.753,8.852994,
1001.921,8.858142,
1002.089,6.599896,
1002.256,8.387888,
1002.424,-38.078528,
1002.592,25.334772,
1002.76,36.137766,
1002.928,65.076106,
1003.096,39.77832,
1003.263,35.691148,
1003.431,63.255778,
1003.599,11.56007,
1003.767,35.25403,
1003.934,53.51272,
1004.102,-17.76622,
1004.27,41.116892,
1004.437,16.509916,
1004.605,32.991938,
1004.773,12.900938,
1004.94,21.02416,
1005.108,31.861058,
1005.275,27.347828,
1005.443,16.066492,
1005.61,2.52754,
1005.778,26.893354,
1005.945,18.775388,
1006.113,18.541396,
1006.28,-6.482778,
1006.448,-1.304248,
1006.615,41.771558,
1006.783,28.709696,
1006.95,27.116926,
1007.118,63.905348,
1007.285,34.352346,
1007.452,29.150368,
1007.62,30.498694,
1007.787,50.358562,
1007.954,66.16097,
1008.122,44.67479,
1008.289,41.57268,
1008.456,-1.527998,
1008.623,54.859726,
1008.791,44.943774,
1008.958,76.263524,
1009.125,50.566744,
1009.292,38.18218,
1009.459,59.584952,
1009.627,82.634872,
1009.794,37.243378,
1009.961,43.076202,
1010.128,51.713752,
1010.295,52.794832,
1010.462,51.014864,
1010.629,33.197312,
1010.796,62.751762,
1010.963,35.228656,
1011.13,73.798808,
1011.297,49.42534,
1011.464,42.203526,
1011.631,59.81286,
1011.798,54.360504,
1011.965,67.660632,
1012.132,92.299794,
1012.299,76.023692,
1012.466,53.46014,
1012.633,78.969228,
1012.799,89.58611,
1012.966,59.338602,
1013.133,14.481668,
1013.3,37.02394,
1013.467,45.36424,
1013.633,61.589886,
1013.8,39.706364,
1013.967,47.843622,
1014.134,69.439242,
1014.3,91.834732,
1014.467,88.230968,
1014.634,68.335966,
1014.8,91.137616,
1014.967,63.823172,
1015.134,30.714962,
1015.3,77.573038,
1015.467,64.275518,
1015.633,92.55653,
1015.8,97.942614,
1015.966,32.970296,
1016.133,39.726826,
1016.3,21.441728,
1016.466,45.38522,
1016.632,69.934086,
1016.799,46.517096,
1016.965,57.554756,
1017.132,63.847322,
1017.298,63.180792,
1017.465,31.847536,
1017.631,75.330024,
1017.797,30.944258,
1017.964,24.164522,
1018.13,61.794048,
1018.296,29.37533,
1018.463,39.08472,
1018.629,9.744038,
1018.795,33.89424,
1018.961,-1.74845,
1019.128,19.23148,
1019.294,23.509468,
1019.46,-0.172822,
1019.626,14.724288,
1019.792,-10.317826,
1019.959,70.455196,
1020.125,49.03639,
1020.291,49.24575,
1020.457,0.50272,
1020.623,-22.491364,
1020.789,2.53736,
1020.955,14.274432,
1021.121,43.623772,
1021.287,-2.434456,
1021.453,40.92292,
1021.619,53.795092,
1021.785,17.424966,
1021.951,47.007114,
1022.117,-14.615336,
1022.283,-33.30441,
1022.449,21.92641,
1022.615,0.056116,
1022.781,20.104072,
1022.946,28.91786,
1023.112,11.794456,
1023.278,19.449804,
1023.444,-1.074398,
1023.61,0.0517,
1023.775,-5.35943,
1023.941,16.529618,
1024.107,2.530326,
1024.273,16.08758,
1024.438,-15.295442,
1024.604,20.134496,
1024.77,-22.002738,
1024.935,-29.953884,
1025.101,16.758354,
1025.267,3.658732,
1025.432,30.06683,
1025.598,25.121796,
1025.763,13.354782,
1025.929,54.011952,
1026.095,44.069576,
1026.26,14.494204,
1026.426,-0.626318,
1026.591,-22.270334,
1026.757,12.237316,
1026.922,20.59091,
1027.087,12.685652,
1027.253,27.829374,
1027.418,37.770522,
1027.584,-13.019892,
1027.749,-5.139088,
1027.914,17.413674,
1028.08,14.497132,
1028.245,15.866584,
1028.41,-3.561868,
1028.576,-4.917186,
1028.741,-40.312412,
1028.906,-13.249894,
1029.072,-4.914178,
1029.237,65.733126,
1029.402,22.605562,
1029.567,35.690242,
1029.732,-4.475086,
1029.898,-4.009234,
1030.063,5.470522,
1030.228,-6.716596,
1030.393,-17.985762,
1030.558,-4.684932,
1030.723,-11.905884,
1030.888,9.071526,
1031.053,-8.980128,
1031.218,-25.22648,
1031.383,9.752896,
1031.548,10.651726,
1031.713,20.149186,
1031.878,31.210584,
1032.043,16.536294,
1032.208,-13.2508,
1032.373,26.462634,
1032.538,30.953788,
1032.703,48.818396,
1032.868,-8.744382,
1033.033,15.405894,
1033.198,26.70213,
1033.362,19.902226,
1033.527,7.72656,
1033.692,27.34201,
1033.857,1.859982,
1034.021,-6.951482,
1034.186,21.952738,
1034.351,23.52706,
1034.516,21.034468,
1034.68,10.430754,
1034.845,6.596982,
1035.01,0.94817,
1035.174,12.70251,
1035.339,36.1701,
1035.504,9.530882,
1035.668,19.671154,
1035.833,-10.328134,
1035.997,7.275184,
1036.162,43.634116,
1036.326,37.540992,
1036.491,23.761498,
1036.655,-0.622586,
1036.82,43.372318,
1036.984,-9.635174,
1037.149,14.48343,
1037.313,8.848538,
1037.478,19.23289,
1037.642,-18.672854,
1037.807,30.295228,
1037.971,11.780274,
1038.135,35.025362,
1038.3,22.174628,
1038.464,42.90247,
1038.628,23.300494,
1038.792,25.528444,
1038.957,12.472578,
1039.121,23.283352,
1039.285,-14.83237,
1039.449,20.13284,
1039.614,23.293534,
1039.778,-28.379602,
1039.942,8.400804,
1040.106,25.336192,
1040.27,-18.454316,
1040.434,9.523412,
1040.599,36.404796,
1040.763,39.108808,
1040.927,-5.138274,
1041.091,14.045464,
1041.255,38.430396,
1041.419,36.399684,
1041.583,9.532372,
1041.747,-19.57545,
1041.911,-4.909352,
1042.075,7.038074,
1042.239,-18.45337,
1042.403,25.76658,
1042.567,31.40308,
1042.731,16.722166,
1042.894,16.07463,
1043.058,25.33453,
1043.222,-2.656102,
1043.386,5.010974,
1043.55,9.9865,
1043.714,29.172244,
1043.877,8.623702,
1044.041,10.878526,
1044.205,7.941228,
1044.369,62.815184,
1044.532,-8.293866,
1044.696,12.236664,
1044.86,12.459208,
1045.023,9.28783,
1045.187,13.584554,
1045.351,-32.205134,
1045.514,-13.036014,
1045.678,30.944388,
1045.841,38.419706,
