wavelength_nm,intensity
345.386,-66.64978
345.605,-66.64978
345.824,-66.64978
346.044,-88.10822
346.263,-67.83109
346.482,34.95829
346.701,12.40599
346.92,-34.99347
347.139,-1.12851
347.358,53.02793
347.577,23.66866
347.796,-42.89939
348.015,1.12926
348.234,2.25629
348.453,1.12882
348.672,-30.47582
348.891,-19.18773
349.11,7.89655
349.329,-6.76834
349.548,-13.54664
349.767,46.24053
349.986,47.33643
350.205,6.77043
350.424,-53.08766
350.643,2.25804
350.862,-5.64432
351.08,90.17175
351.299,28.18239
351.518,-30.45459
351.737,74.41167
351.956,43.95103
352.174,-4.51485
352.393,-22.56288
352.612,-44.01893
352.831,4.51031
353.049,6.77227
353.268,7.89685
353.487,47.32008
353.705,24.82397
353.924,-32.74345
354.143,56.35941
354.361,-2.25681
354.58,36.10061
354.798,-16.91987
355.017,51.86263
355.236,20.30502
355.454,0.0
355.673,38.36581
355.891,74.44324
356.11,1.12851
356.328,36.10201
356.547,-6.76755
356.765,49.59246
356.984,30.45224
357.202,45.13101
357.42,31.59537
357.639,-14.66672
357.857,53.02383
358.076,25.93379
358.294,-5.64236
358.512,19.18327
358.731,40.58032
358.949,-42.88608
359.167,45.10314
359.386,27.04314
359.604,13.53825
359.822,28.19325
360.04,34.9745
360.259,-2.2562
360.477,50.75964
360.695,-9.02306
360.913,85.65984
361.131,20.29484
361.35,-3.38189
361.568,21.43101
361.786,-19.19593
362.004,74.36021
362.222,38.36135
362.44,57.49877
362.658,54.16562
362.876,47.351
363.094,7.89563
363.312,66.56444
363.53,34.94752
363.749,48.48868
363.967,14.66105
364.184,29.29786
364.402,28.21288
364.62,39.4402
364.838,10.15467
365.056,32.74218
365.274,46.24053
365.492,-21.42522
365.71,21.43101
365.928,51.88263
366.146,36.07833
366.364,69.86691
366.581,-28.2414
366.799,51.89065
367.017,20.2964
367.235,6.7707
367.453,34.93677
367.67,32.70418
367.888,24.81725
368.106,43.9798
368.323,145.16082
368.541,20.2964
368.759,-34.9989
368.977,102.60006
369.194,29.32042
369.412,4.51415
369.629,31.54549
369.847,105.89904
370.065,54.16352
370.282,31.58803
370.5,23.6805
370.717,51.82676
370.935,59.73984
371.152,19.17363
371.37,81.17952
371.588,94.61861
371.805,88.05341
372.022,77.75067
372.24,69.86423
372.457,21.42027
372.675,50.73224
372.892,121.76494
373.11,47.32371
373.327,14.66275
373.544,-4.51135
373.762,77.78055
373.979,50.72444
374.196,-2.25559
374.414,102.58031
374.631,-7.89198
374.848,39.50416
375.066,62.01327
375.283,64.22138
375.5,-3.38476
375.717,47.39124
375.935,48.48494
376.152,60.92455
376.369,33.81823
376.586,33.86268
376.803,38.36135
377.02,109.37759
377.238,78.90933
377.455,73.33089
377.672,68.7572
377.889,14.66672
378.106,-1.12882
378.323,12.40025
378.54,-2.25646
378.757,86.76861
378.974,48.49617
379.191,51.88263
379.408,62.01327
379.625,45.08578
379.842,25.9408
380.059,46.24231
380.276,15.79157
380.493,62.04678
380.71,25.91883
380.927,46.20671
381.143,7.88804
381.36,80.06591
381.577,58.63863
381.794,101.41212
382.011,91.27961
382.228,91.30065
382.444,57.43481
382.661,28.19978
382.878,25.9308
383.095,-2.25786
383.311,54.07181
383.528,68.76778
383.745,11.28668
383.962,97.03568
384.178,51.83471
384.395,-3.38489
384.612,23.68416
384.828,135.07177
385.045,38.34801
385.261,101.38101
385.478,24.82109
385.695,81.20457
385.911,60.84713
386.128,-15.78731
386.344,42.88941
386.561,38.33323
386.777,55.22267
386.994,75.52604
387.21,95.76889
387.427,58.65674
387.643,63.17369
387.86,66.58506
388.076,72.06546
388.292,52.98498
388.509,96.89001
388.725,55.24179
388.942,48.44582
389.158,72.10686
389.374,36.04785
389.591,58.62056
389.807,45.11706
390.023,110.44781
390.239,99.18135
390.456,48.50366
390.672,100.27184
390.888,34.94617
391.104,63.09831
391.321,141.9938
391.537,20.30737
391.753,77.73874
391.969,82.23274
392.185,28.17697
392.401,75.48833
392.618,37.19504
392.834,109.22655
393.05,95.78359
393.266,103.62204
393.482,130.76956
393.698,107.08113
393.914,76.6312
394.13,6.75509
394.346,90.15788
394.562,99.15469
394.778,15.79462
394.994,134.13351
395.21,77.81352
395.426,93.58743
395.642,58.67035
395.858,42.82819
396.073,112.76696
396.289,69.8428
396.505,87.94113
396.721,12.40503
396.937,90.08536
397.153,66.50797
397.369,76.61649
397.584,96.91605
397.8,122.80035
398.016,90.14404
398.232,146.44542
398.447,159.98208
398.663,63.10074
398.879,112.82795
399.094,118.26668
399.31,96.99444
399.526,95.77256
399.741,86.72538
399.957,112.69753
400.173,93.59103
400.388,112.63704
400.604,127.39
400.82,93.50473
401.035,58.6183
401.251,94.56437
401.466,66.48752
401.682,85.61711
401.897,84.476
402.113,88.95079
402.328,82.21385
402.544,109.22655
402.759,94.5752
402.974,102.43111
403.19,105.85041
403.405,136.30936
403.621,142.90479
403.836,190.30352
404.051,99.06368
404.267,145.2106
404.482,137.29684
404.697,144.08767
404.913,115.9829
405.128,215.12688
405.343,140.78317
405.559,121.56445
405.774,149.59943
405.989,106.9949
406.204,114.80643
406.42,215.9362
406.635,149.61647
406.85,202.37077
407.065,195.67678
407.28,76.61355
407.495,166.52563
407.71,157.62017
407.926,118.14038
408.141,166.65267
408.356,255.3545
408.571,174.50505
408.786,135.15436
409.001,156.3128
409.216,184.69783
409.431,218.19389
409.646,223.83887
409.861,164.3629
410.076,204.72027
410.291,168.67352
410.506,151.92415
410.721,210.237
410.936,173.27681
411.15,194.67416
411.365,138.28304
411.58,247.5975
411.795,184.65547
412.01,208.15419
412.225,209.10083
412.439,193.26671
412.654,234.91833
412.869,206.84454
413.084,155.2678
413.299,181.03975
413.513,193.62631
413.728,141.76606
413.943,188.92197
414.157,276.7131
414.372,199.05438
414.587,222.59165
414.801,189.96382
415.016,240.28954
415.231,189.05839
415.445,221.57233
415.66,177.80466
415.874,193.44223
416.089,182.34088
416.304,185.59404
416.518,247.43752
416.733,251.62254
416.947,240.56134
417.162,210.10204
417.376,214.87267
417.59,149.55971
417.805,175.42725
418.019,238.34909
418.234,177.62927
418.448,265.18288
418.663,214.71794
418.877,240.7255
419.091,239.59602
419.306,294.56651
419.52,205.66982
419.734,240.64332
419.949,262.90572
420.163,213.43658
420.377,210.42059
420.591,247.11979
420.806,190.02134
421.02,147.46196
421.234,235.99335
421.448,223.5934
421.663,192.31389
421.877,212.34119
422.091,203.48353
422.305,225.88326
422.519,209.12458
422.733,231.41081
422.947,266.24136
423.161,232.88197
423.376,281.07417
423.59,329.48306
423.804,251.803
424.018,283.24788
424.232,277.13243
424.446,282.79028
424.66,288.87366
424.874,239.69626
425.088,231.5418
425.302,274.79599
425.515,265.19289
425.729,307.83796
425.943,243.70858
426.157,265.12292
426.371,283.25859
426.585,350.96695
426.799,298.79316
427.013,323.15532
427.226,314.36652
427.44,289.9813
427.654,272.82808
427.868,271.79205
428.081,272.91008
428.295,336.89885
428.509,258.06247
428.723,284.06684
428.936,240.49772
429.15,319.12182
429.364,266.05133
429.577,254.01293
429.791,290.03612
430.005,398.08113
430.218,272.94088
430.432,287.24704
430.645,294.12291
430.859,191.03378
431.073,249.3946
431.286,234.72358
431.5,223.71166
431.713,270.72491
431.927,285.32375
432.14,277.65382
432.354,269.33347
432.567,274.01778
432.781,277.36097
432.994,282.98118
433.207,258.2753
433.421,279.50203
433.634,266.54342
433.848,349.18068
434.061,314.50832
434.274,272.91008
434.488,255.07433
434.701,315.53079
434.914,285.36674
435.127,257.28297
435.341,319.80682
435.554,238.16913
435.767,337.51029
435.98,233.53466
436.194,295.19579
436.407,285.20576
436.62,336.60856
436.833,275.16672
437.046,289.50211
437.259,270.88837
437.473,372.69803
437.686,281.82113
437.899,351.09777
438.112,322.06328
438.325,342.07227
438.538,292.81935
438.751,316.24538
438.964,489.69318
439.177,372.34987
439.39,330.83129
439.603,365.86595
439.816,377.82443
440.029,333.31078
440.242,401.09542
440.455,400.35391
440.668,387.67821
440.881,326.17522
441.094,352.42372
441.306,370.02389
441.519,423.36466
441.732,427.86107
441.945,419.38155
442.158,396.76049
442.37,400.05644
442.583,456.06033
442.796,374.20371
443.009,439.14426
443.222,477.34497
443.434,416.16447
443.647,444.78749
443.86,448.14076
444.072,499.59274
444.285,451.4271
444.498,495.07473
444.71,442.31749
444.923,452.13875
445.136,390.19452
445.348,431.42122
445.561,478.26208
445.773,491.52338
445.986,376.52837
446.198,469.21366
446.411,424.69695
446.623,514.09089
446.836,440.88091
447.048,428.98919
447.261,467.04263
447.473,472.1304
447.686,495.72892
447.898,512.50782
448.11,470.84748
448.323,670.72245
448.535,536.27787
448.748,531.54435
448.96,434.40584
449.172,492.47086
449.385,517.32739
449.597,462.20408
449.809,503.62822
450.021,520.40926
450.234,520.14189
450.446,546.39425
450.658,570.62473
450.87,463.57087
451.083,587.40086
451.295,548.14213
451.507,516.71928
451.719,492.07349
451.931,467.63742
452.143,502.35198
452.356,420.7676
452.568,484.25267
452.78,632.85698
452.992,484.39461
453.204,596.52468
453.416,515.83704
453.628,616.83857
453.84,552.47599
454.052,506.73511
454.264,546.12486
454.476,544.13927
454.688,610.46656
454.9,561.9385
455.112,535.02998
455.324,523.43115
455.536,568.32393
455.747,517.29964
455.959,550.60452
456.171,620.81398
456.383,492.50711
456.595,575.0379
456.807,562.22499
457.018,508.87952
457.23,530.04606
457.442,534.73525
457.654,546.1957
457.865,582.92615
458.077,581.28386
458.289,522.47525
458.501,555.86232
458.712,592.50824
458.924,581.13552
459.136,586.03466
459.347,609.11478
459.559,594.48452
459.77,581.19906
459.982,589.03543
460.194,572.40173
460.405,552.13303
460.617,600.92863
460.828,631.95976
461.04,549.41772
461.251,677.76355
461.463,729.59376
461.674,653.40487
461.886,705.26629
462.097,547.7813
462.309,706.08997
462.52,629.97729
462.731,576.34979
462.943,622.93496
463.154,546.53356
463.366,657.56403
463.577,598.00107
463.788,627.31087
464.0,638.54524
464.211,569.09037
464.422,659.25016
464.634,714.42686
464.845,676.29199
465.056,664.67383
465.267,743.70862
465.478,624.24372
465.69,664.12034
465.901,684.45926
466.112,642.0462
466.323,629.47565
466.534,700.59908
466.745,728.62155
466.957,725.83621
467.168,670.23957
467.379,725.39463
467.59,656.31677
467.801,631.45786
468.012,706.73627
468.223,790.64134
468.434,675.33419
468.645,741.75753
468.856,758.37554
469.067,748.86988
469.278,703.3784
469.489,714.22257
469.7,715.9395
469.911,694.42954
470.122,695.38288
470.333,778.98413
470.543,755.55872
470.754,799.7815
470.965,793.35004
471.176,702.04979
471.387,762.71197
471.598,726.86033
471.808,716.78502
472.019,809.73878
472.23,777.17185
472.441,781.32568
472.651,798.25519
472.862,802.39721
473.073,797.07064
473.283,784.43236
473.494,815.06367
473.705,845.36695
473.915,909.48315
474.126,891.24992
474.337,876.70233
474.547,845.80497
474.758,807.89253
474.968,830.15844
475.179,854.53088
475.389,886.42311
475.6,990.52872
475.81,962.36854
476.021,918.19307
476.231,912.00814
476.442,893.09977
476.652,857.57872
476.863,842.80388
477.073,862.82787
477.284,878.09268
477.494,926.86305
477.704,959.95383
477.915,1017.61741
478.125,954.3117
478.335,976.16918
478.546,999.05822
478.756,954.14478
478.966,954.54577
479.177,972.50689
479.387,1036.94662
479.597,974.35525
479.807,1067.0002
480.018,966.52268
480.228,1027.70101
480.438,1048.27499
480.648,1036.87438
480.858,1130.11354
481.068,1106.02336
481.279,1133.57649
481.489,1022.47853
481.699,1089.21739
481.909,1044.30565
482.119,1119.50044
482.329,1134.43214
482.539,1189.94324
482.749,1161.04314
482.959,1153.38046
483.169,1174.35241
483.379,1218.75029
483.589,1215.03272
483.799,1184.94626
484.009,1137.66082
484.219,1119.98934
484.429,1239.85553
484.639,1244.00163
484.849,1193.65441
485.059,1254.39724
485.268,1231.54254
485.478,1249.95361
485.688,1268.95345
485.898,1256.97339
486.108,1238.1882
486.317,1258.2716
486.527,1345.46236
486.737,1283.96798
486.947,1303.76333
487.156,1364.1342
487.366,1321.20754
487.576,1335.62155
487.785,1309.89858
487.995,1357.41379
488.205,1289.3466
488.414,1318.74401
488.624,1371.77469
488.834,1335.12284
489.043,1303.41031
489.253,1291.30213
489.462,1325.60096
489.672,1346.38049
489.882,1348.84817
490.091,1309.03487
490.301,1333.45446
490.51,1352.007
490.72,1426.01718
490.929,1357.73139
491.138,1350.0633
491.348,1351.15106
491.557,1377.51165
491.767,1384.25545
491.976,1470.8642
492.185,1406.54855
492.395,1410.12176
492.604,1472.19184
492.813,1440.69756
493.023,1384.11657
493.232,1385.63302
493.441,1389.18812
493.651,1438.65486
493.86,1402.55224
494.069,1456.87762
494.278,1370.6267
494.488,1501.81919
494.697,1479.84952
494.906,1454.7363
495.115,1558.94415
495.324,1432.47699
495.533,1505.30338
495.743,1499.06877
495.952,1487.84381
496.161,1487.40163
496.37,1528.20098
496.579,1576.22472
496.788,1600.4534
496.997,1512.78626
497.206,1603.97025
497.415,1620.39373
497.624,1531.75696
497.833,1565.047
498.042,1605.64962
498.251,1544.90354
498.46,1603.26219
498.669,1615.38539
498.878,1645.33524
499.087,1622.06907
499.296,1615.80822
499.504,1668.98785
499.713,1674.47104
499.922,1572.95113
500.131,1673.96668
500.34,1684.92255
500.549,1725.85902
500.757,1676.64225
500.966,1595.63412
501.175,1646.40947
501.384,1708.56433
501.592,1666.07075
501.801,1719.54526
502.01,1720.96936
502.218,1699.68152
502.427,1551.81999
502.636,1650.49461
502.844,1705.95093
503.053,1682.97792
503.262,1621.96357
503.47,1595.84181
503.679,1718.47228
503.887,1567.09774
504.096,1706.44679
504.304,1636.14041
504.513,1709.52695
504.721,1711.97841
504.93,1702.01902
505.138,1662.57986
505.347,1734.83836
505.555,1676.42929
505.764,1628.23958
505.972,1635.6877
506.18,1752.00727
506.389,1688.38562
506.597,1685.08636
506.806,1700.50265
507.014,1682.55705
507.222,1678.31645
507.431,1655.75983
507.639,1721.59879
507.847,1703.22707
508.055,1810.42418
508.264,1706.77805
508.472,1739.4783
508.68,1797.01441
508.888,1700.75059
509.096,1813.48461
509.305,1755.28248
509.513,1689.10792
509.721,1641.30998
509.929,1706.30944
510.137,1612.18194
510.345,1781.73022
510.553,1660.11119
510.762,1773.50071
510.97,1756.12305
511.178,1712.12609
511.386,1736.60815
511.594,1745.36056
511.802,1754.82498
512.01,1799.80181
512.218,1719.50942
512.426,1708.09676
512.634,1808.50509
512.842,1783.24406
513.049,1788.12117
513.257,1725.83231
513.465,1806.24811
513.673,1834.1927
513.881,1827.83068
514.089,1860.10145
514.297,1772.08701
514.504,1745.51353
514.712,1762.77734
514.92,1725.61073
515.128,1802.49614
515.336,1820.33875
515.543,1857.97825
515.751,1807.69623
515.959,1791.1123
516.166,1805.35084
516.374,1782.093
516.582,1887.53806
516.789,1832.6971
516.997,1819.59829
517.205,1809.74955
517.412,1821.95572
517.62,1798.0278
517.827,1866.57703
518.035,1859.62527
518.243,1878.45725
518.45,1808.42039
518.658,1855.16827
518.865,1834.2692
519.073,1782.97329
519.28,1907.73593
519.488,1847.55586
519.695,1774.78906
519.902,1870.73493
520.11,1776.25909
520.317,1785.32884
520.525,1803.72981
520.732,1730.95548
520.939,1837.08641
521.147,1754.93794
521.354,1755.2772
521.561,1798.80969
521.769,1769.48918
521.976,1741.01992
522.183,1787.89082
522.391,1782.91603
522.598,1808.6209
522.805,1764.58518
523.012,1745.9672
523.219,1765.54343
523.427,1834.1927
523.634,1768.02099
523.841,1774.51534
524.048,1898.54136
524.255,1842.86929
524.462,1832.05267
524.669,1819.78482
524.877,1755.72755
525.084,1784.21664
525.291,1795.25282
525.498,1866.93374
525.705,1909.75156
525.912,1865.3889
526.119,1879.4067
526.326,1799.42067
526.533,1808.73678
526.74,1773.8243
526.947,1928.80112
527.153,1927.4222
527.36,1899.24738
527.567,1916.03991
527.774,1871.86362
527.981,1849.00483
528.188,1838.74158
528.395,1800.34308
528.602,1853.98653
528.808,1876.67227
529.015,1907.8793
529.222,1882.19488
529.429,1896.07455
529.635,1820.76949
529.842,1899.63768
530.049,1927.60521
530.256,1851.6715
530.462,1818.05012
530.669,1869.60629
530.876,1904.65141
531.082,1896.14585
531.289,1883.32335
531.495,1914.28425
531.702,1968.36229
531.909,1874.35625
532.115,1991.06109
532.322,1971.30097
532.528,1978.07019
532.735,1909.9116
532.941,1906.58689
533.148,1862.47771
533.354,1910.1431
533.561,1915.7362
533.767,1935.75367
533.974,1841.50578
534.18,1866.57703
534.387,1893.48156
534.593,1801.44673
534.799,1846.20786
535.006,1784.40638
535.212,1948.03457
535.418,1885.11103
535.625,1871.80914
535.831,1895.45528
536.037,1932.94394
536.244,1935.56953
536.45,1865.4504
536.656,1890.98363
536.862,1950.25505
537.068,1921.63454
537.275,1947.45848
537.481,2001.78424
537.687,1973.75593
537.893,1932.45518
538.099,1955.37911
538.305,1894.53735
538.512,2018.02013
538.718,1998.09697
538.924,1943.68084
539.13,1896.02565
539.336,1927.24497
539.542,2027.05088
539.748,1955.0509
539.954,1910.55677
540.16,2046.28885
540.366,1992.63292
540.572,1970.48272
540.778,1913.11541
540.984,1957.14356
541.19,1940.6269
541.396,1776.30613
541.602,1886.17042
541.807,1906.12261
542.013,1905.4586
542.219,2007.86389
542.425,1979.08708
542.631,1929.25266
542.837,1947.51991
543.042,1928.25683
543.248,1910.7209
543.454,1921.38053
543.66,1917.59512
543.865,1871.62973
544.071,1971.05268
544.277,1939.84068
544.483,1886.28999
544.688,1902.77003
544.894,1940.23307
545.1,1855.37276
545.305,1908.76917
545.511,1914.18329
545.716,1903.90915
545.922,1935.90202
546.128,1939.41087
546.333,1929.52946
546.539,1940.53978
546.744,1974.12812
546.95,1975.31881
547.155,1939.53359
547.361,1926.66736
547.566,1947.99332
547.772,1882.67337
547.977,1878.45179
548.182,1909.47336
548.388,1897.911
548.593,1930.44218
548.799,1903.32254
549.004,1917.08389
549.209,1889.08641
549.415,1864.08624
549.62,1937.27573
549.825,1986.35544
550.031,1921.19785
550.236,1926.08476
550.441,1962.02508
550.646,1959.27636
550.852,1979.64096
551.057,1932.88279
551.262,2004.55133
551.467,2010.5575
551.672,1871.5071
551.878,1883.43711
552.083,1872.63479
552.288,1906.00173
552.493,1871.44702
552.698,1913.29702
552.903,1921.68533
553.108,1936.84713
553.313,2112.4667
553.518,1998.27406
553.723,1940.68805
553.928,1979.28499
554.133,1914.00175
554.338,1954.49684
554.543,1945.69269
554.748,1932.73035
554.953,2015.26603
555.158,1949.92296
555.363,2001.78424
555.568,2005.54752
555.773,1952.34285
555.978,2032.33346
556.182,1934.62107
556.387,1893.13591
556.592,2000.84493
556.797,1926.84261
557.002,2043.4138
557.206,2008.49298
557.411,2004.79663
557.616,1933.88926
557.821,1909.53341
558.025,2014.7551
558.23,1968.27837
558.435,1893.34194
558.64,1971.11473
558.844,2010.56132
559.049,1965.53378
559.253,1955.52958
559.458,1886.52
559.663,2011.49711
559.867,2051.10068
560.072,2022.15513
560.276,2018.76959
560.481,1995.08177
560.685,1941.75515
560.89,1973.81792
561.094,1935.78307
561.299,1967.06764
561.503,1909.95421
561.708,1980.84668
561.912,1948.13512
562.117,1987.12817
562.321,1912.33018
562.525,1927.91057
562.73,1957.45083
562.934,1960.26198
563.139,2002.66308
563.343,1961.87298
563.547,1912.0475
563.752,1966.78612
563.956,1887.76573
564.16,1902.27206
564.364,1952.51238
564.569,1847.11713
564.773,1932.54792
564.977,1966.27726
565.181,1984.28672
565.385,1892.16157
565.59,1878.87616
565.794,1966.78612
565.998,1880.1731
566.202,1921.07614
566.406,1984.97502
566.61,1901.38484
566.814,2022.7254
567.018,1945.05585
567.222,1936.9985
567.426,1924.89648
567.63,1911.98702
567.834,1830.67363
568.038,1891.44497
568.242,1860.76222
568.446,1951.81109
568.65,1931.022
568.854,1869.96245
569.058,1914.63346
569.262,1929.22321
569.466,1943.95053
569.67,1925.89678
569.874,1877.97949
570.078,1857.20326
570.281,1865.75138
570.485,1853.1632
570.689,1852.50542
570.893,1957.82012
571.097,1927.43184
571.3,1922.0832
571.504,1955.48279
571.708,1929.40748
571.912,1821.05999
572.115,1900.40564
572.319,1906.00173
572.523,1947.95038
572.726,1942.98222
572.93,1925.25659
573.133,1954.70407
573.337,1951.99501
573.541,1931.35921
573.744,1921.17243
573.948,1908.62252
574.151,1855.76432
574.355,1917.50804
574.558,1890.73501
574.762,1865.15235
574.965,1859.09125
575.169,1936.84713
575.372,1964.26734
575.576,1831.52688
575.779,1833.65006
575.983,1886.64911
576.186,1854.40827
576.389,1868.83463
576.593,1847.93582
576.796,1889.1364
577.0,1844.96277
577.203,1848.5813
577.406,1834.29641
577.609,1855.88913
577.813,1815.24525
578.016,1899.65205
578.219,1801.21667
578.423,1796.49608
578.626,1921.01532
578.829,1870.4407
579.032,1818.8615
579.235,1856.29731
579.438,1858.38129
579.642,1817.70336
579.845,1812.09263
580.048,1827.30573
580.251,1868.83437
580.454,1910.17657
580.657,1875.72812
580.86,1888.55844
581.063,1860.77256
581.266,1870.85402
581.469,1811.83289
581.672,1779.75897
581.875,1959.8535
582.078,1864.32106
582.281,1715.90612
582.484,1866.16446
582.687,1927.03066
582.89,1890.15515
583.093,1820.4552
583.296,1883.32335
583.499,1941.66873
583.702,1855.52786
583.904,1874.71577
584.107,1840.80264
584.31,1827.34504
584.513,1931.99856
584.716,1816.43116
584.918,1875.72259
585.121,1861.94384
585.324,1858.14024
585.527,1793.66591
585.729,1909.9116
585.932,1900.41915
586.135,1833.74514
586.337,1930.68634
586.54,1816.66302
586.743,1890.75667
586.945,1910.57736
587.148,1778.78909
587.35,1839.32434
587.553,1862.41833
587.755,1871.32814
587.958,1794.94885
588.161,1861.82417
588.363,1811.1104
588.566,1870.85402
588.768,1844.17455
588.971,1841.4471
589.173,1907.41364
589.375,1885.29115
589.578,1884.15291
589.78,1875.54397
589.983,1859.98293
590.185,1871.69842
590.387,1836.4665
590.59,1878.94753
590.792,1728.99314
590.994,1817.82618
591.197,1708.75927
591.399,1831.20215
591.601,1680.07317
591.803,1732.15357
592.006,1746.25412
592.208,1899.3294
592.41,1702.89687
592.612,1737.23454
592.815,1718.51675
593.017,1715.03147
593.219,1652.05395
593.421,1609.32289
593.623,1679.5535
593.825,1760.08675
594.027,1691.52879
594.229,1668.34898
594.432,1635.33221
594.634,1733.2592
594.836,1571.04737
595.038,1679.64944
595.24,1672.4596
595.442,1678.30544
595.644,1615.01618
595.846,1630.70973
596.048,1641.62977
596.249,1578.94728
596.451,1584.12341
596.653,1631.51053
596.855,1560.84235
597.057,1611.89455
597.259,1663.83062
597.461,1595.44244
597.663,1603.42024
597.864,1672.15775
598.066,1546.52608
598.268,1527.39598
598.47,1589.92316
598.671,1545.49699
598.873,1598.61809
599.075,1571.14703
599.277,1664.13847
599.478,1568.9944
599.68,1640.22772
599.882,1623.51409
600.083,1574.93849
600.285,1706.44679
600.487,1602.29478
600.688,1569.19947
600.89,1665.06903
601.091,1667.05584
601.293,1645.06761
601.494,1701.03341
601.696,1576.01435
601.898,1713.95848
602.099,1629.31498
602.301,1692.58202
602.502,1627.85571
602.703,1726.09408
602.905,1632.54098
603.106,1646.3089
603.308,1535.01085
603.509,1645.22635
603.711,1652.05395
603.912,1552.13622
604.113,1628.08026
604.315,1651.6229
604.516,1652.80498
604.717,1660.75896
604.919,1685.14099
605.12,1629.10246
605.321,1682.19227
605.522,1639.206
605.724,1621.48955
605.925,1649.63456
606.126,1751.95051
606.327,1719.23946
606.528,1707.63039
606.729,1736.53447
606.931,1751.27072
607.132,1703.99967
607.333,1642.3845
607.534,1730.26424
607.735,1723.15398
607.936,1728.11767
608.137,1672.73021
608.338,1699.29346
608.539,1743.19771
608.74,1574.52878
608.941,1718.43703
609.142,1750.36783
609.343,1621.36345
609.544,1728.9777
609.745,1720.95206
609.946,1693.9505
610.147,1808.79474
610.348,1646.3622
610.549,1703.25783
610.75,1718.82421
610.95,1722.54157
611.151,1740.27066
611.352,1729.87181
611.553,1758.43735
611.754,1734.16381
611.954,1733.94945
612.155,1715.25315
612.356,1722.15283
612.557,1708.01732
612.757,1667.79321
612.958,1697.9702
613.159,1734.04665
613.359,1737.61362
613.56,1697.47735
613.761,1752.7938
613.961,1685.19564
614.162,1729.53606
614.362,1676.75421
614.563,1652.5378
614.764,1680.99406
614.964,1644.79642
615.165,1720.84072
615.365,1662.9566
615.566,1761.43366
615.766,1690.87233
615.967,1747.54585
616.167,1674.06629
616.368,1670.85315
616.568,1720.43628
616.768,1702.89687
616.969,1621.52203
617.169,1653.28896
617.37,1617.92638
617.57,1684.41751
617.77,1675.95164
617.971,1700.12554
618.171,1671.88524
618.371,1648.6671
618.571,1754.9416
618.772,1656.56793
618.972,1659.15041
619.172,1720.47119
619.372,1641.2035
619.573,1627.42985
619.773,1633.08425
619.973,1607.30453
620.173,1634.30613
620.373,1655.5449
620.573,1660.27293
620.774,1668.45813
620.974,1594.05421
621.174,1735.92646
621.374,1673.1097
621.574,1616.46116
621.774,1679.11849
621.974,1654.09486
622.174,1692.40748
622.374,1657.58876
622.574,1626.58095
622.774,1548.27395
622.974,1627.92107
623.174,1655.01226
623.374,1692.62776
623.574,1610.05876
623.774,1659.14459
623.973,1624.68135
624.173,1674.34669
624.373,1591.69483
624.573,1669.84483
624.773,1590.06213
624.973,1669.0842
625.172,1597.99292
625.372,1668.06408
625.572,1638.8854
625.772,1638.45172
625.971,1626.31644
626.171,1668.17253
626.371,1716.04901
626.57,1598.40947
626.77,1648.8282
626.97,1622.05158
627.169,1602.47387
627.369,1627.09972
627.569,1708.60985
627.768,1581.81458
627.968,1587.14512
628.167,1658.23783
628.367,1565.30608
628.566,1574.43279
628.766,1592.9144
628.965,1614.67931
629.165,1646.41011
629.364,1598.32615
629.564,1629.36814
629.763,1618.75641
629.963,1680.99406
630.162,1607.04117
630.362,1546.47516
630.561,1578.94728
630.76,1567.97105
630.96,1557.0456
631.159,1542.8258
631.358,1544.4724
631.558,1517.04167
631.757,1524.39168
631.956,1577.0432
632.155,1558.27645
632.355,1550.1742
632.554,1595.96427
632.753,1589.78778
632.952,1489.02131
633.152,1598.5102
633.351,1541.44217
633.55,1511.24588
633.749,1508.93826
633.948,1540.10076
634.147,1529.07746
634.346,1484.41294
634.545,1533.4592
634.744,1454.97691
634.944,1498.39679
635.143,1540.51671
635.342,1573.76947
635.541,1486.17578
635.74,1517.26717
635.939,1508.80997
636.138,1515.76178
636.336,1548.9848
636.535,1432.38242
636.734,1472.43646
636.933,1539.13372
637.132,1556.07622
637.331,1587.31928
637.53,1482.10577
637.729,1435.26906
637.928,1533.07036
638.126,1531.58704
638.325,1495.80486
638.524,1556.12177
638.723,1533.64218
638.921,1543.18301
639.12,1465.72335
639.319,1506.71541
639.518,1537.59967
639.716,1570.22459
639.915,1486.47003
640.114,1523.1115
640.312,1521.43002
640.511,1526.54456
640.71,1487.79463
640.908,1446.05159
641.107,1539.90719
641.305,1518.32199
641.504,1522.05704
641.702,1467.20418
641.901,1595.62056
642.099,1573.76947
642.298,1464.68104
642.496,1588.2918
642.695,1509.61785
642.893,1479.94637
643.092,1433.74607
643.29,1472.53936
643.489,1559.25126
643.687,1478.67289
643.885,1510.14858
644.084,1484.90635
644.282,1516.76702
644.48,1554.32529
644.679,1504.67252
644.877,1475.43117
645.075,1436.15854
645.274,1449.81852
645.472,1493.97222
645.67,1481.96402
645.868,1505.45262
646.067,1506.85156
646.265,1579.98703
646.463,1521.65993
646.661,1410.26288
646.859,1470.68272
647.057,1505.25366
647.256,1452.72141
647.454,1501.33602
647.652,1507.17993
647.85,1472.39327
648.048,1466.29785
648.246,1434.04505
648.444,1342.66441
648.642,1479.46397
648.84,1520.05747
649.038,1460.02087
649.236,1484.32171
649.434,1445.88253
649.632,1383.23972
649.83,1514.96028
650.028,1412.51943
650.226,1392.81779
650.423,1452.34748
650.621,1382.369
650.819,1404.57305
651.017,1371.26859
651.215,1392.71537
651.413,1395.35436
651.61,1421.44631
651.808,1377.21
652.006,1359.63387
652.204,1437.66995
652.401,1374.4022
652.599,1404.85577
652.797,1329.08796
652.995,1364.46997
653.192,1352.9992
653.39,1365.04824
653.588,1360.71681
653.785,1275.80807
653.983,1336.88502
654.18,1358.29095
654.378,1394.26644
654.576,1375.18399
654.773,1306.99903
654.971,1338.10823
655.168,1263.88805
655.366,1311.26829
655.563,1344.69584
655.761,1286.83167
655.958,1219.63859
656.156,1288.34907
656.353,1369.91094
656.55,1294.38166
656.748,1405.70222
656.945,1194.77065
657.143,1239.56134
657.34,1277.32564
657.537,1389.08658
657.735,1211.56549
657.932,1216.45127
658.129,1309.58709
658.326,1323.70102
658.524,1256.73988
658.721,1336.34571
658.918,1248.24714
659.115,1160.48616
659.313,1272.33028
659.51,1286.1822
659.707,1281.7539
659.904,1312.39733
660.101,1286.53146
660.298,1120.03772
660.496,1277.46049
660.693,1213.20343
660.89,1266.2552
661.087,1219.5048
661.284,1205.12572
661.481,1253.56686
661.678,1275.37712
661.875,1287.26466
662.072,1184.46429
662.269,1279.19309
662.466,1210.35508
662.663,1273.4655
662.86,1195.89825
663.057,1280.62806
663.254,1278.06357
663.45,1216.72571
663.647,1263.72823
663.844,1231.08559
664.041,1252.25069
664.238,1261.67622
664.435,1260.39988
664.631,1171.40892
664.828,1275.15476
665.025,1202.64433
665.222,1285.27131
665.419,1285.05245
665.615,1268.01318
665.812,1205.04364
666.009,1278.49773
666.205,1271.55342
666.402,1179.79093
666.599,1211.66554
666.795,1243.87445
666.992,1259.91228
667.188,1279.06329
667.385,1278.19449
667.582,1288.74623
667.778,1316.95853
667.975,1323.33169
668.171,1211.85432
668.368,1257.10097
668.564,1311.22392
668.761,1298.20629
668.957,1284.35784
669.154,1283.44925
669.35,1347.62889
669.547,1255.69651
669.743,1376.04171
669.939,1321.44421
670.136,1190.13883
670.332,1341.54015
670.528,1265.27098
670.725,1272.33742
670.921,1324.14755
671.117,1197.90938
671.314,1218.51117
671.51,1309.29923
671.706,1203.89929
671.902,1250.16464
672.099,1259.39972
672.295,1300.45057
672.491,1264.29848
672.687,1200.88453
672.883,1285.06013
673.08,1239.48573
673.276,1291.65197
673.472,1253.67472
673.668,1245.58139
673.864,1272.55257
674.06,1245.32774
674.256,1288.57121
674.452,1312.84212
674.648,1212.81746
674.844,1229.99844
675.04,1287.04942
675.236,1232.46158
675.432,1348.44031
675.628,1306.17902
675.824,1280.97361
676.02,1179.87331
676.216,1241.94338
676.412,1175.56049
676.608,1239.81347
676.804,1253.14106
676.999,1206.33614
677.195,1219.51472
677.391,1264.98677
677.587,1240.81534
677.783,1232.12674
677.978,1225.60894
678.174,1261.51279
678.37,1230.37229
678.566,1223.18697
678.761,1236.0525
678.957,1204.87962
679.153,1299.0274
679.348,1152.59022
679.544,1215.78875
679.74,1303.94013
679.935,1203.75172
680.131,1257.03915
680.327,1157.69681
680.522,1220.84132
680.718,1145.28411
680.913,1176.92966
681.109,1172.65745
681.304,1220.50857
681.5,1248.5008
681.695,1282.23265
681.891,1201.39201
682.086,1170.52097
682.282,1240.82617
682.477,1515.95601
682.672,1117.11461
682.868,1212.81746
683.063,1207.36762
683.259,1211.82956
683.454,1176.56804
683.649,1254.03661
683.845,1186.72075
684.04,1157.06235
684.235,1147.60925
684.43,1216.11965
684.626,1196.48587
684.821,1173.9868
685.016,1205.10888
685.211,1227.78167
685.407,1206.76639
685.602,1173.019
685.797,1258.9843
685.992,1143.067
686.187,1179.75072
686.382,1126.38113
686.577,1122.29374
686.773,1172.01085
686.968,1170.76157
687.163,1215.17029
687.358,1162.22612
687.553,1152.33094
687.748,1127.00001
687.943,1149.75778
688.138,1179.06829
688.333,1133.42324
688.528,1105.60529
688.723,1123.76949
688.918,1035.60122
689.112,1184.22744
689.307,1081.35366
689.502,1055.26129
689.697,1131.00929
689.892,1015.00907
690.087,1064.00067
690.282,1058.71685
690.476,1047.51457
690.671,1040.73904
690.866,1006.79287
691.061,1015.53765
691.255,981.36573
691.45,1088.69048
691.645,988.34089
691.84,1040.27045
692.034,1039.31355
692.229,1044.96288
692.424,954.57343
692.618,935.98896
692.813,974.59895
693.007,1083.5735
693.202,1012.11785
693.397,957.69685
693.591,957.46231
693.786,985.50684
693.98,913.61579
694.175,983.86177
694.369,1017.76667
694.564,942.5301
694.758,918.67689
694.953,917.61359
695.147,931.94943
695.342,920.51462
695.536,914.19907
695.73,928.63143
695.925,911.71215
696.119,925.9236
696.313,939.44138
696.508,897.88962
696.702,850.3962
696.896,908.88061
697.091,973.57298
697.285,840.72716
697.479,906.45334
697.673,882.8825
697.868,900.27124
698.062,916.74288
698.256,902.89653
698.45,955.6074
698.644,883.8239
698.839,874.507
699.033,982.36093
699.227,883.97945
699.421,821.63067
699.615,950.36505
699.809,851.02579
700.003,940.33889
700.197,921.06635
700.391,863.37549
700.585,895.69738
700.779,947.60888
700.973,906.2297
701.167,927.15614
701.361,859.35393
701.555,875.20292
701.749,887.99225
701.943,957.42884
702.137,878.37063
702.331,829.98222
702.525,960.61193
702.718,867.95089
702.912,871.46057
703.106,1010.45957
703.3,857.12162
703.494,841.67966
703.687,864.93041
703.881,950.53211
704.075,941.79878
704.269,834.70041
704.462,868.92586
704.656,929.60979
704.85,942.62944
705.043,809.74687
705.237,891.09441
705.431,831.49274
705.624,942.82837
705.818,894.29145
706.012,954.91451
706.205,869.44072
706.399,888.3356
706.592,921.44881
706.786,966.55652
706.979,904.31585
707.173,827.08504
707.366,848.35094
707.56,924.68325
707.753,866.73025
707.947,898.1541
708.14,860.66129
708.333,868.68034
708.527,899.58622
708.72,868.80303
708.914,844.22869
709.107,852.72743
709.3,840.07428
709.494,890.37513
709.687,868.22773
709.88,793.18015
710.073,894.32302
710.267,848.26138
710.46,801.18455
710.653,906.19
710.846,902.87621
711.04,814.91888
711.233,889.02545
711.426,828.19598
711.619,956.97102
711.812,865.32663
712.005,881.46682
712.198,833.60174
712.391,911.23178
712.585,949.87139
712.778,889.08837
712.971,909.12862
713.164,866.54648
713.357,819.98672
713.55,913.77631
713.743,919.77477
713.936,915.16229
714.129,884.01058
714.322,879.39567
714.514,889.55759
714.707,900.47695
714.9,832.91692
715.093,885.48223
715.286,906.58132
715.479,931.93352
715.672,887.55439
715.864,850.10817
716.057,891.5003
716.25,844.40763
716.443,942.72886
716.636,887.74403
716.828,879.08407
717.021,902.16132
717.214,909.42325
717.406,938.84175
717.599,875.96088
717.792,1035.21319
717.984,883.9761
718.177,909.10374
718.37,824.03402
718.562,831.58126
718.755,863.01191
718.947,782.94065
719.14,842.27088
719.333,884.76039
719.525,832.23265
719.718,752.71304
719.91,837.64141
720.103,835.47217
720.295,783.08012
720.487,742.34042
720.68,721.24556
720.872,780.16876
721.065,717.2484
721.257,769.48867
721.449,725.05835
721.642,710.86062
721.834,620.09766
722.026,678.00935
722.219,667.36138
722.411,637.94693
722.603,681.73841
722.796,691.79602
722.988,621.91958
723.18,648.16219
723.372,589.37194
723.565,596.32989
723.757,614.20187
723.949,650.9108
724.141,618.51309
724.333,579.36525
724.525,583.37116
724.717,571.0232
724.91,563.20955
725.102,561.57178
725.294,571.94328
725.486,525.72621
725.678,580.28228
725.87,506.01593
726.062,572.632
726.254,530.84471
726.446,540.04307
726.638,573.88733
726.83,597.15562
727.022,512.28226
727.213,522.15013
727.405,506.23547
727.597,517.80949
727.789,595.39651
727.981,489.08558
728.173,622.30334
728.365,577.49844
728.556,543.70649
728.748,503.33256
728.94,568.66365
729.132,517.11775
729.324,540.08255
729.515,527.92508
729.707,566.67625
729.899,572.50631
730.09,553.32156
730.282,594.78809
730.474,638.31461
730.665,536.2482
730.857,603.82269
731.049,579.92268
731.24,596.26507
731.432,501.37106
731.623,516.71928
731.815,522.2647
732.006,484.37685
732.198,484.64377
732.389,549.33153
732.581,490.96394
732.772,486.84685
732.964,505.62556
733.155,490.28612
733.347,509.97013
733.538,526.95125
733.729,507.65874
733.921,551.69112
734.112,473.1366
734.304,501.44483
734.495,572.2973
734.686,514.18126
734.877,571.23138
735.069,552.47599
735.26,466.68129
735.451,624.2211
735.643,532.47791
735.834,594.83155
736.025,530.88339
736.216,586.54317
736.407,535.92296
736.599,534.38317
736.79,587.92818
736.981,578.1513
737.172,571.94328
737.363,571.14804
737.554,615.66536
737.745,589.77775
737.936,613.4524
738.127,588.97103
738.318,584.62751
738.509,614.9175
738.7,639.71973
738.891,588.20738
739.082,589.9278
739.273,597.78328
739.464,595.43978
739.655,619.66347
739.846,657.54024
740.037,597.65289
740.228,608.64994
740.419,593.55063
740.609,564.93204
740.8,633.84968
740.991,640.96412
741.182,555.65908
741.373,647.71291
741.563,645.26845
741.754,538.54174
741.945,636.56548
742.136,659.98868
742.326,667.55429
742.517,597.87259
742.708,614.13511
742.898,717.99022
743.089,674.64514
743.28,615.54694
743.47,636.33497
743.661,663.23171
743.851,565.65116
744.042,661.45393
744.233,671.76969
744.423,699.49571
744.614,679.92353
744.804,672.3017
744.995,598.43379
745.185,636.77349
745.376,618.7148
745.566,676.14565
745.756,676.48747
745.947,683.5525
746.137,594.20367
746.328,664.55332
746.518,674.27855
746.708,666.83309
746.899,682.91609
747.089,676.41412
747.279,714.45475
747.47,638.22254
747.66,619.55138
747.85,651.85077
748.04,748.5738
748.231,644.94227
748.421,654.34414
748.611,610.28832
748.801,667.45778
748.991,664.483
749.182,703.85831
749.372,698.1411
749.562,682.25595
749.752,592.79645
749.942,658.24099
750.132,649.73522
750.322,642.34908
750.512,661.72012
750.702,609.46904
750.892,684.01997
751.082,607.98578
751.272,573.19603
751.462,715.48093
751.652,669.44914
751.842,633.38663
752.032,620.45245
752.222,624.28899
752.412,577.30994
752.602,678.06056
752.792,621.1971
752.981,657.4214
753.171,665.53858
753.361,584.45705
753.551,679.43273
753.741,606.54786
753.93,674.92015
754.12,597.67461
754.31,657.1842
754.5,613.98999
754.689,617.07302
754.879,604.20361
755.069,659.96476
755.258,621.03913
755.448,596.4164
755.638,592.18443
755.827,595.72158
756.017,606.37184
756.206,653.42858
756.396,621.49279
756.586,631.59444
756.775,594.52781
756.965,606.59193
757.154,706.91365
757.344,594.00983
757.533,688.65877
757.723,565.28046
757.912,614.31328
758.101,638.06497
758.291,554.08647
758.48,597.11194
758.67,611.17257
758.859,640.46381
759.048,647.43159
759.238,609.49108
759.427,634.86203
759.616,547.2037
759.806,574.2614
759.995,635.78318
760.184,578.10901
760.373,579.0054
760.563,624.3796
760.752,623.36422
760.941,570.04049
761.13,560.9537
761.319,591.72541
761.509,551.08546
761.698,525.86119
761.887,560.214
762.076,470.01329
762.265,568.09496
762.454,513.82545
762.643,505.62556
762.832,477.5764
763.021,472.356
763.21,430.64284
763.399,453.18311
763.588,483.47986
763.777,443.72449
763.966,536.41636
764.155,436.8388
764.344,472.63477
764.533,472.21708
764.722,379.95398
764.911,395.74982
765.1,400.1158
765.288,411.50828
765.477,471.83771
765.666,431.5493
765.855,334.21461
766.044,355.69128
766.232,342.09778
766.421,294.10085
766.61,310.80595
766.799,276.26394
766.987,361.49829
767.176,227.87363
767.365,298.36799
767.553,267.15894
767.742,373.54813
767.931,316.50534
768.119,281.72604
768.308,316.55278
768.497,268.27649
768.685,319.5326
768.874,257.43846
769.062,268.59963
769.251,224.86566
769.439,265.38349
769.628,313.36731
769.816,298.63601
770.005,307.42237
770.193,300.79132
770.382,279.56493
770.57,315.73272
770.758,323.26419
770.947,308.82784
771.135,352.22616
771.323,347.75181
771.512,394.81233
771.7,379.00914
771.888,406.09042
772.077,333.99094
772.265,440.43598
772.453,390.15097
772.642,404.53936
772.83,345.41788
773.018,415.54669
773.206,397.88878
773.394,442.66126
773.583,422.43988
773.771,405.80316
773.959,462.80169
774.147,443.42924
774.335,422.18993
774.523,437.77315
774.711,477.02733
774.899,474.87509
775.087,418.59077
775.275,506.99564
775.463,456.56565
775.651,424.35165
775.839,443.47835
776.027,437.77315
776.215,482.68948
776.403,445.50486
776.591,503.44328
776.779,529.20867
776.967,484.34135
777.155,424.27346
777.343,472.25178
777.531,516.08375
777.718,519.18497
777.906,493.10802
778.094,493.59938
778.282,461.34809
778.47,554.01114
778.657,530.37639
778.845,541.5083
779.033,471.26253
779.22,459.99932
779.408,402.07462
779.596,540.81688
779.783,568.55359
779.971,524.61705
780.159,499.26099
780.346,498.00395
780.534,419.6407
780.722,471.8027
780.909,500.16903
781.097,470.37709
781.284,478.33282
781.472,526.79674
781.659,478.10319
781.847,510.02614
782.034,513.54217
782.222,464.57943
782.409,465.75913
782.597,483.07226
782.784,524.50179
782.971,531.72034
783.159,452.3219
783.346,504.86834
783.533,472.89723
783.721,474.68239
783.908,498.35267
784.095,467.00813
784.283,456.66639
784.47,444.6066
784.657,420.81401
784.844,451.4271
785.032,454.8638
785.219,471.41888
785.406,447.92546
785.593,426.6542
785.78,464.52812
785.968,432.46983
786.155,454.83013
786.342,479.17888
786.529,463.41714
786.716,458.14904
786.903,481.73856
787.09,409.69624
787.277,429.08442
787.464,432.53392
787.651,467.04263
787.838,422.11205
788.025,458.06438
788.212,460.33864
788.399,445.81727
788.586,505.99729
788.773,426.93837
788.96,414.29643
789.147,402.07462
789.334,419.05459
789.521,365.47036
789.707,464.87103
789.894,444.7052
790.081,372.32212
790.268,359.77762
790.455,436.30945
790.641,478.42136
790.828,383.86998
791.015,460.40673
791.202,407.12881
791.388,442.51368
791.575,435.87178
791.762,388.00957
791.948,395.73511
792.135,480.78729
792.322,426.17391
792.508,471.34934
792.695,397.14473
792.881,406.12075
793.068,343.18752
793.254,330.86828
793.441,358.74333
793.627,358.06958
793.814,402.41735
794.0,324.23506
794.187,355.51874
794.373,451.36036
794.56,419.10119
794.746,381.19527
794.933,346.40407
795.119,444.00467
795.305,452.77378
795.492,324.38064
795.678,442.67768
795.864,420.35449
796.051,385.53712
796.237,393.43427
796.423,367.87703
796.61,328.69851
796.796,314.06088
796.982,315.318
797.168,392.56884
797.355,351.07158
797.541,372.25282
797.727,400.44347
797.913,349.64414
798.099,343.03428
798.285,356.70019
798.471,364.75038
798.658,444.45901
798.844,411.64629
799.03,346.24981
799.216,376.76626
799.402,401.06573
799.588,389.12385
799.774,359.06445
799.96,393.77139
800.146,378.99503
800.332,384.78127
800.518,405.74287
800.704,354.14027
800.89,359.88457
801.075,352.19988
801.261,317.57429
801.447,314.06088
801.633,284.97085
801.819,384.6235
802.005,279.44969
802.19,369.12957
802.376,456.21264
802.562,365.45678
802.748,425.85713
802.934,357.78862
803.119,362.51914
803.305,364.38306
803.491,376.89266
803.676,342.14884
803.862,399.19518
804.048,389.21088
804.233,383.3808
804.419,319.90261
804.605,339.95585
804.79,319.83075
804.976,351.18956
805.161,325.58247
805.347,346.61053
805.532,300.65638
805.718,350.074
805.903,336.72193
806.089,424.75996
806.274,294.89833
806.46,338.87813
806.645,383.46635
806.831,331.21502
807.016,408.15166
807.201,351.12398
807.387,334.21461
807.572,321.84696
807.757,352.02941
807.943,331.0537
808.128,288.48252
808.313,337.77488
808.499,365.40248
808.684,426.17391
808.869,331.98376
809.054,362.26189
809.24,323.11909
809.425,299.55124
809.61,330.95471
809.795,350.24441
809.98,332.02091
810.165,376.4168
810.35,421.75022
810.536,319.78291
810.721,305.15546
810.906,383.63787
811.091,365.75651
811.276,277.15315
811.461,344.31555
811.646,392.39345
811.831,350.06092
812.016,335.54291
812.201,285.17364
812.386,318.66674
812.571,289.56711
812.756,328.88298
812.941,325.04822
813.125,360.30123
813.31,316.31612
813.495,341.35271
813.68,308.76984
813.865,369.04688
814.05,270.76571
814.234,299.66328
814.419,405.74287
814.604,370.48044
814.789,273.96631
814.973,350.13947
815.158,269.51533
815.343,296.52414
815.528,314.61497
815.712,307.43386
815.897,280.5353
816.081,282.83262
816.266,274.96031
816.451,303.22953
816.635,342.4821
816.82,272.69521
817.004,273.94575
817.189,336.97488
817.374,282.80086
817.558,274.00748
817.743,269.70826
817.927,319.97459
818.111,294.37739
818.296,321.24825
818.48,253.98415
818.665,286.45253
818.849,334.64011
819.034,266.26142
819.218,203.41432
819.402,258.35301
819.587,239.38741
819.771,301.11927
819.955,222.70978
820.14,283.03437
820.324,246.1589
820.508,271.72057
820.692,270.88837
820.877,241.45325
821.061,270.92935
821.245,140.62755
821.429,252.75066
821.613,213.64629
821.798,186.7579
821.982,201.13622
822.166,219.34777
822.35,234.09166
822.534,224.87418
822.718,233.84291
822.902,216.08401
823.086,242.68136
823.27,228.15678
823.454,192.35039
823.638,181.12221
823.822,177.77084
824.006,211.40532
824.19,144.00539
824.374,242.99382
824.558,211.35729
824.742,206.90721
824.926,230.50933
825.11,172.06337
825.294,208.22554
825.477,150.65285
825.661,180.028
825.845,149.61079
826.029,150.74429
826.213,176.60205
826.396,186.85036
826.58,188.88619
826.764,208.09092
826.948,159.75625
827.131,174.22683
827.315,192.31389
827.499,196.98482
827.682,204.8137
827.866,190.10784
828.05,228.35564
828.233,176.50835
828.417,207.99628
828.6,197.91099
828.784,249.59244
828.967,270.90885
829.151,238.50282
829.335,242.96614
829.518,159.78663
829.701,174.16106
829.885,212.63879
830.068,201.41838
830.252,195.67678
830.435,147.47322
830.619,207.91765
830.802,173.24387
830.985,240.45235
831.169,237.31017
831.352,209.19592
831.535,187.91513
831.719,200.09186
831.902,166.49398
832.085,174.37217
832.269,304.30121
832.452,186.82899
832.635,195.70647
832.818,160.99473
833.002,204.6194
833.185,237.27418
833.368,300.2054
833.551,214.75044
833.734,211.3413
833.917,196.96229
834.1,264.294
834.284,179.93913
834.467,212.54194
834.65,208.14628
834.833,181.08782
835.016,243.90156
835.199,228.1654
835.382,167.66039
835.565,211.31733
835.748,154.16905
835.931,178.79754
836.114,223.58497
836.297,206.8602
836.479,215.8544
836.662,209.14834
836.845,214.80742
837.028,209.99137
837.211,173.12568
837.394,205.84904
837.577,217.21362
837.759,190.18015
837.942,178.72986
838.125,229.08646
838.308,171.01341
838.49,190.01414
838.673,470.98553
838.856,116.95525
839.039,254.10904
839.221,138.388
839.404,202.2256
839.587,177.44845
839.769,170.02109
839.952,208.01203
840.134,174.20708
840.317,165.47922
840.499,191.09874
840.682,202.37843
840.865,186.765
841.047,169.80125
841.23,174.28618
841.412,221.34616
841.595,218.29339
841.777,192.37962
841.959,216.94995
842.142,192.27017
842.324,212.42132
842.507,278.64644
842.689,202.48591
842.871,210.3566
843.054,250.43793
843.236,210.30072
843.418,259.73609
843.601,181.17733
843.783,225.89178
843.965,206.97
844.147,164.294
844.33,201.09073
844.512,209.18799
844.694,203.64569
844.876,186.71534
845.059,221.32947
845.241,266.28149
845.423,200.198
845.605,218.33495
845.787,222.55798
845.969,222.55798
846.151,311.14422
846.333,211.60631
846.515,250.79754
846.697,239.29712
846.879,202.36311
847.061,223.69474
847.243,219.26459
847.425,160.98244
847.607,232.73184
847.789,204.66591
847.971,186.64456
848.153,251.64149
848.335,211.3733
848.517,186.72243
848.699,185.69995
848.881,219.12371
849.062,193.42023
849.244,211.3733
849.426,260.64874
849.608,199.19058
849.789,167.53949
849.971,237.06799
850.153,211.48555
850.335,178.88579
850.516,167.54584
850.698,176.62218
850.88,176.56855
851.061,249.46042
851.243,214.67735
851.425,152.95939
851.606,169.94974
851.788,160.90885
851.969,182.11253
852.151,181.05348
852.333,278.64644
852.514,174.46511
852.696,296.63586
852.877,247.40936
853.059,199.1224
853.24,248.28518
853.422,206.63408
853.603,191.42595
853.784,259.83461
853.966,186.6587
854.147,236.10936
854.329,148.51127
854.51,210.09412
854.691,191.00496
854.873,169.77552
855.054,201.46441
855.235,210.28478
855.416,118.17186
855.598,219.05763
855.779,214.86451
855.96,183.41407
856.141,166.59542
856.323,198.04633
856.504,206.96215
856.685,198.1067
856.866,222.66754
857.047,242.73629
857.228,157.56607
857.409,204.6194
857.591,161.90806
857.772,232.58241
857.953,206.92289
858.134,136.09639
858.315,195.87784
858.496,183.33741
858.677,209.15626
858.858,195.70647
859.039,176.66248
859.22,186.7508
859.401,142.89935
859.582,204.74359
859.762,157.43439
859.943,224.88269
860.124,184.64841
860.305,133.69002
860.486,185.5518
860.667,168.76318
860.848,128.31321
861.028,163.24645
861.209,202.65564
861.39,158.56195
861.571,161.99406
861.751,191.35289
861.932,200.09186
862.113,164.19415
862.293,190.20913
862.474,174.38542
862.655,157.46425
862.835,153.09913
863.016,168.68631
863.197,154.12215
863.377,159.71378
863.558,134.04602
863.738,192.45284
863.919,120.45033
864.099,292.29566
864.28,188.08012
864.46,249.34766
864.641,183.33045
864.821,184.57095
865.002,146.24439
865.182,141.72835
865.363,133.96404
865.543,225.03641
865.723,173.16501
865.904,163.24022
866.084,156.32466
866.264,196.86489
866.445,159.71984
866.625,159.76232
866.805,213.4607
866.986,221.52193
867.166,218.36824
867.346,232.67902
867.526,137.3492
867.707,141.79843
867.887,192.24105
868.067,164.35662
868.247,233.97593
868.427,172.14834
868.607,133.8316
868.788,163.09736
868.968,163.10975
869.148,202.5398
869.328,167.57125
869.508,165.45398
869.688,147.40019
869.868,91.14709
870.048,156.54515
870.228,95.69197
870.408,104.57101
870.588,166.52563
870.768,175.49384
870.948,207.08023
871.128,91.20272
871.307,168.89187
871.487,201.57981
871.667,167.73068
871.847,153.05245
872.027,166.5193
872.207,151.95889
872.387,144.09317
872.566,148.52257
872.746,224.93385
872.926,130.56435
873.106,165.43507
873.285,137.39119
873.465,108.0407
873.645,186.87887
873.824,140.65964
874.004,130.60421
874.184,123.85348
874.363,126.12948
874.543,167.69232
874.723,109.22655
874.902,156.34245
875.082,142.88305
875.261,178.94026
875.441,190.04294
875.62,115.9696
875.8,149.83359
875.979,133.94871
876.159,139.63819
876.338,123.9341
876.518,142.87219
876.697,146.33349
876.876,147.45634
877.056,154.128
877.235,161.01318
877.415,55.18035
877.594,130.52954
877.773,141.80924
877.953,114.85025
878.132,141.9176
878.311,145.26607
878.49,139.6756
878.67,139.48396
878.849,173.46872
879.028,128.41131
879.207,112.49535
879.387,180.01431
879.566,136.21557
879.745,147.45072
879.924,176.58865
880.103,112.67158
880.282,108.05305
880.461,30.41829
880.64,113.70906
880.819,145.16634
880.998,163.31511
881.178,105.90717
881.357,114.8898
881.536,162.08039
881.715,158.66437
881.893,73.24056
882.072,138.51471
882.251,151.94152
882.43,124.75883
882.609,92.3093
882.788,146.46788
882.967,134.03062
883.146,142.97561
883.325,83.36082
883.503,105.84636
883.682,132.90684
883.861,140.79934
884.04,81.16389
884.219,159.96981
884.397,122.73925
884.576,160.7989
884.755,92.38702
884.933,143.0686
885.112,163.15315
885.291,69.88571
885.469,144.15925
885.648,134.04088
885.827,129.46594
886.005,93.57661
886.184,130.66416
886.363,119.40904
886.541,121.74619
886.72,110.35472
886.898,362.20791
887.077,94.59327
887.255,104.71833
887.434,99.0599
887.612,127.15616
887.791,120.52863
887.969,136.18441
888.147,120.46412
888.326,105.8585
888.504,159.81097
888.682,155.48143
888.861,115.96074
889.039,201.42605
889.218,150.76721
889.396,63.0838
889.574,199.20576
889.752,86.679
889.931,138.3302
890.109,108.03659
890.287,121.56445
890.465,145.28273
890.643,102.45456
890.822,146.24439
891.0,144.09317
891.178,194.61494
891.356,95.71756
891.534,88.92702
891.712,93.51908
891.89,149.68479
892.068,154.32811
892.247,116.0184
892.425,114.87661
892.603,149.67339
892.781,65.31929
892.959,132.84082
893.137,173.27022
893.314,115.92537
893.492,117.07988
893.67,70.94621
893.848,154.19254
894.026,157.59611
894.204,139.62752
894.382,119.4182
894.56,132.95779
894.738,103.47208
894.915,118.24405
895.093,147.51829
895.271,130.4948
895.449,129.48077
895.626,199.41143
895.804,112.60257
895.982,155.30917
896.16,124.98659
896.337,94.644
896.515,42.81011
896.693,87.81308
896.87,114.79768
897.048,89.10466
897.225,74.35735
897.403,157.62619
897.581,163.16557
897.758,194.60016
897.936,49.55633
898.113,126.13914
898.291,61.96324
898.468,145.18846
898.646,156.73765
898.823,173.25704
899.001,171.30124
899.178,106.99081
899.356,83.33848
899.533,100.34123
899.71,100.24879
899.888,105.82211
900.065,70.92995
900.242,36.08111
900.42,132.92721
900.597,59.76054
900.774,111.51279
900.952,74.4174
901.129,45.11532
901.306,48.47934
901.483,81.06129
901.661,85.65326
901.838,80.08136
902.015,63.10074
902.192,130.7193
902.369,21.43101
902.546,103.69362
902.723,10.14137
902.901,85.68952
903.078,89.00869
903.255,117.14705
903.432,65.41221
903.609,102.48198
903.786,60.87286
903.963,77.75963
904.14,98.98829
904.317,86.76195
904.494,73.29127
904.671,82.23589
904.848,126.27966
905.024,50.75572
905.201,47.32371
905.378,23.68965
905.555,67.59757
905.732,118.28933
905.909,89.09778
906.086,133.98962
906.262,56.35291
906.439,157.56607
906.616,68.74927
906.793,75.50281
906.969,53.00335
907.146,47.32189
907.323,5.64367
907.5,36.07278
907.676,62.02522
907.853,163.41535
908.03,38.32143
908.206,47.34553
908.383,111.56412
908.559,89.0806
908.736,86.78195
908.912,59.76515
909.089,63.12256
909.266,94.52833
909.442,32.69284
909.619,41.70194
909.795,81.13582
909.972,82.29909
910.148,103.58638
910.324,43.95441
910.501,41.72281
910.677,78.91237
910.854,49.61729
911.03,61.96324
911.206,22.56375
911.383,86.7088
911.559,50.72053
911.735,83.3896
911.912,117.16051
912.088,65.43496
912.264,147.60873
912.44,142.99745
912.617,105.82211
912.793,78.92148
912.969,78.88204
913.145,73.26307
913.321,87.93436
913.498,61.94188
913.674,100.22961
913.85,81.10471
914.026,92.36577
914.202,25.89403
914.378,19.15666
914.554,92.4154
914.73,82.195
914.906,80.06282
915.082,96.96826
915.258,42.8249
915.434,66.49519
915.61,20.3011
915.786,57.48329
915.962,72.24048
916.138,74.38876
916.314,36.09364
916.49,65.40717
916.665,117.27768
916.841,72.14287
917.017,14.65992
917.193,105.88281
917.369,74.40594
917.545,105.91529
917.72,52.99927
917.896,72.19574
918.072,77.76859
918.247,65.35183
918.423,30.45459
918.599,47.36012
918.775,23.66775
918.95,31.56975
919.126,103.6737
919.301,86.83543
919.477,56.34425
919.653,5.64301
919.828,88.96099
920.004,37.21223
920.179,78.88204
920.355,200.06161
920.53,64.18941
920.706,76.70207
920.881,11.27665
921.057,31.56732
921.232,107.02359
921.408,78.93974
921.583,38.33914
921.759,80.01969
921.934,67.66259
922.109,40.58813
922.285,102.7231
922.46,50.76553
922.635,33.82474
922.811,116.1075
922.986,36.10201
923.161,58.59803
923.336,59.76515
923.512,100.268
923.687,46.25124
923.862,58.63411
924.037,49.62877
924.212,66.51053
924.388,39.47666
924.563,50.71079
924.738,73.2209
924.913,39.50416
925.088,-24.80863
925.263,61.94425
925.438,24.81917
925.613,102.55665
925.788,64.28814
925.963,60.91748
926.138,92.55822
926.313,32.70039
926.488,24.79907
926.663,83.44095
926.838,82.21071
927.013,58.62959
927.188,-1.12756
927.363,38.34505
927.538,30.45107
927.713,86.76528
927.888,16.90813
928.062,78.93061
928.237,57.47004
928.412,46.22271
928.587,31.56611
928.761,39.44777
928.936,59.71918
929.111,31.59659
929.286,54.11961
929.46,46.20671
929.635,75.56096
929.81,99.231
929.984,55.26522
930.159,5.63194
930.334,-23.6632
930.508,60.89866
930.683,50.72639
930.857,81.18265
931.032,53.03409
931.206,-4.5124
931.381,103.75353
931.556,42.85624
931.73,72.20412
931.904,63.12499
932.079,45.11532
932.253,86.82538
932.428,6.76494
932.602,48.49242
932.777,50.82069
932.951,5.63843
933.125,14.64752
933.3,66.47987
933.474,57.50542
933.648,30.43464
933.823,31.57706
933.997,41.7212
934.171,53.05053
934.345,10.14879
934.52,-13.54192
934.694,46.20848
934.868,63.17125
935.042,21.44594
935.217,37.21223
935.391,-24.8413
935.565,-2.25742
935.739,43.98319
935.913,13.52365
936.087,45.0512
936.261,10.14957
936.435,-4.51275
936.609,11.27839
936.783,28.1987
936.957,21.42687
937.131,78.93365
937.305,-16.90683
937.479,-6.77201
937.653,15.80013
937.827,60.91984
938.001,12.41944
938.175,12.40455
938.349,33.82865
938.523,7.89991
938.697,32.73075
938.87,7.89991
939.044,-2.25672
939.218,-9.0318
939.392,36.07416
939.566,-4.51555
939.739,33.81302
939.913,2.25751
940.087,-20.31288
940.261,-33.86793
940.434,-4.51467
940.608,54.14886
940.782,62.02522
940.955,-11.28755
941.129,5.63843
941.302,24.80098
941.476,-11.28799
941.65,-38.35987
941.823,-21.44428
941.997,39.48581
942.17,33.8404
942.344,25.97197
942.517,55.21631
942.691,9.02306
942.864,24.82877
943.038,34.96234
943.211,6.77043
943.385,-28.21616
943.558,22.54201
943.731,131.67737
943.905,5.63996
944.078,31.56489
944.251,-4.5124
944.425,-1.12803
944.598,14.65371
944.771,14.68839
944.945,-2.25725
945.118,28.21835
945.291,22.55504
945.464,29.31477
945.638,-3.38502
945.811,52.98906
945.984,3.38098
946.157,41.73731
946.33,-21.44594
946.503,3.38791
946.677,20.32549
946.85,45.13451
947.023,-23.69882
947.196,28.17156
947.369,27.0954
947.542,-45.15375
947.715,57.48992
947.888,15.78183
948.061,2.25472
948.234,13.52781
948.407,-10.15742
948.58,-29.34083
948.753,43.99678
948.926,-3.38397
949.099,-9.03355
949.271,-15.79035
949.444,28.20414
949.617,-27.09855
949.79,-29.33969
949.963,49.66336
950.136,60.91984
950.308,22.58388
950.481,4.51135
950.654,38.36581
950.827,-1.12847
950.999,-11.28318
951.172,0.0
951.345,-30.45577
951.517,22.55678
951.69,1.12952
951.863,-3.3845
952.035,47.4096
952.208,28.20305
952.381,4.5173
952.553,-31.62236
952.726,51.90068
952.898,-22.56375
953.071,-5.64236
953.243,36.06861
953.416,-24.85485
953.588,63.14931
953.761,-24.83937
953.933,-7.89411
954.106,49.68264
954.278,56.40725
954.45,15.78548
954.623,13.5393
954.795,-1.12734
954.967,-7.89655
955.14,-14.67525
955.312,3.38189
955.484,76.72283
955.657,23.7163
955.829,-18.04542
956.001,13.5372
956.173,-67.70182
956.346,-11.28318
956.518,-25.96692
956.69,-1.12834
956.862,-33.86399
957.034,41.72603
957.207,11.28668
957.379,75.60771
957.551,24.81054
957.723,16.91791
957.895,13.54297
958.067,-12.41126
958.239,36.1076
958.411,-15.79279
958.583,20.29406
958.755,25.95183
958.927,27.09329
959.099,16.91464
959.271,28.2315
959.443,-33.84825
959.615,38.36135
959.787,50.74397
959.959,-4.51118
960.13,37.21941
960.302,60.9387
960.474,46.27093
960.646,-23.68873
960.818,39.46752
960.99,84.68481
961.161,-94.86365
961.333,55.23541
961.505,34.92872
961.677,-6.76965
961.848,0.0
962.02,-24.81533
962.192,-51.93893
962.363,-51.90068
962.535,54.13631
962.707,30.46166
962.878,-34.98533
963.05,59.80441
963.221,-22.55852
963.393,-4.5117
963.564,10.13477
963.736,31.56611
963.907,93.62716
964.079,-20.30973
964.25,1.12725
964.422,43.97471
964.593,-10.16057
964.765,44.02064
964.936,16.91791
965.108,-10.15506
965.279,16.91204
965.45,7.89655
965.622,0.0
965.793,10.15939
965.964,-6.76573
966.136,31.61498
966.307,-29.32495
966.478,28.19652
966.65,-42.88941
966.821,-16.92772
966.992,24.81725
967.163,6.76834
967.334,-12.40886
967.506,-18.05379
967.677,33.84432
967.848,-18.05239
968.019,1.12847
968.19,-10.16176
968.361,3.38332
968.532,1.12799
968.703,32.71555
968.874,42.87778
969.045,27.06291
969.216,13.52572
969.387,-16.91856
969.558,22.562
969.729,11.28318
969.9,-13.53302
970.071,10.15506
970.242,9.02375
970.413,90.16135
970.584,-1.12808
970.755,-49.65181
970.926,-18.05379
971.097,11.27317
971.267,-18.04542
971.438,-16.93232
971.609,14.66615
971.78,42.8579
971.951,-19.1803
972.121,27.06709
972.292,69.95314
972.463,41.75346
972.633,-37.22516
972.804,-6.77148
972.975,33.84694
973.145,6.77332
973.316,-7.89807
973.487,-16.9166
973.657,9.03285
973.828,30.45695
973.998,29.33515
974.169,9.01993
974.339,-16.92772
974.51,13.53616
974.68,20.31603
974.851,64.36039
975.021,72.17345
975.192,91.34638
975.362,47.351
975.533,-24.84614
975.703,66.52334
975.874,60.87755
976.044,-6.77675
976.214,-11.27621
976.385,50.73615
976.555,42.83973
976.725,0.0
976.896,-5.63518
977.066,-12.40264
977.236,12.41222
977.406,41.73086
977.577,6.76939
977.747,50.7069
977.917,9.01888
978.087,15.8081
978.257,45.1101
978.427,100.44985
978.598,50.77338
978.768,-19.1803
978.938,-22.54288
979.108,36.12159
979.278,23.66502
979.448,-14.65202
979.618,-3.38515
979.788,48.50928
979.958,39.45384
980.128,39.46144
980.298,22.53941
980.468,6.76991
980.638,33.84171
980.808,19.2019
980.978,12.40551
981.148,25.95585
981.317,-2.25681
981.487,-15.80319
981.657,24.83648
981.827,19.1803
981.997,-12.41896
982.167,-44.02918
982.336,9.02655
982.506,36.10061
982.676,62.05879
982.846,52.93416
983.015,81.12336
983.185,1.12856
983.355,24.80958
983.524,86.84548
983.694,-48.55066
983.864,13.52937
984.033,0.0
984.203,30.46166
984.372,-1.12838
984.542,-4.51327
984.712,-29.32495
984.881,-22.57511
985.051,33.84694
985.22,-1.1286
985.39,3.38515
985.559,45.07365
985.728,-27.05666
985.898,20.31288
986.067,25.93179
986.237,87.9479
986.406,15.79157
986.576,-34.96504
986.745,42.89939
986.914,-12.41174
987.084,64.28069
987.253,3.38594
987.422,19.17956
987.591,23.70249
987.761,3.38725
987.93,23.68507
988.099,27.0577
988.268,24.79812
988.438,57.51651
988.607,33.83909
988.776,0.0
988.945,25.9428
989.114,13.52885
989.283,16.92707
989.452,-38.3126
989.621,69.88571
989.791,-14.66729
989.96,-41.76641
990.129,-19.17882
990.298,51.84268
990.467,13.53198
990.636,-29.33401
990.805,27.0954
990.974,18.0496
991.142,-12.42912
991.311,78.91541
991.48,81.21084
991.649,3.38489
991.818,71.08555
991.987,-7.88622
992.156,-55.33163
992.325,57.51873
992.493,37.23956
992.662,368.63547
992.831,25.95183
993.0,47.29833
993.168,30.46401
993.337,3.38502
993.506,19.16919
993.675,-25.96592
993.843,38.34801
994.012,-50.77535
994.181,99.05612
994.349,12.41655
994.518,-11.27361
994.686,2.25655
994.855,15.78123
995.024,41.74538
995.192,85.69612
995.361,27.065
995.529,-6.77043
995.698,-49.66143
995.866,-33.8653
996.035,-22.55591
996.203,48.51303
996.371,66.5413
996.54,50.75964
996.708,133.07037
996.877,41.74538
997.045,-37.26559
997.213,6.77043
997.382,25.95484
997.55,63.15418
997.718,42.78718
997.887,39.50263
998.055,46.21204
998.223,-22.56812
998.391,57.55209
998.56,34.96639
998.728,5.63908
998.896,-4.51537
999.064,48.5337
999.232,47.36012
999.401,109.31868
999.569,2.25568
999.737,3.38752
999.905,-28.22163
1000.073,-3.38306
1000.241,59.81136
1000.409,6.76991
1000.577,57.49877
1000.745,9.03039
1000.913,18.05589
1001.081,-7.88834
1001.249,16.91204
1001.417,87.93774
1001.585,-1.12821
1001.753,31.59781
1001.921,-44.02405
1002.089,-21.43515
1002.256,-22.55243
1002.424,16.91725
1002.592,30.44989
1002.76,-6.76729
1002.928,-7.90267
1003.096,-29.36133
1003.263,41.71317
1003.431,16.90748
1003.599,16.92969
1003.767,65.48062
1003.934,19.16698
1004.102,-9.03425
1004.27,0.0
1004.437,55.26949
1004.605,-5.64432
1004.773,59.74673
1004.94,37.21654
1005.108,16.91791
1005.275,12.41126
1005.443,18.03985
1005.61,36.0825
1005.778,2.25716
1005.945,-18.05239
1006.113,-27.065
1006.28,-5.63756
1006.448,3.38502
1006.615,40.6242
1006.783,16.93035
1006.95,33.84171
1007.118,-5.64367
1007.285,-15.79707
1007.452,-1.1283
1007.62,-40.63364
1007.787,23.69606
1007.954,5.64454
1008.122,74.30616
1008.289,-6.77043
1008.456,-47.39491
1008.623,37.22804
1008.791,50.76749
1008.958,14.66162
1009.125,-48.47188
1009.292,-21.44345
1009.459,55.22267
1009.627,-11.28843
1009.794,15.80626
1009.961,39.44777
1010.128,-14.66729
1010.295,10.15624
1010.462,2.25664
1010.629,-9.03566
1010.796,62.07321
1010.963,-30.44754
1011.13,-11.28013
1011.297,-6.77411
1011.464,-7.89716
1011.631,50.73811
1011.798,51.91274
1011.965,31.57706
1012.132,25.95685
1012.299,30.45812
1012.466,20.28859
1012.633,24.83455
1012.799,0.0
1012.966,-29.31703
1013.133,21.45177
1013.3,-7.89655
1013.467,18.04055
1013.633,5.64083
1013.8,39.47209
1013.967,31.61375
1014.134,20.28703
1014.3,25.9298
1014.467,28.21616
1014.634,28.19761
1014.8,-20.30423
1014.967,-14.66899
1015.134,20.32075
1015.3,31.59292
1015.467,27.07755
1015.633,47.41697
1015.8,10.1531
1015.966,32.72567
1016.133,48.50928
1016.3,44.00189
1016.466,9.03285
1016.632,-18.05659
1016.799,29.35449
1016.965,50.78715
1017.132,14.65823
1017.298,-13.53354
1017.465,-11.28013
1017.631,27.06918
1017.797,2.25681
1017.964,13.53198
1018.13,53.00744
1018.296,57.50985
1018.463,-12.40025
1018.629,85.72588
1018.795,0.0
1018.961,0.0
1019.128,28.21397
1019.294,10.15742
1019.46,9.02515
1019.626,-5.64367
1019.792,19.18327
1019.959,1.129
1020.125,-14.66785
1020.291,32.69787
1020.457,-7.89655
1020.623,42.85459
1020.789,-9.02201
1020.955,-66.66538
1021.121,6.76494
1021.287,40.59125
1021.453,27.06187
1021.619,-3.38463
1021.785,2.25725
1021.951,9.02969
1022.117,-65.43243
1022.283,-9.0241
1022.449,59.82759
1022.615,28.21506
1022.781,33.83517
1022.946,25.94982
1023.112,13.54927
1023.278,18.05869
1023.444,-25.96491
1023.61,30.45459
1023.775,-9.02306
1023.941,-5.63713
1024.107,-6.77175
1024.273,-2.25524
1024.438,-22.56637
1024.604,-13.53825
1024.77,137.21336
1024.935,45.13975
1025.101,4.51555
1025.267,49.63644
1025.432,23.68416
1025.598,12.41078
1025.763,41.73247
1025.929,-2.25699
1026.095,16.92707
1026.26,14.65371
1026.426,-81.31163
1026.591,44.00189
1026.757,46.26556
1026.922,39.49804
1027.087,11.27882
1027.253,-56.4269
1027.418,-3.38699
1027.584,76.62826
1027.749,-69.9721
1027.914,2.25542
1028.08,10.16334
1028.245,-5.64323
1028.41,-5.64061
1028.576,42.83643
1028.741,-9.02759
1028.906,5.64454
1029.072,10.15506
1029.237,7.8996
1029.402,4.51066
1029.567,37.14948
1029.732,81.22967
1029.898,12.40455
1030.063,21.42852
1030.228,-41.74376
1030.393,-28.20524
1030.558,-13.54244
1030.723,-6.77096
1030.888,-25.95082
1031.053,6.77227
1031.218,-22.57774
1031.383,41.75831
1031.548,16.9166
1031.713,-37.25401
1031.878,10.1586
1032.043,-25.96592
1032.208,39.49039
1032.373,11.2959
1032.538,54.02842
1032.703,-13.54244
1032.868,9.01819
1033.033,-36.14406
1033.198,-65.49844
1033.362,19.17733
1033.527,-22.57249
1033.692,7.8932
1033.857,57.47224
1034.021,36.08528
1034.186,-2.25795
1034.351,37.25545
1034.516,22.55765
1034.68,-13.53354
1034.845,22.58388
1035.01,-28.20087
1035.174,-21.44594
1035.339,24.81629
1035.504,-38.36878
1035.668,46.21559
1035.833,-7.89716
1035.997,-37.24245
1036.162,3.38725
1036.326,20.31366
1036.491,-15.79829
1036.655,9.0262
1036.82,-13.52261
1036.984,40.60692
1037.149,15.78426
1037.313,-7.89198
1037.478,14.66729
1037.642,0.0
1037.807,13.54349
1037.971,23.69056
1038.135,-16.91856
1038.3,-10.15742
1038.464,-5.63064
1038.628,-56.43565
1038.792,-9.01507
1038.957,-9.03672
1039.121,-18.03777
1039.285,20.29093
1039.449,-14.66445
1039.614,19.18773
1039.778,-21.43515
1039.942,33.86399
1040.106,22.56637
1040.27,-1.12821
1040.434,20.30345
1040.599,-33.85218
1040.763,-12.40742
1040.927,12.40599
1041.091,24.82685
1041.255,21.43763
1041.419,-27.0786
1041.583,-16.92707
1041.747,56.35508
1041.911,13.53198
1042.075,-6.76625
1042.239,-48.52806
1042.403,57.51873
1042.567,71.03067
1042.731,87.97505
1042.894,-4.51415
1043.058,21.43763
1043.222,20.33182
1043.386,38.36729
1043.55,21.43183
1043.714,25.95685
1043.877,-38.35542
1044.041,-27.06187
1044.205,56.4466
1044.369,2.25646
1044.532,2.25542
1044.696,-42.8728
1044.86,-3.38804
1045.023,34.97044
1045.187,54.11128
1045.351,12.40025
1045.514,-31.6113
1045.678,-6.76703
1045.841,14.65597
